iter,ss_mse,ss_mse_db,ep_mse,ep_mse_db,mean_mu,mean_lam,time_s,lr
0,0.06156667321920395,-12.106543130504292,0.06885519623756409,-11.620632796252025,0.7297266721725464,0.978583574295044,9.44704024499515,0.00029999981556180566
1,0.04756296053528786,-13.227311207363329,0.06965061277151108,-11.570750583850346,0.9849737286567688,0.9643068313598633,9.059391399991,0.0002999992622476778
2,0.06795906275510788,-11.677526192476261,0.09266002476215363,-10.331075880687631,1.0023982524871826,0.9616758823394775,9.264823478995822,0.0002999983400589816
3,0.05241567641496658,-12.805388053300595,0.0654609426856041,-11.840177448171612,0.7907989025115967,0.9857563376426697,9.051755633001449,0.0002999970489979925
4,0.06013636291027069,-12.20862841871202,0.05342239513993263,-12.722766447090306,0.7819392681121826,0.9895783066749573,9.17683164299524,0.00029999538906789607
5,0.039204519242048264,-14.0666386743895,0.05583508312702179,-12.530928329419623,0.8626588582992554,0.9874793887138367,8.967538277996937,0.00029999336027278803
6,0.03836478665471077,-14.160672125422312,0.053774960339069366,-12.694199012398094,0.9700373411178589,0.9904544949531555,9.521828156997799,0.0002999909626176742
7,0.06215084344148636,-12.065529732181194,0.0907263457775116,-10.422665810238332,0.8903715014457703,0.9734336733818054,9.329113455998595,0.00029998819610847056
8,0.046765152364969254,-13.300776463374413,0.05900496244430542,-12.29111461714069,0.9086997509002686,0.9818190336227417,8.998278451006627,0.0002999850607520032
9,0.04405846819281578,-13.559706062896012,0.05657629668712616,-12.473654835412503,0.8397322297096252,0.9925376176834106,8.766592546002357,0.0002999815565560083
10,0.09939876943826675,-10.026189921524269,0.09390164911746979,-10.27326780505323,0.6756277680397034,0.9904052019119263,8.940290257000015,0.00029997768352913216
11,0.048918936401605606,-13.10522993980413,0.047195497900247574,-13.260994278468381,0.591421365737915,0.9919641017913818,8.858597869009827,0.000299973441680931
12,0.059992410242557526,-12.219036895803034,0.06173784285783768,-12.0944854898528,0.5119455456733704,0.9950259327888489,9.574568242009263,0.0002999688310218713
13,0.08616301417350769,-10.646791168542327,0.05933824181556702,-12.266653259105695,0.4828416407108307,0.9989071488380432,10.135666912989109,0.0002999638515633292
14,0.06356504559516907,-11.967816371474216,0.06341606378555298,-11.97800717982721,0.632723331451416,0.9833517670631409,9.008723677005037,0.0002999585033175912
15,0.032330457121133804,-14.903881548311666,0.03923603147268295,-14.06314925763036,0.8969609141349792,0.9857356548309326,9.748499188994174,0.0002999527862978534
16,0.08403896540403366,-10.755193027873919,0.07245022058486938,-11.399602879142694,0.6609423160552979,0.9855785369873047,9.415106505010044,0.00029994670051822214
17,0.10459772497415543,-9.804777613720052,0.09023553878068924,-10.446223842205335,0.7895826697349548,0.9829232692718506,9.233369914989453,0.0002999402459937134
18,0.04396871477365494,-13.568562288181607,0.0493617057800293,-13.066098409017153,0.8852510452270508,0.9794760346412659,9.248830595999607,0.0002999334227402531
19,0.07579240947961807,-11.2037428626436,0.07620000839233398,-11.18044980823412,0.9551642537117004,0.9694743156433105,9.139497573007247,0.00029992623077467693
20,0.06332095712423325,-11.984525292003052,0.04841523990035057,-13.150179118418134,0.8223345279693604,0.985755443572998,9.095203253993532,0.0002999186701147303
21,0.04975956305861473,-13.031234418548461,0.06596174836158752,-11.80707841593906,0.6734697818756104,0.9795865416526794,9.06288709299406,0.0002999107407790685
22,0.03203891962766647,-14.943221370078783,0.04902765527367592,-13.09558876193335,0.6976703405380249,0.9936739802360535,9.483969576991512,0.00029990244278725624
23,0.05768311768770218,-12.38951274668512,0.062331944704055786,-12.052893232684456,0.754158079624176,0.9873532652854919,9.200796122007887,0.0002998937761597681
24,0.03564795106649399,-14.479654269805105,1.1110560894012451,0.45735983966081606,0.9888442754745483,0.9708322882652283,8.961178333003772,0.0002998847409179881
25,0.0783601626753807,-11.059046710772355,0.07360269874334335,-11.331062613651001,0.8842157125473022,0.9823159575462341,8.948562317993492,0.00029987533708420973
26,0.05420515313744545,-12.659594242880223,0.0573224201798439,-12.416754817604394,0.6988213062286377,0.9859199523925781,9.079031606001081,0.00029986556468163616
27,0.05991264060139656,-12.224815388009349,0.06462565809488297,-11.895950213687119,0.6153550148010254,0.9920220375061035,9.229485222007497,0.0002998554237343797
28,0.04331337288022041,-13.633779957514188,0.0451665036380291,-13.451835270840977,0.5646597146987915,0.9957571029663086,9.3922643459955,0.00029984491426746215
29,0.033971548080444336,-14.68884661905076,0.03776376321911812,-14.229247340695146,0.5794795155525208,0.9961035847663879,9.803574561999994,0.0002998340363068146
30,0.05097934231162071,-12.92605771688291,0.07332076132297516,-11.347730342023912,0.7339915037155151,0.9762678742408752,9.471290393004892,0.0002998227898792773
31,0.04543127492070198,-13.426450755628574,0.06123201176524162,-12.13021471666262,0.9165001511573792,0.9684306979179382,9.685630653999397,0.0002998111750125997
32,0.09062067419290543,-10.427727111084586,0.0643443763256073,-11.914894042692872,1.0249775648117065,0.9877230525016785,9.215103451002506,0.00029979919173544036
33,0.07917787879705429,-11.013961373228884,0.08123750984668732,-10.902433973792839,0.57334303855896,0.9883641004562378,8.443218722008169,0.0002997868400773668
34,0.07138368487358093,-11.464010372238514,0.0740116760134697,-11.306997609629546,0.5309423208236694,0.9967195391654968,8.984413882004446,0.0002997741200688555
35,0.051278047263622284,-12.900685216785256,0.04059407487511635,-13.915373515556684,0.9174367785453796,0.969087541103363,8.96796384800109,0.00029976103174129184
36,0.05258816108107567,-12.791120154552333,0.04040416702628136,-13.935738422252932,1.044916033744812,0.9855962991714478,9.007178382002166,0.0002997475751269699
37,0.04242611676454544,-13.72366717101492,0.04218083247542381,-13.748848533222437,1.0126464366912842,0.98808354139328,8.86114527200698,0.00029973375025909275
38,0.055979058146476746,-12.51974412850826,0.058701809495687485,-12.31348511319435,0.927786648273468,0.9732139110565186,9.015578032005578,0.0002997195571717716
39,0.060061290860176086,-12.214053380068153,0.07434120774269104,-11.287703876556828,0.9016188383102417,0.9721762537956238,9.0549793579994,0.00029970499590002665
40,0.07815803587436676,-11.07026363045783,0.06518194824457169,-11.8587266290039,0.9381794333457947,0.98200523853302,8.819337677996373,0.00029969006647978633
41,0.06854118406772614,-11.640483972788953,0.07341957837343216,-11.341881138416113,0.8005487322807312,0.9818013906478882,9.392963096994208,0.00029967476894788756
42,0.06649897247552872,-11.771850652415756,0.0825270265340805,-10.834038023239554,0.7131308913230896,0.9817490577697754,8.321274130008533,0.0002996591033420754
43,0.06343387067317963,-11.976787875596617,0.06760643422603607,-11.700119694973994,0.7775072455406189,0.9808567762374878,8.199535267005558,0.00029964306970100315
44,0.05741949751973152,-12.409406123433165,0.07308739423751831,-11.361575216022208,0.570289671421051,0.9927157163619995,8.06730865300051,0.00029962666806423235
45,0.05228247493505478,-12.816438620702478,0.043832775205373764,-13.582010317722569,0.765416145324707,0.9927583336830139,8.04413199800183,0.0002996098984722323
46,0.03277493268251419,-14.844581916350819,0.04809418320655823,-13.179074465704604,0.6593793034553528,0.9902974367141724,8.279466113002854,0.0002995927609663804
47,0.06571947783231735,-11.82305895860984,0.09381265938282013,-10.277385525637026,0.5403504967689514,0.9945047497749329,8.373031761992024,0.00029957525558896173
48,0.061904583126306534,-12.08277196646824,0.07409250736236572,-11.302257080162352,0.5325959920883179,0.9956638216972351,8.247007035999559,0.000299557382383169
49,0.05870412290096283,-12.31331396355564,0.06470376998186111,-11.890704143072785,0.48814618587493896,0.9997150897979736,8.374932480001007,0.0002995391413931026
50,0.06135846674442291,-12.12125501280748,0.06458348035812378,-11.898785548587316,0.5012941360473633,0.9987778067588806,8.476277834008215,0.00029952053266377036
51,0.042779017239809036,-13.687691966648215,0.06100726127624512,-12.146184708095616,0.6161505579948425,0.9867388010025024,8.385944979003398,0.0002995015562410874
52,0.04538126662373543,-13.43123386801535,0.06354110687971115,-11.969452240698097,0.8912774920463562,0.9934024810791016,8.112236822998966,0.00029948221217187626
53,0.051635466516017914,-12.870518948539427,0.06070605665445328,-12.167679771154935,0.8353211879730225,0.9825283288955688,8.053721378004411,0.0002994625005038665
54,0.054940927773714066,-12.601040110232713,0.07329311966896057,-11.349367924750739,0.8052833676338196,0.9721000790596008,8.288888468989171,0.00029944242128569467
55,0.07365258783102036,-11.328119893315723,0.09881865233182907,-10.051610732193883,0.7732369899749756,0.9665886163711548,8.33919828699436,0.00029942197456690425
56,0.05293555557727814,-12.762525244788565,0.06249873340129852,-12.041287839673876,0.8317854404449463,0.9908960461616516,8.976814478999586,0.0002994011603979455
57,0.07929480820894241,-11.007552469773074,0.072455033659935,-11.399314374498246,0.6250573992729187,0.9896485209465027,8.243930288008414,0.00029937997883017523
58,0.04975726455450058,-13.031435033394715,0.04938320443034172,-13.064207325147311,0.6291880011558533,0.9912063479423523,8.141729237002437,0.000299358429915857
59,0.06283620744943619,-12.0179003517014,0.04821091517806053,-13.168546243053463,0.6758518815040588,0.9928661584854126,8.004681888007326,0.00029933651370816046
60,0.03535882383584976,-14.515021896335522,0.03871464729309082,-14.12124692978723,0.8521559238433838,0.9904899001121521,7.986633370004711,0.00029931423026116177
61,0.06297026574611664,-12.008644738844893,0.07607464492321014,-11.187600660196287,0.9367944598197937,0.981780469417572,9.5259904859995,0.0002992915796298431
62,0.07100645452737808,-11.487021718633288,0.0646282359957695,-11.895776978189971,0.9284453392028809,0.9701812267303467,9.98814944899641,0.00029926856187009266
63,0.07942883670330048,-11.000217979768927,0.08159112930297852,-10.883570557528708,0.8876122832298279,0.9816696047782898,9.483142544995644,0.0002992451770387044
64,0.05894629284739494,-12.295435026318465,0.052662111818790436,-12.785017291021113,0.5652161836624146,0.9946465492248535,9.30781038000714,0.00029922142519337813
65,0.058702193200588226,-12.313456725589626,0.06296505779027939,-12.009003936950691,0.8072661757469177,0.9872826337814331,9.828027307012235,0.00029919730639271915
66,0.05535202473402023,-12.568664883324349,0.04935115948319435,-13.067026393130481,0.9238301515579224,0.9731989502906799,10.699984171995311,0.00029917282069623824
67,0.04140515252947807,-13.829456111419985,0.06185561791062355,-12.086208503239737,0.7976841330528259,0.9875309467315674,9.713917142988066,0.0002991479681643514
68,0.041124146431684494,-13.859031031069451,0.04230228066444397,-13.736362176434742,0.6739251017570496,0.9951457977294922,9.799628250999376,0.00029912274885837974
69,0.04562434181571007,-13.40803387684679,0.04835997894406319,-13.155138968940793,0.6695719361305237,0.9864705204963684,9.227805390008143,0.00029909716284054943
70,0.09619171917438507,-10.168623133179967,0.07615034282207489,-11.183281371626785,0.7315815687179565,0.9799964427947998,8.81162088100973,0.0002990712101739914
71,0.058840371668338776,-12.303245926842571,0.06522820144891739,-11.855645961999548,0.8858500123023987,0.9817315936088562,10.72026281899889,0.00029904489092274133
72,0.06584495306015015,-11.81477507591985,0.0742901936173439,-11.290685097726021,0.8319091200828552,0.9767292737960815,9.965330473001814,0.0002990182051517393
73,0.07942458242177963,-11.000450598116025,0.07354307919740677,-11.334581904736716,0.8717717528343201,0.981972336769104,9.937508011993486,0.0002989911529268298
74,0.06579363346099854,-11.818161289710629,0.07770925015211105,-11.095272816965956,0.824114203453064,0.9702692627906799,9.933432606994756,0.0002989637343147616
75,0.057252779603004456,-12.42203423619048,0.07039694488048553,-11.524461881576457,0.9296779632568359,0.9730032682418823,10.054402826994192,0.0002989359493831872
76,0.08321301639080048,-10.798087349474251,0.0812925174832344,-10.899494269134042,0.8115652203559875,0.9858023524284363,9.56844869798806,0.00029890779820066334
77,0.0442550964653492,-13.540367082483964,0.046377863734960556,-13.336892597741716,0.7251713275909424,0.9901665449142456,9.572388006999972,0.00029887928083665026
78,0.05435895174741745,-12.647289267421078,0.05370011180639267,-12.70024810067984,0.7965017557144165,0.9904090166091919,9.965574148998712,0.0002988503973615116
79,0.1087619885802269,-9.635228604633678,0.07348352670669556,-11.338100086953393,0.9320086240768433,0.9767575860023499,10.573451516000205,0.00029882114784651455
80,0.055607859045267105,-12.548638253383332,0.05970018357038498,-12.240243334616366,0.9196828007698059,0.9748880863189697,9.685728681011824,0.00029879153236382936
81,0.034502867609262466,-14.621448082438754,0.042182862758636475,-13.748639499989917,0.914106011390686,0.9855068922042847,9.737465307000093,0.0002987615509865293
82,0.04639437794685364,-13.335346438881322,0.047579847276210785,-13.225769563040293,0.8533439040184021,0.9893134236335754,8.811860970003181,0.00029873120378859033
83,0.08091432601213455,-10.919745790349749,0.07587578147649765,-11.198968229069042,0.5946683883666992,0.9942505955696106,8.539297997995163,0.0002987004908448913
84,0.06214933842420578,-12.065634900281568,0.07217293232679367,-11.416256493106642,0.6322106719017029,0.994988203048706,8.544569413992576,0.0002986694122312133
85,0.056964486837387085,-12.443958105859284,0.09396182745695114,-10.27048545244941,0.6497611403465271,0.9905044436454773,8.455909069001791,0.0002986379680242397
86,0.07664864510297775,-11.154955176402215,0.0882774069905281,-10.541504320329228,0.6203591227531433,0.9902811646461487,8.422844832006376,0.0002986061583015559
87,0.056805048137903214,-12.45613067784567,0.04445197433233261,-13.521089450867962,0.9137362837791443,0.9878059029579163,8.497131365991663,0.00029857398314164937
88,0.0641346350312233,-11.929073723363505,0.058889880776405334,-12.299593249088488,0.912438154220581,0.9847238659858704,8.358517471002415,0.00029854144262390903
89,0.07282430678606033,-11.377236407200321,0.06805139780044556,-11.671629497961355,0.8118110299110413,0.9854520559310913,8.358143510995433,0.00029850853682862534
90,0.038664430379867554,-14.126883836307211,0.047114308923482895,-13.268471747566771,0.9439624547958374,0.9851797819137573,8.29041629099811,0.00029847526583699015
91,0.05416443943977356,-12.662857470995759,0.06838186830282211,-11.650590377459748,0.8344919681549072,0.9845970869064331,8.296409943999606,0.0002984416297310963
92,0.0378103107213974,-14.223897536221745,0.04419540986418724,-13.546228341291364,0.794632613658905,0.9885345697402954,8.694174740012386,0.0002984076285939376
93,0.04873301833868027,-13.12176689220546,0.06532281637191772,-11.849350990601517,0.7515035271644592,0.9846713542938232,8.844311966997338,0.0002983732625094083
94,0.06217392161488533,-12.063917386729345,0.08090436458587646,-10.920280486613228,0.6277315020561218,0.9916447997093201,9.083609875000548,0.0002983385315623035
95,0.04478637874126434,-13.488540515502088,0.07709856331348419,-11.129537146910032,0.6947102546691895,0.9873458743095398,8.781544960002066,0.00029830343583831816
96,0.07354555279016495,-11.334435833939683,0.07847244292497635,-11.052828271568353,0.5841048359870911,0.9959474205970764,9.22642781700415,0.0002982679754240477
97,0.0669497400522232,-11.74251104890507,0.05534808337688446,-12.568974134992697,0.5194721817970276,0.9923600554466248,9.167189611995127,0.000298232150406987
98,0.04893770441412926,-13.103564065253941,0.06801861524581909,-11.6737221387326,0.7101472020149231,0.9849599003791809,9.063012915998115,0.0002981959608755308
99,0.043058186769485474,-13.65944262765042,0.05932905897498131,-12.267325399952567,0.7809909582138062,0.986657977104187,9.407251316995826,0.00029815940691897317
100,0.06597741693258286,-11.806046914195163,0.06810466945171356,-11.668231105831698,0.7596211433410645,0.9847971796989441,9.364059078987339,0.00029812248862750733
101,0.04959280788898468,-13.045813017390675,0.05872660502791405,-12.31165104892202,0.951690137386322,0.9820904731750488,9.131456638002419,0.00029808520609222555
102,0.03995561972260475,-13.984221289079844,0.0517757311463356,-12.85873759532312,0.8249536156654358,0.9774178862571716,9.139715230994625,0.00029804755940511876
103,0.05245908722281456,-12.801792703051255,0.05880296975374222,-12.306007399863068,0.8440517783164978,0.9870555996894836,9.578827473000274,0.00029800954865907635
104,0.07610447704792023,-11.185897939462585,0.0865083783864975,-10.629418288213452,0.6628389358520508,0.987511396408081,8.965062471994315,0.00029797117394788616
105,0.05660099536180496,-12.471759314129176,0.08101484924554825,-10.914353718030146,0.5755568742752075,0.9930857419967651,9.332864287003758,0.00029793243536623394
106,0.04316537454724312,-13.64864486340233,0.04429996758699417,-13.535965915277302,0.5049095749855042,0.9996916055679321,9.350551554001868,0.00029789333300970323
107,0.05413995683193207,-12.664820948386353,0.055975474417209625,-12.520022168853783,0.5704870820045471,0.9966719150543213,9.19051768501231,0.0002978538669747753
108,0.061257846653461456,-12.128382736496182,0.06529279053211212,-11.851347697898703,0.5517019033432007,0.9913807511329651,10.142350572001305,0.0002978140373588286
109,0.033083781599998474,-14.803848547851302,0.050976358354091644,-12.92631192852208,0.7536458969116211,0.9861308932304382,9.837167493999004,0.0002977738442601388
110,0.03141994774341583,-15.027945415853747,0.03851451352238655,-14.14375583339403,0.6849605441093445,0.9934283494949341,9.45311272800609,0.0002977332877778783
111,0.03150545805692673,-15.016142017944876,0.04658425971865654,-13.317608015858621,0.6426008343696594,0.9941765666007996,10.967335501001799,0.0002976923680121163
112,0.05204399302601814,-12.836293899914494,0.05743609741330147,-12.40815076582836,0.7014582753181458,0.9829005599021912,10.243484698003158,0.00029765108506381814
113,0.034999895840883255,-14.559332480886575,0.03397867828607559,-14.687935184567804,0.819122850894928,0.9826006293296814,9.400619088002713,0.0002976094390348455
114,0.06058188155293465,-12.176572424623643,0.0609121099114418,-12.152963568692813,0.5861565470695496,0.9873476028442383,9.739570607998758,0.00029756743002795573
115,0.0967455506324768,-10.143689992264953,0.10203976929187775,-9.912305319805482,0.6861980557441711,0.9873432517051697,9.622321970993653,0.0002975250581468019
116,0.04965866729617119,-13.040049399012897,0.040327005088329315,-13.944040299505895,0.6286901831626892,0.9893913865089417,9.854786723997677,0.0002974823234959324
117,0.044344011694192886,-13.53165019875701,0.03529326617717743,-14.52308148454388,0.6475318670272827,0.9900795221328735,9.74748583199107,0.0002974392261807908
118,0.06312480568885803,-11.997999457121306,0.05391368269920349,-12.6830100165771,0.9801194071769714,0.9693572521209717,10.117540948005626,0.0002973957663077154
119,0.06838841736316681,-11.650174465369247,0.05526053160429001,-12.575849414945438,0.7859464287757874,0.9880659580230713,9.674599171994487,0.00029735194398393915
120,0.05599403381347656,-12.518582447703405,0.07251942902803421,-11.395456239162414,0.8085430860519409,0.98863685131073,10.669657147009275,0.0002973077593175892
121,0.06007153168320656,-12.213312944132523,0.07656686007976532,-11.159591624601653,0.7874977588653564,0.9826550483703613,9.63280951300112,0.0002972632124176868
122,0.053457796573638916,-12.719889459759806,0.06053486093878746,-12.179944509087825,0.8382076621055603,0.9773498177528381,9.672775532992091,0.0002972183033941471
123,0.06726229935884476,-11.722282904227548,0.07320521771907806,-11.35457963391331,0.6949125528335571,0.9841850399971008,9.896591101001832,0.00029717303235777864
124,0.06547197699546814,-11.839445448929787,0.06367620825767517,-11.96022805530475,0.6827859282493591,0.9916262030601501,10.412929363010335,0.0002971273994202832
125,0.07893632352352142,-11.02723104824153,0.09482946991920471,-10.230566770625387,0.6386861205101013,0.9910138249397278,10.332427729998017,0.0002970814046942554
126,0.042086925357580185,-13.758528002813463,0.0359477698802948,-14.443280470972235,0.7563119530677795,0.9933130145072937,9.962529394993908,0.0002970350482931828
127,0.061984721571207047,-12.077153452529974,0.06916069239377975,-11.601406674841922,0.8568267226219177,0.9874195456504822,9.884707810997497,0.0002969883303314451
128,0.04077997803688049,-13.895530124477729,0.05969465151429176,-12.240645787776895,0.629833459854126,0.9904085993766785,9.808401165995747,0.00029694125092431437
129,0.06015932187438011,-12.20697067819345,0.05707450211048126,-12.435578683822637,0.6005771160125732,0.9909096360206604,9.59257928399893,0.0002968938101879542
130,0.07768718898296356,-11.096505926829048,0.06505748629570007,-11.867027210812546,0.6995069980621338,0.9883549213409424,9.793857162992936,0.00029684600823942
131,0.043644942343235016,-13.600660758817355,0.04762381687760353,-13.221758003866933,0.7542974948883057,0.9840336441993713,9.951498802998685,0.0002967978451966583
132,0.05341087654232979,-12.723702946238689,0.061083048582077026,-12.140792959481603,0.7041925191879272,0.9905652403831482,10.059438115000376,0.0002967493211785066
133,0.041884202510118484,-13.779497492514938,0.05418938398361206,-12.660857859428475,0.6816231608390808,0.9907974004745483,9.996567656999105,0.0002967004363046931
134,0.037201106548309326,-14.294441418086494,0.06418444961309433,-11.925701785483596,0.7014689445495605,0.9901622533798218,8.884027844003867,0.0002966511906958364
135,0.0643119066953659,-11.917086144191739,0.0733608677983284,-11.345355399575743,0.6576480269432068,0.9887566566467285,8.705096260993741,0.0002966015844734451
136,0.07250789552927017,-11.39614699656224,0.05439864471554756,-12.644119201447763,0.841185450553894,0.9860741496086121,8.82877439299773,0.00029655161775991764
137,0.06865924596786499,-11.633009704028305,0.07053279131650925,-11.516089287202094,0.7245161533355713,0.9840524196624756,8.583253539007274,0.00029650129067854196
138,0.03918086364865303,-14.069259952390691,0.045362137258052826,-13.433064916383772,0.7068915963172913,0.9920942187309265,8.095081469000434,0.00029645060335349506
139,0.05675865337252617,-12.459679169387432,0.06703563034534454,-11.736943025269365,0.7305446863174438,0.9880565404891968,8.094881128999987,0.00029639955590984293
140,0.045762449502944946,-13.394907373274608,0.06783563643693924,-11.68542096067879,0.6952057480812073,0.9859581589698792,8.186039789987262,0.00029634814847354
141,0.09099436551332474,-10.409854989074452,0.09836235642433167,-10.071710755996472,0.6830331087112427,0.9826371669769287,8.039214645003085,0.0002962963811714291
142,0.05073026567697525,-12.947328632458428,0.06541930139064789,-11.842940979880524,0.5341545939445496,0.9965513348579407,8.084271208004793,0.0002962442541312408
143,0.08179718255996704,-10.872616549997993,0.08094525337219238,-10.91808613177071,0.49485859274864197,0.9983727335929871,8.353650593999191,0.0002961917674815935
144,0.049107033759355545,-13.088562980088032,0.0517868734896183,-12.857803076876287,0.5432146191596985,0.9942095875740051,8.412204028994893,0.0002961389213519927
145,0.058754365891218185,-12.30959856503876,0.0685618594288826,-11.639174126544765,0.5968732237815857,0.9955512285232544,8.125419711010181,0.0002960857158728309
146,0.04834846779704094,-13.156172845054847,0.04058617725968361,-13.9162185217554,0.8211487531661987,0.9955332279205322,8.019998829011456,0.00029603215117538753
147,0.04463564604520798,-13.503181749648892,0.08791114389896393,-10.559560688682293,0.790291428565979,0.9987562894821167,8.188787651000894,0.0002959782273918281
148,0.05166161060333252,-12.868320583703948,0.06315481662750244,-11.995935215075583,0.558376133441925,0.9981086850166321,8.388832912998623,0.00029592394465520407
149,0.05093212425708771,-12.930082100534193,0.06125911697745323,-12.128292676363523,0.562635064125061,0.9945731163024902,8.26299389199994,0.0002958693030994528
150,0.06858745217323303,-11.637553296276328,0.0805521085858345,-10.939230867079397,0.5851127505302429,0.9945013523101807,8.106413860004977,0.00029581430285939683
151,0.06163252890110016,-12.10190011959498,0.06572830677032471,-11.822475554473366,0.5479378700256348,0.9951539635658264,8.268735195000772,0.0002957589440707439
152,0.034736260771751404,-14.59216933533199,0.034699875861406326,-14.596720788796844,0.6548577547073364,0.9956526756286621,7.9382709880010225,0.0002957032268700862
153,0.0387318916618824,-14.119312915837812,0.0562828853726387,-12.496236463167431,0.6564037799835205,0.9920854568481445,8.122574795997934,0.0002956471513949004
154,0.05855235457420349,-12.32455635886968,0.06963829696178436,-11.571518583000975,0.6351123452186584,0.9895815849304199,8.110487982004997,0.00029559071778354726
155,0.06736906617879868,-11.715394724747114,0.06649632751941681,-11.772023393835108,0.6677043437957764,0.990658700466156,8.682861217996106,0.000295533926175271
156,0.04471161216497421,-13.495796704995902,0.06001577153801918,-12.217346064113634,0.6861981749534607,0.9908844232559204,8.732293783003115,0.0002954767767101993
157,0.040200140327215195,-13.957724309040088,0.05755849555134773,-12.398905660532307,0.7069514393806458,0.9933479428291321,8.924107130995253,0.00029541926952934274
158,0.04032067582011223,-13.944721972242366,0.05127622187137604,-12.900839819375008,0.7178805470466614,0.9931308627128601,8.601200876000803,0.00029536140477459465
159,0.0682465061545372,-11.659195771987129,0.06780819594860077,-11.68717809959457,0.7345333695411682,0.9883900880813599,8.409003692009719,0.0002953031825887305
160,0.04514581710100174,-13.453824821981748,0.06513180583715439,-11.862068804521524,0.6914675831794739,0.9911032915115356,8.403391879008268,0.0002952446031154078
161,0.04972319304943085,-13.03440990254522,0.06753219664096832,-11.70489123610633,0.5930397510528564,0.9956985116004944,8.268336341992836,0.00029518566649916554
162,0.06070932373404503,-12.167446048765825,0.06740064918994904,-11.713359203980769,0.5385201573371887,0.9938620328903198,8.68526597500022,0.000295126372885424
163,0.05669201537966728,-12.464781037226514,0.05473751202225685,-12.617149464057366,0.6184146404266357,0.9964205622673035,8.32488788900082,0.0002950667224204842
164,0.09424782544374466,-10.257286613687777,0.09954880177974701,-10.019639629910815,0.5875731110572815,0.9883381128311157,8.444725863999338,0.00029500671525152777
165,0.06449490785598755,-11.904745733788754,0.06439705193042755,-11.91134013994525,0.6086719036102295,0.9909322261810303,8.49136691899912,0.00029494635152661644
166,0.061016615480184555,-12.145518858219447,0.05779620260000229,-12.381006952059012,0.6276366114616394,0.9944207668304443,8.28893479600083,0.0002948856313946918
167,0.0269431434571743,-15.695517364935865,0.03987530618906021,-13.992959691098593,0.6591167449951172,0.9917978048324585,8.47661101000267,0.00029482455500557455
168,0.05389923229813576,-12.684174205391145,0.07035378366708755,-11.527125409871012,0.6442133188247681,0.9928168654441833,8.78804707499512,0.00029476312250996476
169,0.0559675469994545,-12.520637273529164,0.06093520671129227,-12.151317112599617,0.6432720422744751,0.9953752756118774,8.497595148990513,0.00029470133405944094
170,0.031644001603126526,-14.997086021432892,0.0447094663977623,-13.496005133450293,0.6680436730384827,0.9986839294433594,8.4091805019998,0.00029463918980645996
171,0.03287039324641228,-14.831951001727239,0.03288356959819794,-14.830210447485035,0.7666969299316406,0.9956914782524109,8.606803739006864,0.0002945766899043566
172,0.02825111150741577,-15.489644606772735,0.04229961708188057,-13.736635640562744,0.7563852071762085,0.9970730543136597,8.467163332999917,0.0002945138345073431
173,0.05344172939658165,-12.721194963469912,0.06148795783519745,-12.112099306860149,0.709513247013092,0.9918763637542725,8.699178955997922,0.00029445062377050896
174,0.043049316853284836,-13.66033735935494,0.04115599766373634,-13.855668660921797,0.6757378578186035,0.9906477332115173,8.74979373899987,0.0002943870578498204
175,0.05183326080441475,-12.853914690448484,0.06024251505732536,-12.200969051149356,0.656456470489502,0.990183413028717,8.541705417999765,0.00029432313690211994
176,0.0725446566939354,-11.393945701781922,0.05238199606537819,-12.808179563862222,0.6071594953536987,0.989976167678833,8.764088715004618,0.00029425886108512626
177,0.041162844747304916,-13.854946189484965,0.051535483449697495,-12.878936455132843,0.7401926517486572,0.9849869608879089,8.878322996999486,0.0002941942305574335
178,0.055841922760009766,-12.530396364070985,0.09479977935552597,-10.231926734673635,0.8059312105178833,0.9807751178741455,8.667020004999358,0.00029412924547851107
179,0.048468828201293945,-13.145374797909465,0.07005581259727478,-11.545558250516075,0.6847640872001648,0.987826943397522,8.319852504995652,0.0002940639060087031
180,0.07558714598417282,-11.215520524134003,0.09450016915798187,-10.245674140860107,0.6688014268875122,0.9889562129974365,8.581249697992462,0.00029399821230922837
181,0.05918125808238983,-12.278158067849425,0.0688309594988823,-11.622161763622943,0.6979292035102844,0.991838812828064,8.469688541998039,0.00029393216454217953
182,0.05607643350958824,-12.51219615510832,0.07359514385461807,-11.331508414544507,0.728265643119812,0.977840006351471,8.450665341995773,0.0002938657628705228
183,0.056642189621925354,-12.468599664275144,0.05853826925158501,-12.325601220997589,0.5678097605705261,0.9869059324264526,8.519501900998875,0.0002937990074580978
184,0.05024882033467293,-12.988741294840198,0.05467486009001732,-12.622123196168344,0.7154075503349304,0.9898695349693298,8.500109325002995,0.00029373189846961683
185,0.03609126806259155,-14.425978587732507,0.05958815664052963,-12.248400492587908,0.7069907784461975,0.9935675263404846,8.642865556001198,0.00029366443607066456
186,0.05364889279007912,-12.704392365999233,0.06900620460510254,-11.611118584649603,0.8969430327415466,0.9843494296073914,8.449192195999785,0.00029359662042769796
187,0.0651664137840271,-11.859761782867086,0.06305905431509018,-12.00252546565965,0.8631054162979126,0.9704245924949646,8.580248237005435,0.00029352845170804525
188,0.06952181458473206,-11.578789009108618,0.06551909446716309,-11.83632113540031,0.7130614519119263,0.9861684441566467,8.630109710997203,0.0002934599300799059
189,0.039500534534454346,-14.033970273044902,0.061102062463760376,-12.139441301511091,0.7515974640846252,0.9905914664268494,8.594327618004172,0.00029339105571235037
190,0.06179073452949524,-12.090766421273088,0.06810984015464783,-11.667901389451343,0.7657729983329773,0.9864742159843445,8.81118602398783,0.0002933218287753193
191,0.05355329066514969,-12.712138381049083,0.054751280695199966,-12.616057177154694,0.9217406511306763,0.9833203554153442,8.9287988050055,0.0002932522494396232
192,0.06959626078605652,-11.574140931936272,0.07196956127882004,-11.4285114472579,0.821316123008728,0.9813461303710938,8.594401552996715,0.0002931823178769421
193,0.061167921870946884,-12.134762740367266,0.07192755490541458,-11.43104702784165,0.9610387682914734,0.961787223815918,8.76924042700557,0.0002931120342598254
194,0.05749860033392906,-12.403427270358529,0.06745143234729767,-11.710088235405278,0.6924318075180054,0.9940195083618164,8.788252908998402,0.00029304139876169073
195,0.06310854852199554,-11.99911808348481,0.07682003825902939,-11.145254808714999,0.9080530405044556,0.9696600437164307,8.963217849988723,0.0002929704115568243
196,0.06562672555446625,-11.82919264319473,0.06878314167261124,-11.625179916376888,1.048615574836731,0.970988929271698,8.806288049992872,0.00029289907282037983
197,0.04960642755031586,-13.04462047920782,0.06498917192220688,-11.871589966761507,1.007633090019226,0.9612513780593872,8.940643245005049,0.00029282738272837873
198,0.055246029049158096,-12.576989325493027,0.06123192235827446,-12.130221057950406,0.926734983921051,0.9794806241989136,8.767427914994187,0.000292755341457709
199,0.046022530645132065,-13.370295044106701,0.05572088062763214,-12.539820284804264,0.867912769317627,0.9828906655311584,8.94233783899108,0.00029268294918612553
200,0.06821681559085846,-11.661085576222966,0.08041433990001678,-10.946664987071678,0.724398672580719,0.9892680048942566,9.206311337999068,0.0002926102060922489
201,0.0719885379076004,-11.427366468926202,0.07546669989824295,-11.222446409571214,0.6881117820739746,0.9885163307189941,9.184282955990057,0.00029253711235556544
202,0.06834036111831665,-11.653227306629192,0.06278213113546371,-12.021639462801708,0.8841191530227661,0.9690974354743958,8.519271469005616,0.0002924636681564268
203,0.04654897004365921,-13.320899238957356,0.0479404553771019,-13.192978449945311,0.7700774073600769,0.9734682440757751,8.00091945900931,0.00029238987367604915
204,0.05454333871603012,-12.63258281465832,0.06594383716583252,-11.808257855535537,0.7732378244400024,0.9757228493690491,7.97711791099573,0.000292315729096513
205,0.06413328647613525,-11.92916504316138,0.06986828148365021,-11.557199387395327,0.707693874835968,0.9789364337921143,7.993172781003523,0.00029224123460076286
206,0.061770014464855194,-12.09222296955323,0.05131317302584648,-12.89771129265035,0.7746413946151733,0.9903279542922974,7.954556626005797,0.0002921663903726064
207,0.06387817859649658,-11.946474756947001,0.08962642401456833,-10.475639310486574,0.8137706518173218,0.9794619083404541,8.00325215200428,0.00029209119659671435
208,0.056746236979961395,-12.460629325945566,0.05349351838231087,-12.716988366870424,0.7527332901954651,0.9884586930274963,8.164822965991334,0.00029201565345861986
209,0.06357228755950928,-11.967321608043772,0.0648423284292221,-11.881413984157394,0.8620073199272156,0.9733994007110596,8.430750786006683,0.0002919397611447181
210,0.04485178738832474,-13.482202451984108,0.050762224942445755,-12.944593507324873,0.793497622013092,0.9773728251457214,8.44905734299391,0.00029186351984226587
211,0.04938299208879471,-13.064225999302113,0.06578828394412994,-11.81851441811975,0.6378241181373596,0.9877426624298096,8.177142492000712,0.00029178692973938096
212,0.08311933279037476,-10.802979515695894,0.09172373265028,-10.3751828018644,0.5975992679595947,0.9901875257492065,7.964395115006482,0.00029170999102504184
213,0.03880845755338669,-14.110736179899632,0.04492447152733803,-13.4751702303761,0.5433989763259888,0.9934085011482239,7.972975404001772,0.0002916327038890871
214,0.03790443018078804,-14.213100277347388,0.05768027901649475,-12.389726474657209,0.7987394332885742,0.9722642302513123,7.862298980006017,0.0002915550685222151
215,0.04669268801808357,-13.307511237506633,0.06860633939504623,-11.636357525510043,0.7377876043319702,0.9841471910476685,8.33173868599988,0.00029147708511598344
216,0.02099899761378765,-16.77801435778296,0.030467556789517403,-15.161623706850804,0.6103368401527405,0.9967446327209473,7.901527595997322,0.00029139875386280834
217,0.05072668567299843,-12.94763512224592,0.05756378918886185,-12.39850625957039,0.7555245757102966,0.9927687048912048,7.930135353002697,0.0002913200749559644
218,0.032757364213466644,-14.8469105053693,0.04698442667722702,-13.280460682020877,0.7470367550849915,0.9789034724235535,7.8809120079968125,0.00029124104858958404
219,0.07676610350608826,-11.14830502747543,0.08672084659337997,-10.618764910746808,0.7310746312141418,0.9774113893508911,8.050101960005122,0.00029116167495865696
220,0.04774407669901848,-13.210805008564462,0.07619243115186691,-11.180881687103629,0.7406648993492126,0.989207923412323,8.0281131619995,0.00029108195425902965
221,0.04903339594602585,-13.095080274150327,0.04105956479907036,-13.865856581298113,0.6387267112731934,0.9930762052536011,7.897069115002523,0.000291001886687405
222,0.0884798988699913,-10.531553824204297,0.07516252249479294,-11.23998653164109,0.6463583111763,0.9923098683357239,8.011740493006073,0.0002909214724413419
223,0.030266771093010902,-15.190339077798178,0.03855450451374054,-14.139248738617997,0.634344220161438,0.9896836280822754,8.254881735003437,0.0002908407117192544
224,0.04104965925216675,-13.86690443540487,0.04874756187200546,-13.120471008183516,0.712781548500061,0.9905933737754822,8.20794335399114,0.0002907596047204116
225,0.0773419663310051,-11.115847906766625,0.11955299973487854,-9.224395224139945,0.9270288944244385,0.9599162936210632,7.984789853013353,0.0002906781516449369
226,0.05135001614689827,-12.894594154952909,0.06037573888897896,-12.191375412279761,0.9383679628372192,0.9853843450546265,8.04331129300408,0.00029059635269380776
227,0.04750209301710129,-13.232872542449034,0.04403838515281677,-13.56168614578685,0.7623722553253174,0.992221474647522,7.94370220300334,0.00029051420806885497
228,0.05202413722872734,-12.837951134128378,0.07422074675559998,-11.294746804016903,0.7462533116340637,0.977379560470581,8.030396103989915,0.0002904317179727621
229,0.06528593599796295,-11.851803650631403,0.06647630035877228,-11.7733315856879,0.7934292554855347,0.9889298677444458,7.955033460006234,0.0002903488826090654
230,0.05463939905166626,-12.624940858555536,0.06401575356721878,-11.93713137799756,0.8383746147155762,0.9762474894523621,7.972444506012835,0.0002902657021821527
231,0.06297922879457474,-12.008026617667497,0.06902049481868744,-11.61021931502233,0.6777477264404297,0.989287793636322,7.9586935809929855,0.00029018217689726365
232,0.0957399532198906,-10.1890678905288,0.08752383291721344,-10.578736716004522,0.7020970582962036,0.9854593873023987,8.042520815011812,0.00029009830696048847
233,0.05155407637357712,-12.87736989410676,0.06760791689157486,-11.700024451613107,0.6623796820640564,0.9924353957176208,8.023758302006172,0.00029001409257876795
234,0.05439458787441254,-12.644443093601298,0.11047567427158356,-9.567333391029063,0.7252265810966492,0.991581916809082,8.062795063000522,0.0002899295339598927
235,0.04553266987204552,-13.416768834687574,0.04925595223903656,-13.075412805205747,0.9678530693054199,0.9774197340011597,8.04009508198942,0.00028984463131250264
236,0.04939952492713928,-13.06277227636671,0.06123128905892372,-12.130265975670632,0.9174787998199463,0.9836878180503845,8.032298962003551,0.0002897593848460867
237,0.06812509149312973,-11.666929014438299,0.07482117414474487,-11.259754808341933,0.8094289898872375,0.9891758561134338,8.14965338500042,0.000289673794770982
238,0.04674975201487541,-13.302206885010367,0.06409265100955963,-11.931917646860741,0.7344877123832703,0.9860921502113342,8.10210035199998,0.0002895878612983736
239,0.07896672189235687,-11.025558902657227,0.08806541562080383,-10.551946109234366,0.8972218632698059,0.9727859497070312,8.193953600988607,0.0002895015846402937
240,0.04299560934305191,-13.66575891746199,0.056216202676296234,-12.50138493698234,0.9940683841705322,0.9756172299385071,8.136929204993066,0.0002894149650096215
241,0.03599171340465546,-14.43797478023139,0.04016726464033127,-13.961277423690056,0.811708927154541,0.9903546571731567,8.180695834002108,0.00028932800262008226
242,0.04783083498477936,-13.202920375568212,0.056496065109968185,-12.479817992620406,0.8918929100036621,0.9881695508956909,8.29070333299751,0.000289240697686247
243,0.06164838373661041,-12.100783050056133,0.054419878870248795,-12.642424292157024,0.8038772344589233,0.978664219379425,8.344307137012947,0.000289153050423532
244,0.04398229345679283,-13.567221280881368,0.049698881804943085,-13.036533825135837,0.8949324488639832,0.9761114120483398,8.171491171990056,0.0002890650610481982
245,0.09253740310668945,-10.336826923423402,0.08397828042507172,-10.758330224000812,0.6404013633728027,0.9877305626869202,8.324236867003492,0.0002889767297773506
246,0.05144939571619034,-12.886197217417994,0.05859803780913353,-12.321169263453731,0.6857427954673767,0.9861687421798706,8.731696318005561,0.0002888880568289379
247,0.03200194612145424,-14.948236102881145,0.04654017463326454,-13.32171991428422,0.7978553771972656,0.9922196269035339,8.62555758599774,0.0002887990424217516
248,0.04847719147801399,-13.144625489180527,0.04319934546947479,-13.645228332942194,0.969052791595459,0.9836400151252747,8.581110258994158,0.0002887096867754262
249,0.05551567301154137,-12.555843908962883,0.0764557272195816,-11.165899764762218,0.9211037755012512,0.9794272780418396,8.692552647000412,0.0002886199901104376
250,0.03631068393588066,-14.399655707727083,0.04674297571182251,-13.302836433660882,0.7397928833961487,0.9910799860954285,8.661745582998265,0.0002885299526481035
251,0.05297531932592392,-12.759264167501927,0.04632428288459778,-13.341912949715764,0.6505393981933594,0.9940985441207886,8.97036299300089,0.00028843957461058246
252,0.05617140606045723,-12.504847048920736,0.06207231059670448,-12.071020880098695,0.6423190236091614,0.9961720108985901,8.585376467002789,0.00028834885622087313
253,0.048641908913850784,-13.129893898430813,0.04729112610220909,-13.25220344377745,0.6931269764900208,0.9898689389228821,8.528491055010818,0.0002882577977028143
254,0.06665143370628357,-11.76190504247645,0.08032666146755219,-10.951402827803458,0.7965821027755737,0.9848977327346802,8.605746944987914,0.0002881663992810837
255,0.066168874502182,-11.793462524081576,0.07463854551315308,-11.270368323019106,0.7975915670394897,0.9835523962974548,8.281824409001274,0.0002880746611811979
256,0.0511566661298275,-12.910977661512224,0.06350677460432053,-11.971799437352127,0.8474828004837036,0.9810587763786316,8.740981373004615,0.00028798258362951147
257,0.0447099469602108,-13.495958453291754,0.060841966420412064,-12.157967579298973,0.7944942116737366,0.985893726348877,8.650985461004893,0.0002878901668532167
258,0.03621639683842659,-14.410947597258335,0.06266259402036667,-12.029916307462532,0.7781349420547485,0.9908648133277893,8.394226936987252,0.0002877974110803428
259,0.057243309915065765,-12.422752624607716,0.06758159399032593,-11.701715690945187,0.7626931667327881,0.9880037307739258,8.741842981995433,0.00028770431653975535
260,0.09448595345020294,-10.246327501368393,0.09515009075403214,-10.2159079314269,0.623117208480835,0.9809417128562927,9.246502873997088,0.00028761088346115595
261,0.03515823557972908,-14.539729281597179,0.05007384344935417,-13.00389072766883,0.6196846961975098,0.9917364716529846,8.905817434002529,0.0002875171120750814
262,0.04478517919778824,-13.488656837049792,0.05120433121919632,-12.906933018078842,0.6377533078193665,0.9946977496147156,8.99810867899214,0.0002874230026129033
263,0.07449902594089508,-11.278494055178214,0.07701530307531357,-11.134229711747219,0.6268134117126465,0.9918302893638611,8.936049711002852,0.0002873285553068274
264,0.06499872356653214,-11.870951718651499,0.07456103712320328,-11.274880596912809,0.5909177660942078,0.994652271270752,10.14582571599749,0.00028723377038989296
265,0.06710592657327652,-11.732391226798411,0.07015042752027512,-11.53969677884874,0.7365533709526062,0.9855636358261108,9.98711709199415,0.0002871386480959724
266,0.037862613797187805,-14.2178940836095,0.04570295289158821,-13.400557390214685,0.81932133436203,0.9841976761817932,10.20313787800842,0.0002870431886597705
267,0.04954910650849342,-13.049641724904163,0.06927098333835602,-11.594486472725741,0.9091379642486572,0.9738595485687256,9.984203329004231,0.00028694739231682395
268,0.07612545788288116,-11.184700821312209,0.057853229343891144,-12.376723938855674,0.8011115789413452,0.9871364831924438,9.471564869993017,0.0002868512593035007
269,0.036376114934682846,-14.391836865835186,0.053163234144449234,-12.74388606946793,0.6796853542327881,0.9884768724441528,9.18355600599898,0.0002867547898569993
270,0.05751383304595947,-12.402276875984043,0.055924929678440094,-12.523945533171679,0.7362053394317627,0.9926008582115173,9.568996461995994,0.0002866579842153487
271,0.063430055975914,-11.977049053382427,0.05494081228971481,-12.601049238967585,0.8397935032844543,0.9821264147758484,9.506680562000838,0.0002865608426174071
272,0.08917155861854553,-10.497736423078702,0.06864318996667862,-11.63402542275185,0.7578473091125488,0.9866313338279724,9.586061497000628,0.00028646336530286173
273,0.04839593917131424,-13.151910777986469,0.048208460211753845,-13.168767397425425,0.7439336180686951,0.9908815026283264,9.587645887993858,0.00028636555251222826
274,0.05490994453430176,-12.60348994972549,0.06552404910326004,-11.835992728883324,0.8440856337547302,0.9879778027534485,9.79721450699435,0.00028626740448684993
275,0.06244128569960594,-12.045281631539844,0.0667596235871315,-11.75486120675509,0.6923375725746155,0.98869389295578,10.79400466599327,0.00028616892146889723
276,0.06477680057287216,-11.885805062706801,0.07318179309368134,-11.35596953668961,0.8017579913139343,0.9768427014350891,10.535698541993042,0.00028607010370136735
277,0.05920519679784775,-12.276401709458717,0.06715001910924911,-11.729538593992189,0.8223968744277954,0.9845272302627563,9.412627268990036,0.00028597095142808316
278,0.045287877321243286,-13.440180345575058,0.05724461004137993,-12.42265398753155,0.7748094797134399,0.9803479313850403,9.650858121007332,0.0002858714648936931
279,0.056425996124744415,-12.48520765292372,0.06486929208040237,-11.879608414996817,0.9100881218910217,0.9832102656364441,9.63426469200931,0.00028577164434367026
280,0.03917825222015381,-14.069549421962906,0.05044630542397499,-12.971706350227326,0.8294728994369507,0.9851633310317993,9.386160050999024,0.00028567149002431196
281,0.09136082231998444,-10.392400000805097,0.0844801515340805,-10.732453157999618,0.8546674251556396,0.9824028015136719,9.467068548008683,0.000285571002182739
282,0.0671817883849144,-11.727484393780056,0.06832724064588547,-11.654061176357013,0.7926231026649475,0.9870399832725525,9.998625467007514,0.00028547018106689516
283,0.0407148115336895,-13.902475711777589,0.0458739809691906,-13.384335699101761,0.8166053891181946,0.986829936504364,10.272853917005705,0.0002853690269255466
284,0.06299208849668503,-12.007139924124106,0.0617922805249691,-12.090657762764783,0.7309845685958862,0.987419605255127,9.595087070993031,0.000285267540008281
285,0.0403011180460453,-13.94682905349538,0.04351453483104706,-13.613656547006553,0.5092827677726746,0.9968567490577698,9.403566848006449,0.0002851657205655073
286,0.05053918808698654,-12.963717393005432,0.05719614773988724,-12.426332207037325,0.518057107925415,0.9961782693862915,9.513056646988844,0.00028506356884845484
287,0.08086981624364853,-10.922135437080536,0.06895945966243744,-11.614061501141276,0.8001710176467896,0.9866256713867188,9.346211767013301,0.00028496108510917277
288,0.08693293482065201,-10.60815658516615,0.08192594349384308,-10.865785483924027,0.895187497138977,0.9839416742324829,9.807658388992422,0.0002848582696005296
289,0.06436485797166824,-11.913511847236878,0.06357907503843307,-11.966857945746309,0.7715696096420288,0.9791843891143799,9.859931640996365,0.0002847551225762123
290,0.06588204205036163,-11.812329480892028,0.06494345515966415,-11.874646094997763,0.9300755262374878,0.9816905856132507,9.493976320998627,0.000284651644290726
291,0.05798259377479553,-12.36702360948605,0.0797952190041542,-10.980231289736025,0.7302533388137817,0.9871771931648254,9.332077928003855,0.000284547834999393
292,0.06235060468316078,-12.051593303214306,0.0546259880065918,-12.62600694966789,0.6658564805984497,0.9936832785606384,9.54905439200229,0.0002844436949583524
293,0.051380179822444916,-12.892043800970534,0.055898185819387436,-12.526022869432774,0.6430004239082336,0.9853665828704834,9.240035790004185,0.00028433922442455955
294,0.066266268491745,-11.787074841944325,0.07017344981431961,-11.538271724817486,0.6566663980484009,0.9900372624397278,9.598680145994877,0.00028423442365578495
295,0.07755743712186813,-11.103765505704617,0.0859798789024353,-10.656031708915737,0.5571448802947998,0.9928900599479675,9.831091107000248,0.00028412929291061416
296,0.060522422194480896,-12.180836992033626,0.05088397487998009,-12.934189704443709,0.4911031723022461,0.9973602294921875,10.09799356199801,0.00028402383244844676
297,0.055874284356832504,-12.527880263017918,0.055644381791353226,-12.545786782250811,0.5029056072235107,0.9960623979568481,9.715959471999668,0.000283918042529496
298,0.04937853291630745,-13.064618175102607,0.05725453048944473,-12.421901423653205,0.5926426649093628,0.9868462085723877,9.773147686995799,0.000283811923414788
299,0.04727120324969292,-13.254033429375031,0.04946495220065117,-13.057024062483361,0.6930109858512878,0.9880785346031189,9.884704931013403,0.0002837054753661612
300,0.04162154719233513,-13.806817798418642,0.045625001192092896,-13.407971111786765,0.7321974635124207,0.991418719291687,9.378890316002071,0.00028359869864626544
301,0.057805538177490234,-12.380305511099754,0.058758363127708435,-12.30930311147118,0.6982279419898987,0.9924399852752686,9.394486427001539,0.00028349159351856174
302,0.029327616095542908,-15.327232373329032,0.03219679370522499,-14.92187375044103,0.9027330875396729,0.9886574745178223,10.671500217998982,0.0002833841602473213
303,0.07153978198766708,-11.454523876601153,0.07891309261322021,-11.028509362279435,0.8619461059570312,0.9871205687522888,10.578930657997262,0.0002832763990976251
304,0.03871803358197212,-14.120867078138144,0.04306632652878761,-13.658621710951097,0.6891737580299377,0.9936153888702393,11.106552522003767,0.0002831683103353631
305,0.06880875676870346,-11.623562888755256,0.05875127390027046,-12.309827121661126,0.7064099907875061,0.991751492023468,10.889127791990177,0.00028305989422723344
306,0.04803072288632393,-13.184808769543485,0.05723443254828453,-12.423426186355462,0.7759034633636475,0.9818364977836609,9.736604757999885,0.0002829511510407421
307,0.06961818039417267,-11.572773320236198,0.08352237939834595,-10.78197141912613,0.826593279838562,0.9833237528800964,8.720700000994839,0.0002828420810442023
308,0.06257368624210358,-12.036082597918153,0.07793416827917099,-11.082720950598567,0.7868191003799438,0.9877681136131287,8.864943647990003,0.00028273268450673314
309,0.03670455887913704,-14.352799909651907,0.05428095534443855,-12.653525173571582,0.7638965249061584,0.9881494641304016,8.4880435239902,0.0002826229616982599
310,0.06766840070486069,-11.696140876339737,0.06851793080568314,-11.641957608963768,0.6370159983634949,0.9949662089347839,8.50098892999813,0.0002825129128895125
311,0.05521394684910774,-12.579512071442842,0.052018679678440094,-12.83840675116126,0.5899193286895752,0.9943768978118896,8.423233244000585,0.0002824025383520257
312,0.07110469788312912,-11.48101704505785,0.1159476712346077,-9.357379695760727,0.6632344722747803,0.9887259006500244,8.418144485010998,0.00028229183835813747
313,0.048277609050273895,-13.162542464775594,0.04778128117322922,-13.207422095581274,0.5858796834945679,0.9963636994361877,8.611044464996667,0.0002821808131809892
314,0.05025504529476166,-12.988203312384881,0.05493103340268135,-12.601822306292005,0.5212323665618896,0.9973573684692383,9.016538183990633,0.00028206946309452445
315,0.057771921157836914,-12.382831901042724,0.05941106006503105,-12.261326984780435,0.5558890104293823,0.9931113123893738,8.774699439003598,0.00028195778837348834
316,0.047967325896024704,-13.190544920935626,0.05475588142871857,-12.615692256150036,0.7535117268562317,0.9926872849464417,8.532854499993846,0.0002818457892934273
317,0.03478586673736572,-14.5859717111904,0.05770905688405037,-12.387560231261887,0.8445971012115479,0.9883133769035339,8.482396683000843,0.00028173346613068786
318,0.0519174225628376,-12.846868761862648,0.04661470279097557,-13.314770804277236,0.7024986147880554,0.9957956671714783,8.449021623004228,0.0002816208191624163
319,0.056457288563251495,-12.482799832535722,0.056477900594472885,-12.481214553122587,0.6888960003852844,0.9893022179603577,8.433343487005914,0.0002815078486665577
320,0.04685831069946289,-13.292133723052457,0.06049497425556183,-12.182807037492553,0.6246785521507263,0.9923460483551025,8.273284808004973,0.0002813945549218557
321,0.05518287792801857,-12.581956536919263,0.0559053011238575,-12.52547008927233,0.6522617340087891,0.9947362542152405,8.289004639998893,0.0002812809382078513
322,0.07456263154745102,-11.274787727731304,0.07170181721448898,-11.44469837405305,0.6749690175056458,0.989443302154541,8.340227515000151,0.00028116699880488245
323,0.05901425704360008,-12.290430560219967,0.07584869116544724,-11.200519089325434,0.7428042888641357,0.9846746325492859,8.574524698007735,0.0002810527369940832
324,0.061000652611255646,-12.146655186878341,0.06850238144397736,-11.642943302530504,0.7933965921401978,0.9877777695655823,8.424993288994301,0.00028093815305738334
325,0.0568380169570446,-12.45361082736162,0.07265351712703705,-11.387433568329115,0.7385338544845581,0.9854662418365479,8.359545093000634,0.00028082324727750726
326,0.05226028710603714,-12.818282086795039,0.056501470506191254,-12.479402490859039,0.5709106922149658,0.9953914284706116,8.533633144004853,0.00028070801993797354
327,0.03808452934026718,-14.192514071640339,0.038686495274305344,-14.124406125258059,0.518991231918335,0.9943315982818604,8.419288635996054,0.00028059247132309424
328,0.03364795073866844,-14.73041380460947,0.03288676589727402,-14.829788331635436,0.6227370500564575,0.9933763742446899,8.49209840799449,0.00028047660171797405
329,0.0596744529902935,-12.242115532839492,0.07002511620521545,-11.547461617949866,0.7103010416030884,0.9889861941337585,8.552272534012445,0.00028036041140850975
330,0.09426741302013397,-10.256384110904493,0.08931659162044525,-10.490678582410123,0.667496383190155,0.9902263283729553,8.913615744997514,0.00028024390068138934
331,0.09010834246873856,-10.452349990226002,0.07402737438678741,-11.30607653955867,0.7906942367553711,0.9769452214241028,8.83585748099722,0.0002801270698240914
332,0.055500857532024384,-12.557003066253703,0.05397723615169525,-12.677893567999432,1.0062925815582275,0.9578609466552734,8.89674784700037,0.0002800099191248846
333,0.04218645766377449,-13.748269401604034,0.04104563221335411,-13.867330506304887,0.9601877927780151,0.9710814952850342,8.962455200002296,0.0002798924488728265
334,0.03410423919558525,-14.67191634343074,0.049446213990449905,-13.058669559488747,0.9597859382629395,0.9731255173683167,9.404249746003188,0.00027977465935776337
335,0.0691312775015831,-11.603254175541913,0.07737048715353012,-11.114246686476578,0.8482572436332703,0.9856935143470764,8.856541766988812,0.00027965655087032904
336,0.0618993304669857,-12.083140484860506,0.06864768266677856,-11.63374118610516,0.6651117205619812,0.9900699257850647,8.82607303399709,0.0002795381237019446
337,0.044422417879104614,-13.523978068093934,0.05709654837846756,-12.433901450826909,0.6142633557319641,0.9884244799613953,9.074439132004045,0.00027941937814481715
338,0.08367770165205002,-10.773902569316983,0.0884348526597023,-10.533765434125185,0.6794655323028564,0.9930918216705322,9.038049948998378,0.0002793003144919396
339,0.05018961429595947,-12.993861418223423,0.04007038101553917,-13.971765279792354,0.6666719317436218,0.9941489696502686,9.221363257005578,0.0002791809330370897
340,0.07639239728450775,-11.169498610741467,0.05749354138970375,-12.403809395872456,0.6652517318725586,0.9873981475830078,9.227990474988474,0.0002790612340748294
341,0.051577500998973846,-12.875397038462664,0.05547958239912987,-12.558668165605733,0.719083309173584,0.9920122623443604,9.727964215999236,0.00027894121790050385
342,0.04671517759561539,-13.305419957602794,0.07247742265462875,-11.39797258851389,0.7030499577522278,0.987739086151123,9.088050963997375,0.00027882088481024107
343,0.06935496628284454,-11.589224350601178,0.08545351028442383,-10.682700924952965,0.7436902523040771,0.9912779927253723,8.917561262001982,0.0002787002351009511
344,0.07182266563177109,-11.437384804669762,0.07829232513904572,-11.062808089853975,0.7322095036506653,0.9864734411239624,9.07253833100549,0.000278579269070325
345,0.08648572117090225,-10.630555888141961,0.08688391745090485,-10.610606056950328,0.8085107803344727,0.9882239103317261,9.343837756008725,0.00027845798701683444
346,0.0799986720085144,-10.96917222304642,0.08038279414176941,-10.948369016063427,0.5853632092475891,0.9887452721595764,9.152950108997175,0.00027833638923973085
347,0.06297238916158676,-12.008498293207042,0.06505874544382095,-11.866943156567585,0.6802706718444824,0.9850724339485168,9.151266509012203,0.00027821447603904465
348,0.034715455025434494,-14.594771379351679,0.04762522503733635,-13.221629591866279,0.8211877942085266,0.9915773868560791,9.03828498799703,0.00027809224771558456
349,0.060423485934734344,-12.187942231378386,0.06725525110960007,-11.722738014470952,0.7178277969360352,0.9838749170303345,8.516154725992237,0.0002779697045709368
350,0.046344224363565445,-13.340043819702274,0.048626914620399475,-13.131232855502725,0.7794702649116516,0.9874216914176941,8.357479498008615,0.0002778468469074644
351,0.04917808622121811,-13.08228375949114,0.087284617125988,-10.59062288774693,0.9907742142677307,0.9625770449638367,8.296552503990824,0.00027772367502830643
352,0.05709239840507507,-12.43421712245642,0.06730195879936218,-11.719722956005594,0.8968589901924133,0.9896173477172852,8.859017591996235,0.00027760018923737726
353,0.07573284953832626,-11.207157020170204,0.05977236479520798,-12.234995616729682,0.6934860944747925,0.990182638168335,8.795338930998696,0.0002774763898393658
354,0.027817415073513985,-15.556832291618235,0.03441104665398598,-14.633021175687869,0.7556807398796082,0.9915624260902405,8.72426928099594,0.0002773522771397348
355,0.05031971260905266,-12.982618479329126,0.05778087303042412,-12.38215900534992,0.731059730052948,0.9910885691642761,8.699640861988883,0.0002772278514447199
356,0.02836831845343113,-15.471664064531863,0.03530588746070862,-14.521528674469561,0.6993709206581116,0.9952293038368225,8.346702113005449,0.00027710311306132924
357,0.03873291611671448,-14.119198046881623,0.039422061294317245,-14.042606711327512,0.7137360572814941,0.9938429594039917,8.246661304001464,0.00027697806229734235
358,0.06164023280143738,-12.101357297098968,0.0616055391728878,-12.103802371131554,0.6159577965736389,0.9941583275794983,8.756447263993323,0.0002768526994613096
359,0.031567394733428955,-15.007612590691274,0.04255121201276779,-13.710880651118307,0.7192158699035645,0.9970803260803223,8.381283341994276,0.0002767270248625512
360,0.05588984861969948,-12.526670666818928,0.05919063836336136,-12.27746976185866,0.8480918407440186,0.9872570633888245,8.54390060401056,0.00027660103881115683
361,0.06190546602010727,-12.082710027084737,0.06606167554855347,-11.800504153146484,0.7149810791015625,0.9890264272689819,8.270596299000317,0.00027647474161798455
362,0.04882437363266945,-13.113633195544125,0.0618295781314373,-12.088037167128281,0.6729143261909485,0.9917803406715393,8.201844191004056,0.0002763481335946601
363,0.08264017850160599,-10.828087534122854,0.09347927570343018,-10.292846612647043,0.6610100269317627,0.9797026515007019,8.368764090002514,0.00027622121505357624
364,0.04433729872107506,-13.53230770081107,0.056242816150188446,-12.499329417524347,0.7363491058349609,0.9881179332733154,8.30515990400454,0.00027609398630789174
365,0.030746497213840485,-15.122043539346194,0.052262455224990845,-12.818101915077989,0.7592383623123169,0.9841448664665222,8.308916395995766,0.00027596644767153097
366,0.09283514320850372,-10.322875882989086,0.077762670814991,-11.092288316629588,0.6248490214347839,0.9911412596702576,8.201138151009218,0.00027583859945918285
367,0.022890767082571983,-16.403396536085264,0.029603371396660805,-15.286588262375902,0.6475545763969421,0.9939954280853271,8.292593076999765,0.0002757104419863001
368,0.05217572674155235,-12.825314930419594,0.0705600157380104,-11.514413310031555,0.6920633912086487,0.9970760941505432,8.25428903599095,0.00027558197556909854
369,0.050458598881959915,-12.970648129910007,0.04028042033314705,-13.949060061460226,0.7085172533988953,0.9910642504692078,8.403985850003664,0.0002754532005245563
370,0.03895307332277298,-14.094582716268318,0.04778323322534561,-13.207244672932717,0.9534991979598999,0.9820642471313477,8.249155226993025,0.00027532411717041304
371,0.061841271817684174,-12.08721587360159,0.06887359917163849,-11.619472212113749,0.8103480339050293,0.9882346391677856,8.2327453350008,0.00027519472582516905
372,0.03776346892118454,-14.229281185962598,0.04331739619374275,-13.6333765666909,0.760576069355011,0.9894756078720093,8.368915587008814,0.00027506502680808457
373,0.05324206128716469,-12.737451389834973,0.06908135116100311,-11.606391766566425,0.8798695206642151,0.98423832654953,8.303426737998961,0.0002749350204391791
374,0.05851774662733078,-12.327124058160981,0.062352076172828674,-12.051490809853524,0.8906539678573608,0.9872000813484192,8.364545912991161,0.00027480470703923046
375,0.029354367405176163,-15.323272743381736,0.05039098486304283,-12.976471535148521,0.7640845775604248,0.9881296753883362,8.218969244000618,0.0002746740869297739
376,0.05147352069616318,-12.884161257646326,0.07661110162734985,-11.157082926835118,0.6923025250434875,0.9959036111831665,8.213958829001058,0.0002745431604331017
377,0.07212261855602264,-11.419285137269428,0.0727347582578659,-11.382580002468883,0.6435158252716064,0.9891738295555115,8.204460124004981,0.0002744119278722618
378,0.06078628823161125,-12.16194374946049,0.07662034034729004,-11.156559232083836,0.7435948848724365,0.9892881512641907,8.207068500996684,0.00027428038957105766
379,0.05676236376166344,-12.45939527455117,0.06409955024719238,-11.931450176795213,0.770601749420166,0.9883595705032349,8.222255273998599,0.0002741485458540469
380,0.060506634414196014,-12.181970033319764,0.06884989142417908,-11.620967402797195,0.9463688135147095,0.9823489189147949,8.627190268001868,0.0002740163970465408
381,0.04776693880558014,-13.208725900335661,0.05799519643187523,-12.366079762489356,0.6681959629058838,0.990805447101593,8.18018668500008,0.0002738839434746034
382,0.05290043726563454,-12.765407381405867,0.06575192511081696,-11.820915272001864,0.7944661974906921,0.9932505488395691,8.456507651004358,0.0002737511854650506
383,0.038959354162216187,-14.093882511177604,0.04016094282269478,-13.961961001876958,0.8720533847808838,0.9876793622970581,8.729385649989126,0.0002736181233454498
384,0.06207524985074997,-12.070815237425009,0.08891747891902924,-10.510128593630753,0.7894666790962219,0.9835649728775024,8.661844991001999,0.00027348475744411844
385,0.06360622495412827,-11.96500379141398,0.06786305457353592,-11.683665962822701,0.8225815892219543,0.978485643863678,8.516267543003778,0.00027335108809012365
386,0.057379718869924545,-12.412415838889967,0.06320703029632568,-11.992346139719041,0.9410098195075989,0.9829134345054626,8.360471786989365,0.00027321711561328123
387,0.054215092211961746,-12.658797992103302,0.058819662779569626,-12.304774696786199,0.8034787774085999,0.9867697954177856,8.256158228003187,0.00027308284034415506
388,0.09972574561834335,-10.011927079170363,0.08152434229850769,-10.887126961938451,0.7562007308006287,0.9884569644927979,8.306353265012149,0.0002729482626140559
389,0.05271551012992859,-12.780615864337552,0.0496181845664978,-13.043591297603312,0.858253002166748,0.986081600189209,8.416433738006162,0.00027281338275504094
390,0.06670013815164566,-11.758732665501746,0.06300903111696243,-12.005971984257817,0.8163718581199646,0.9851977825164795,8.262661632994423,0.00027267820109991287
391,0.04824411869049072,-13.165556227453617,0.0552474670112133,-12.576876287349052,0.8390148878097534,0.9876235723495483,8.257525951994467,0.00027254271798221895
392,0.054368168115615845,-12.646552998886364,0.05529133230447769,-12.573429451318741,0.7531523704528809,0.990297794342041,8.262233194996952,0.0002724069337362503
393,0.0822695791721344,-10.847607241992511,0.07347129285335541,-11.338823179265187,0.6808392405509949,0.9902251362800598,8.287464819004526,0.0002722708486970411
394,0.06535271555185318,-11.847363617924378,0.06941024959087372,-11.585763939180758,0.6661427021026611,0.9868992567062378,8.316062258003512,0.00027213446320036765
395,0.04889460653066635,-13.107390444085084,0.04710492864251137,-13.269336497565442,0.689703643321991,0.9917913675308228,8.389550562991644,0.0002719977775827475
396,0.0759459137916565,-11.194955880295193,0.0750180259346962,-11.248343682913212,0.6559615731239319,0.9872437715530396,8.50841689799563,0.00027186079218143895
397,0.07665425539016724,-11.154637306777897,0.06641723960638046,-11.77719178243725,0.7320453524589539,0.9892775416374207,8.259851325012278,0.00027172350733443984
398,0.062307972460985184,-12.054563807127927,0.0723319724202156,-11.406696919612227,0.6930915713310242,0.9895573258399963,8.344213305987068,0.0002715859233804868
399,0.08945517987012863,-10.483945066973233,0.0937032699584961,-10.282452532895336,0.6799789667129517,0.991011381149292,8.294363075998263,0.00027144804065905466
400,0.09785469621419907,-10.094183269665782,0.07585979253053665,-11.19988349380816,0.5224266052246094,0.9958951473236084,8.391472122995765,0.00027130985951035526
401,0.03084607422351837,-15.108001007107447,0.0455140545964241,-13.418544738574543,0.5967511534690857,0.9947023391723633,8.253648326004623,0.00027117138027533684
402,0.049790315330028534,-13.028551232507102,0.058893125504255295,-12.299353967133417,0.7533882260322571,0.9913893342018127,8.279580630012788,0.00027103260329568326
403,0.05708857998251915,-12.434507594629567,0.05583605542778969,-12.530852702921369,0.588255763053894,0.9960606098175049,8.201802948999102,0.00027089352891381273
404,0.04961869865655899,-13.0435463009308,0.06707283854484558,-11.734533137769647,0.7698362469673157,0.9884562492370605,8.393082024005707,0.0002707541574728776
405,0.07252368330955505,-11.39520147201633,0.08852451294660568,-10.529364540050295,0.7936433553695679,0.972288966178894,8.870987918999163,0.00027061448931676313
406,0.049266599118709564,-13.074474160997767,0.05046546086668968,-12.97005756268253,0.7838087677955627,0.9862748384475708,8.234658256988041,0.0002704745247900864
407,0.047900114208459854,-13.1966345108483,0.05263690650463104,-12.78709642323663,0.8364682793617249,0.9763003587722778,8.310933893008041,0.0002703342642381961
408,0.04954984784126282,-13.04957674808718,0.05029056966304779,-12.985134449010204,0.9565288424491882,0.979651927947998,8.234980423992965,0.0002701937080071712
409,0.07384829223155975,-11.316595434468367,0.06441223621368408,-11.910316230791583,0.820477306842804,0.9829434156417847,8.482967371004634,0.00027005285644382017
410,0.06928540766239166,-11.593582233764092,0.07949143648147583,-10.996796548495134,0.8392370939254761,0.9825515747070312,8.27800511600799,0.0002699117098956802
411,0.060209617018699646,-12.20334135236966,0.06766541302204132,-11.69633262947616,0.8130431771278381,0.9878128170967102,8.248524577007629,0.00026977026871101645
412,0.041189953684806824,-13.852086963662295,0.05064399912953377,-12.954720073400745,0.8468319773674011,0.9873563051223755,8.261699655995471,0.000269628533238821
413,0.0781816765666008,-11.068950205723521,0.08245569467544556,-10.837793450994887,0.8305510878562927,0.9846765398979187,8.133207026010496,0.000269486503828812
414,0.037524424493312836,-14.256859597338822,0.06125812232494354,-12.12836319249641,0.8321589827537537,0.9836732745170593,8.196697495004628,0.00026934418083143286
415,0.05216594785451889,-12.826128970774338,0.06656698882579803,-11.767410880157785,0.7726905345916748,0.9832612872123718,8.847456690011313,0.0002692015645978515
416,0.06970171630382538,-11.56756527891404,0.0822625458240509,-10.84797854264445,0.8188924193382263,0.9853169322013855,8.720340679996298,0.0002690586554799593
417,0.05564206838607788,-12.545967343162587,0.06532208621501923,-11.849399534877742,0.798971951007843,0.9865309596061707,8.23727023700485,0.0002689154538303702
418,0.05982321873307228,-12.23130223855021,0.0754641741514206,-11.222591763252442,0.7727635502815247,0.9851061105728149,8.301506250005332,0.0002687719600024201
419,0.05122292786836624,-12.905356011669234,0.05586818978190422,-12.528354002351843,0.8193711042404175,0.9858770966529846,8.520540070006973,0.0002686281743501658
420,0.03986014053225517,-13.99461174458671,0.0556362085044384,-12.54642473958066,0.7956448793411255,0.9830519556999207,9.298371297001722,0.0002684840972283841
421,0.0513436459004879,-12.895132954098392,0.04463917762041092,-13.502838149166504,0.8913254737854004,0.9900774359703064,9.185942274998524,0.0002683397289925708
422,0.05148936063051224,-12.882825009855472,0.0570545420050621,-12.437097764928968,0.7860614657402039,0.9827450513839722,8.986783195010503,0.00026819506999894044
423,0.05664254352450371,-12.468572529473722,0.05428294464945793,-12.65336601492071,0.7672716975212097,0.9824004769325256,8.745989507995546,0.00026805012060442454
424,0.05549360811710358,-12.557570370377046,0.04387784004211426,-13.57754759411933,0.7932107448577881,0.9863041043281555,8.390996682996047,0.0002679048811666714
425,0.06525453925132751,-11.853892724391883,0.06484649330377579,-11.881135042300585,0.7494611144065857,0.9814680814743042,8.699826601005043,0.0002677593520440448
426,0.06271740049123764,-12.026119505671273,0.06337954849004745,-11.980508590009578,0.7819132208824158,0.985820472240448,8.380976408006973,0.0002676135335956235
427,0.052696794271469116,-12.782158036133236,0.056612011045217514,-12.470914172623388,0.7867397665977478,0.9865983724594116,8.342849984997883,0.00026746742618119994
428,0.07534658163785934,-11.22936446190179,0.07377810776233673,-11.320724876085336,0.8065884113311768,0.9775529503822327,8.303901534003671,0.00026732103016127967
429,0.06176816299557686,-12.092353145164942,0.06063865125179291,-12.172504670063418,0.8333098888397217,0.9845677018165588,8.457320476998575,0.0002671743458970803
430,0.07733477652072906,-11.116251651359825,0.0711526870727539,-11.47808694184503,0.7968164682388306,0.9828190803527832,8.460936382994987,0.0002670273737505307
431,0.063810333609581,-11.95108984810994,0.07267516851425171,-11.386139525378018,0.7427805066108704,0.9769006371498108,8.450334046996431,0.00026688011408427007
432,0.052358899265527725,-12.810094921346113,0.06089325249195099,-12.154308283429751,0.7963340878486633,0.9841252565383911,9.02943934299401,0.0002667325672616469
433,0.029688408598303795,-15.274130814563021,0.04151170700788498,-13.818294075683216,0.8290819525718689,0.9884893298149109,8.562405538992607,0.00026658473364671835
434,0.06213467940688133,-12.066659381220413,0.05526435375213623,-12.575549041375464,0.8361566662788391,0.9866006970405579,8.274377826994169,0.00026643661360424917
435,0.05667879804968834,-12.465793681191501,0.05406692624092102,-12.670683197921825,0.8888503313064575,0.986156165599823,8.308724696995341,0.0002662882074997108
436,0.08227161318063736,-10.847499869649283,0.06680221855640411,-11.752091140029158,0.9010105133056641,0.9849622249603271,8.333431671999278,0.0002661395156992806
437,0.05967124179005623,-12.242349241570455,0.06730479747056961,-11.719539782548978,0.7974473237991333,0.9846385717391968,8.324957126998925,0.0002659905385698408
438,0.05813900753855705,-12.355323861151735,0.0629204511642456,-12.012081719693784,0.755067765712738,0.9876063466072083,8.24835862799955,0.0002658412764789777
439,0.06577734649181366,-11.819236502631059,0.07396209985017776,-11.309907673231187,0.8153725862503052,0.9897892475128174,8.163556928004255,0.00026569172979498055
440,0.09434022754430771,-10.253030805860522,0.08783966302871704,-10.563093389301304,0.7384721636772156,0.9872870445251465,8.262423107007635,0.0002655418988868411
441,0.0404132716357708,-13.934759900353889,0.053209252655506134,-12.740128408579274,0.8534263968467712,0.9930173754692078,8.242405049997615,0.00026539178412425204
442,0.0316607803106308,-14.994783857194207,0.04615958780050278,-13.357380780224307,0.7433064579963684,0.9935444593429565,8.264898654000717,0.0002652413858776067
443,0.07700549811124802,-11.134782655474535,0.06110161915421486,-12.139472810690982,0.7229271531105042,0.991109311580658,9.022212883995962,0.00026509070451799787
444,0.0536247193813324,-12.70634967460337,0.05217057466506958,-12.825743794377093,0.7178753018379211,0.9937509298324585,9.106047971989028,0.00026493974041721675
445,0.07727144658565521,-11.11980957319857,0.07920941710472107,-11.012231826286229,0.7005571722984314,0.9856727123260498,9.268914654006949,0.00026478849394775223
446,0.04915597289800644,-13.084237038852347,0.054372113198041916,-12.646237876006726,0.8503705859184265,0.9844944477081299,8.708776109997416,0.00026463696548279
447,0.05319635197520256,-12.741181491133606,0.05044097825884819,-12.972164992453859,0.8828847408294678,0.9912659525871277,8.4105532829999,0.0002644851553962115
448,0.10118293017148972,-9.948927479427013,0.1006169468164444,-9.973288653093576,0.6336856484413147,0.9848994612693787,8.197457924994524,0.0002643330640625929
449,0.06636963039636612,-11.780306008728182,0.07072394341230392,-11.504335320038724,0.5964924097061157,0.9929111003875732,8.612674300995423,0.00026418069185720465
450,0.0655181035399437,-11.836386819683842,0.06427869200706482,-11.919329691747071,0.7870620489120483,0.9871171116828918,8.424697964001098,0.0002640280391560098
451,0.08031846582889557,-10.951845956170585,0.0883784219622612,-10.536537572291035,0.7379082441329956,0.983220636844635,8.379910650008242,0.0002638751063356639
452,0.03546033054590225,-14.50257220398198,0.04781476780772209,-13.204379488417626,0.7886897325515747,0.9922869801521301,8.525448378000874,0.0002637218937735134
453,0.03552313894033432,-14.49488665509731,0.04102872684597969,-13.869119593165403,0.7653314471244812,0.9872139692306519,8.384657408998464,0.00026356840184759507
454,0.05176471173763275,-12.859662000952103,0.06970197707414627,-11.567549030978473,0.8044922351837158,0.9863148927688599,8.43458550600917,0.0002634146309366349
455,0.03199085220694542,-14.949741905417637,0.05407274514436722,-12.670215817611265,0.780630886554718,0.9876428842544556,8.362340951003716,0.0002632605814200475
456,0.04040079563856125,-13.936100819570058,0.03876723721623421,-14.11535148285116,0.8023349642753601,0.9924098253250122,8.979960021999432,0.0002631062536779346
457,0.06941159069538116,-11.585680028135341,0.089283786714077,-10.492273986642521,0.6904951333999634,0.9835779070854187,8.909039983991534,0.00026295164809108463
458,0.04729882627725601,-13.251496361586213,0.05575692281126976,-12.537012026741793,0.7264825105667114,0.9876195788383484,8.950661231006961,0.00026279676504097153
459,0.041176971048116684,-13.853456029592564,0.046799637377262115,-13.29757511994891,0.7637909054756165,0.9877970814704895,8.79680935900251,0.0002626416049097537
460,0.0497615672647953,-13.031059497768904,0.04946257919073105,-13.057232414010883,0.7795056700706482,0.9890506863594055,8.902276074004476,0.0002624861680802735
461,0.03310476988554001,-14.80109426582036,0.03838370740413666,-14.158530799436402,0.7392116785049438,0.9920260310173035,8.961543593002716,0.00026233045493605564
462,0.07979758828878403,-10.9801023406614,0.07491452246904373,-11.254339844735222,0.8071125745773315,0.9903053045272827,8.684553943996434,0.00026217446586130705
463,0.0740245059132576,-11.306244826813533,0.0594484806060791,-12.258592406650335,0.8675570487976074,0.9919877052307129,8.939055786002427,0.0002620182012409152
464,0.08254692703485489,-10.832990895267109,0.08278564363718033,-10.820449703322964,0.779639720916748,0.983184278011322,9.021966928004986,0.00026186166146044746
465,0.056185588240623474,-12.503750678791137,0.05979926511645317,-12.233041530917898,0.7809697985649109,0.9884788990020752,9.042468139989069,0.0002617048469061502
466,0.042241137474775314,-13.742643955689125,0.05858316272497177,-12.322271857892845,0.7945983409881592,0.9848060607910156,8.483383622995461,0.0002615477579649478
467,0.05770886689424515,-12.38757452913198,0.05461307242512703,-12.627033902072018,0.8552240133285522,0.986486554145813,8.463634665997233,0.0002613903950244415
468,0.0578075647354126,-12.380153257955286,0.06188974156975746,-12.083813307605439,0.812809407711029,0.9822853207588196,8.597370766990934,0.0002612327584729088
469,0.05513787269592285,-12.58549993649356,0.060172222554683685,-12.206039468622992,0.8348930478096008,0.9847622513771057,8.520255149996956,0.0002610748486993021
470,0.04682352766394615,-13.295358698425803,0.06000937148928642,-12.21780921804639,0.8021813035011292,0.978328287601471,8.473380224997527,0.00026091666609324825
471,0.05552855134010315,-12.554836564891067,0.06043589860200882,-12.187050161152722,0.8017258644104004,0.9849970936775208,8.847751271998277,0.000260758211045047
472,0.07126863300800323,-11.47101571248511,0.08471088856458664,-10.720607627505316,0.7296015024185181,0.9866449236869812,8.5628267449938,0.0002605994839456704
473,0.08550481498241425,-10.680094284081068,0.07531055808067322,-11.23144134089095,0.593612551689148,0.991768479347229,8.502543644004618,0.0002604404851867619
474,0.0547008253633976,-12.620061206775539,0.04964106157422066,-13.041589396767165,0.7695017457008362,0.9867836833000183,8.523815121006919,0.000260281215160635
475,0.03527965396642685,-14.524756831993468,0.0407073087990284,-13.903276083042382,0.7800068855285645,0.9912846088409424,8.685556174998055,0.0002601216742602727
476,0.04591388627886772,-13.38055945777433,0.04050465673208237,-13.924950440144228,0.6901342272758484,0.9892072677612305,8.29482689400902,0.00025996186287932633
477,0.06572949886322021,-11.822396788611735,0.06018529832363129,-12.205095824340294,0.7347596883773804,0.989316463470459,8.582478653988801,0.00025980178141211464
478,0.025573499500751495,-15.922098386412856,0.030572669580578804,-15.146666373639041,0.7972972989082336,0.9914194941520691,8.632796154997777,0.0002596414302536226
479,0.06166131794452667,-12.099871969245823,0.06308425962924957,-12.00078989543285,0.7081832885742188,0.9916129112243652,8.48739085100533,0.000259480809799501
480,0.06112867593765259,-12.137550110278955,0.053357914090156555,-12.72801156535422,0.7631997466087341,0.9958865642547607,8.62882097599504,0.00025931992044606457
481,0.06981871277093887,-11.560281624138087,0.052601687610149384,-12.790003222254896,0.7563267946243286,0.9909313917160034,8.469865013001254,0.0002591587625902919
482,0.05707273259758949,-12.435713332670954,0.05785504728555679,-12.376587471170414,0.702898383140564,0.9859460592269897,8.544985453001573,0.000258997336629824
483,0.07050242274999619,-11.517959586212292,0.07407215982675552,-11.303449918193028,0.7506192922592163,0.9864336252212524,8.68714876800368,0.0002588356429629634
484,0.052046824246644974,-12.836057647855421,0.0431913398206234,-13.646033236646433,0.8368369340896606,0.9914019107818604,8.485136257004342,0.0002586736819886731
485,0.06414125114679337,-11.9286257291891,0.07946129143238068,-10.998443809137635,0.8228698968887329,0.9723271727561951,8.331942322998657,0.00025851145410657575
486,0.06125713512301445,-12.128433181550713,0.06780378520488739,-11.687460605851047,0.7629622220993042,0.9819462299346924,8.675553245004267,0.0002583489597169525
487,0.03637334331870079,-14.392167781709038,0.048772286623716354,-13.118268826037019,0.7318278551101685,0.9892849326133728,8.425391381999361,0.000258186199220742
488,0.1062726229429245,-9.735786003470277,0.10719572752714157,-9.698225238590044,0.6714280247688293,0.9885277152061462,8.31690573200467,0.0002580231730195398
489,0.038962915539741516,-14.093485529258524,0.05550885200500488,-12.556377543401409,0.7800477743148804,0.990706741809845,8.657432502994197,0.00025785988151559667
490,0.04988912492990494,-13.019941136397366,0.058081164956092834,-12.359646814029494,0.7824063301086426,0.9834527969360352,8.92992806599068,0.00025769632511181824
491,0.04830017313361168,-13.1605131249338,0.04785457253456116,-13.200765587839827,0.8679548501968384,0.9778254628181458,9.028270340990275,0.00025753250421176364
492,0.055951714515686035,-12.521866009367507,0.05656103789806366,-12.474826298034412,0.978295087814331,0.9738682508468628,8.95504411199363,0.00025736841921964474
493,0.04463899880647659,-13.502855546005925,0.05431307479739189,-12.65095610019477,0.8961322903633118,0.9808366298675537,9.336020775997895,0.00025720407054032486
494,0.0407898910343647,-13.894474548398811,0.04345837980508804,-13.619264688666636,1.033579707145691,0.9776639938354492,9.367935093003325,0.0002570394585793181
495,0.07542849332094193,-11.224645671945927,0.07399497926235199,-11.307977471905776,0.8213452100753784,0.9879596829414368,9.271345585992094,0.0002568745837427881
496,0.051427021622657776,-12.888086269498762,0.05585111677646637,-12.52968138475998,0.7915006875991821,0.9910762310028076,8.990552364004543,0.000256709446437547
497,0.04225568473339081,-13.74114856354521,0.04114067927002907,-13.857285419746873,0.7889825701713562,0.987577497959137,8.81248218100518,0.00025654404707105483
498,0.06362196803092957,-11.96392900896878,0.07445141673088074,-11.2812703366756,0.7575657367706299,0.9786715507507324,9.242557054996723,0.0002563783860514181
499,0.08177677541971207,-10.873700183182578,0.07704772800207138,-11.132401633086648,0.8446012139320374,0.9802433252334595,8.560903807010618,0.0002562124637873888
500,0.08548841625452042,-10.680927285130846,0.10132230073213577,-9.942949572119208,0.7370021343231201,0.9747505187988281,8.941667310005869,0.0002560462806883637
501,0.055299803614616394,-12.5727641098835,0.056952379643917084,-12.444881250516872,0.7898788452148438,0.9825736880302429,8.582580955000594,0.000255879837164383
502,0.06407873332500458,-11.93286081739107,0.06761149317026138,-11.699794727478245,0.7522386908531189,0.9806377291679382,8.549458994995803,0.0002557131336261296
503,0.06476902961730957,-11.88632609578351,0.06359172612428665,-11.965993864252113,0.7769119739532471,0.9836651682853699,8.636641801000223,0.00025554617048492793
504,0.0683773010969162,-11.650880451219638,0.06139764562249184,-12.118482821541093,0.8051982522010803,0.9820564985275269,8.720428139989963,0.0002553789481527429
505,0.06022057682275772,-12.202550889066995,0.08649543672800064,-10.6300680416167,0.7637804746627808,0.9842973351478577,8.569262935998267,0.000255211467042179
506,0.05310950055718422,-12.748277826675604,0.06083383038640022,-12.158548374292529,0.6935522556304932,0.992709219455719,8.702944629010744,0.0002550437275664793
507,0.058577410876750946,-12.322698280514077,0.0631951242685318,-11.99316427801823,0.6763507723808289,0.9885111451148987,8.851679762999993,0.00025487573013952415
508,0.043552082031965256,-13.609910784562187,0.05057667940855026,-12.960496874757705,0.6015178561210632,0.9930219054222107,8.364667394009302,0.00025470747517583055
509,0.05198334902524948,-12.841357445201352,0.08474728465080261,-10.718742079287793,0.7967069149017334,0.989164412021637,8.7317285080062,0.00025453896309055095
510,0.05715746805071831,-12.429270177313473,0.04914727434515953,-13.085005626588293,0.840636670589447,0.9872451424598694,8.622897172012017,0.00025437019429947215
511,0.05235115438699722,-12.810737373125583,0.06974460184574127,-11.56489400655037,0.7673447132110596,0.980563223361969,10.244042492005974,0.0002542011692190143
512,0.06204790249466896,-12.072728950669994,0.06610335409641266,-11.797765037663764,0.6760563850402832,0.9888246655464172,10.41650682099862,0.00025403188826623004
513,0.06636447459459305,-11.780643395454991,0.07072674483060837,-11.504163296766672,0.7330738306045532,0.9900344014167786,8.68634791400109,0.0002538623518588033
514,0.056867022067308426,-12.45139513670874,0.07932762801647186,-11.005755313979789,0.8153727054595947,0.9830095767974854,8.919624236004893,0.0002536925604150483
515,0.0654667392373085,-11.839792898413467,0.07575208693742752,-11.20605398028848,0.9014691710472107,0.9659836292266846,8.604937453012099,0.0002535225143539086
516,0.06205165386199951,-12.072466387582814,0.07551475614309311,-11.219681757115056,0.9975737929344177,0.9715322852134705,8.934230073995423,0.00025335221409495583
517,0.08146899938583374,-10.890076177196171,0.07860463112592697,-11.045518660010575,0.9188475608825684,0.9856655597686768,8.775344328998472,0.0002531816600583891
518,0.043122097849845886,-13.653001192757673,0.04846087098121643,-13.146087845986123,0.8030412793159485,0.985806941986084,8.925580359005835,0.0002530108526650333
519,0.04504621401429176,-13.463417041602025,0.052788201719522476,-12.7746313239488,0.9194605946540833,0.9882789850234985,9.624436221987708,0.000252839792336339
520,0.05134925618767738,-12.894658429234235,0.053773317486047745,-12.694331693649035,0.8311205506324768,0.9800347089767456,9.723786111004301,0.00025266847949438035
521,0.049998991191387177,-13.01038758143969,0.06888075917959213,-11.619020748801137,0.8769345879554749,0.9751521348953247,10.06467054899258,0.0002524969145618548
522,0.05775124207139015,-12.384386708404183,0.05793078988790512,-12.370905498359319,0.9210190773010254,0.9847164750099182,9.858690643988666,0.00025232509796208177
523,0.10484957695007324,-9.794333174941558,0.08371821790933609,-10.771800249576309,0.8758103251457214,0.981418251991272,10.01462919700134,0.00025215303011900166
524,0.0547034777700901,-12.619850625371054,0.07098235189914703,-11.488496150147146,0.8804205656051636,0.9761214852333069,10.355855542991776,0.0002519807114571748
525,0.07012662291526794,-11.541170748919466,0.06700866669416428,-11.738690233518572,0.8759505152702332,0.9743659496307373,10.117417822999414,0.00025180814240178027
526,0.05716366320848465,-12.428799481685221,0.06680934131145477,-11.75162810027116,0.8434591889381409,0.9708572030067444,9.990210156989633,0.0002516353233786151
527,0.09471417963504791,-10.235849980114955,0.08727080374956131,-10.591310242300677,1.0012245178222656,0.9799588918685913,9.83042423799634,0.0002514622548140931
528,0.058925408869981766,-12.296973953153888,0.05530015379190445,-12.572736608957198,0.8537627458572388,0.9787322878837585,9.686732431000564,0.0002512889371352437
529,0.04851556569337845,-13.141189003542754,0.06268587708473206,-12.02830293214129,0.8641905188560486,0.9801140427589417,9.741852366001694,0.00025111537076971105
530,0.07375503331422806,-11.322083364828273,0.060837049037218094,-12.158318599954363,0.8737267255783081,0.9775400757789612,9.758699986996362,0.0002509415561457529
531,0.058143969625234604,-12.354953212426253,0.06984062492847443,-11.558918832456701,0.8299374580383301,0.979826033115387,9.378203501997632,0.0002507674936922396
532,0.046571820974349976,-13.318767806611078,0.05898290500044823,-12.292738415666921,0.8320803642272949,0.9829788208007812,8.841729312000098,0.00025059318383865287
533,0.06716467440128326,-11.728590862613002,0.0681024044752121,-11.668375542793438,0.8429949879646301,0.982853353023529,9.508862239003065,0.000250418627015085
534,0.058755893260240555,-12.309485668012908,0.07625413686037064,-11.177365904424132,0.7623012065887451,0.9836390614509583,8.91244825400645,0.00025024382365223765
535,0.04605874419212341,-13.366879073928882,0.04542280733585358,-13.427260279052053,0.7349498867988586,0.984952449798584,9.211562246011454,0.0002500687741814206
536,0.0756390243768692,-11.212540814933172,0.06860160082578659,-11.636657498598929,0.5919695496559143,0.9949355721473694,9.204986142998678,0.0002498934790345511
537,0.04687277600169182,-13.290793249745697,0.040104564279317856,-13.968061977301256,0.7475035786628723,0.9930901527404785,9.064426060998812,0.0002497179386441526
538,0.06328953057527542,-11.986681255118858,0.06777208298444748,-11.689491660468029,0.7320924401283264,0.9872461557388306,8.904191609006375,0.00024954215344335335
539,0.08835374563932419,-10.537750344261205,0.08619685471057892,-10.645085811164359,0.8049044609069824,0.9906046390533447,9.140140176998102,0.00024936612386588597
540,0.04984976351261139,-13.023368976327113,0.0606386624276638,-12.172503869646768,0.869580090045929,0.9827252626419067,8.946314875996904,0.000249189850346086
541,0.0636526569724083,-11.961834634194952,0.06956499069929123,-11.576092685921553,0.7445866465568542,0.9865230917930603,9.234052161002182,0.00024901333331889074
542,0.05780697613954544,-12.380197477987686,0.07432658970355988,-11.288557932897252,0.8681396842002869,0.9862872958183289,9.127530148005462,0.0002488365732198384
543,0.05542204901576042,-12.563174218915298,0.07008910179138184,-11.543495055623492,0.8495392203330994,0.9873108267784119,9.170155397005146,0.000248659570485067
544,0.06340452283620834,-11.978797614686972,0.06383071094751358,-11.949703183573346,0.7746805548667908,0.9896718859672546,9.187440426001558,0.0002484823255513132
545,0.04561616852879524,-13.408811955224945,0.06235140562057495,-12.051537515388837,0.7977250814437866,0.9862655997276306,9.691114146990003,0.00024830483885591125
546,0.0512818843126297,-12.900360253773709,0.053876329213380814,-12.686020019662523,0.7313590049743652,0.9905769228935242,9.261057096999139,0.00024812711083679195
547,0.05628271773457527,-12.496249398608434,0.07328841835260391,-11.349646507685481,0.7437812685966492,0.9902963042259216,9.149856445990736,0.0002479491419324814
548,0.0826122984290123,-10.82955294777621,0.09318416565656662,-10.306578789741142,0.7672268748283386,0.9832348823547363,9.315407414003857,0.0002477709325821003
549,0.06957817077636719,-11.575269931184419,0.06978908181190491,-11.562125154756625,0.9180893301963806,0.9890620112419128,9.216357252007583,0.00024759248322536254
550,0.03949401155114174,-14.034687511336648,0.04045344144105911,-13.930445263206774,0.7841659188270569,0.9797556400299072,9.006491371997981,0.00024741379430257406
551,0.04975270852446556,-13.031832713877126,0.06649830937385559,-11.771893958774138,0.8253346085548401,0.9819164276123047,9.233710995991714,0.00024723486625463203
552,0.04969033971428871,-13.037280341264541,0.0308399498462677,-15.10886336881541,0.8747682571411133,0.9917953014373779,9.165439963006065,0.00024705569952302364
553,0.03987223282456398,-13.993294433777484,0.03757164254784584,-14.251398181304737,0.852481484413147,0.980731725692749,9.030122499010758,0.000246876294549825
554,0.0818106085062027,-10.871903770448865,0.09011156857013702,-10.452194504849556,0.8930855989456177,0.9808831214904785,8.663025526999263,0.00024669665177770003
555,0.051796868443489075,-12.856964962082335,0.06300007551908493,-12.006589299442517,0.8783278465270996,0.9876001477241516,8.627431368004181,0.0002465167716498994
556,0.11633917689323425,-9.34274013182972,0.0985528901219368,-10.063306352501993,0.7775198221206665,0.9831070899963379,8.358165792989894,0.0002463366546102595
557,0.06706271320581436,-11.735188799720495,0.05998070165514946,-12.21988458156159,0.8081598281860352,0.9867408275604248,8.47076147099142,0.0002461563011032012
558,0.06702902168035507,-11.737371192828315,0.0768895223736763,-11.141328368550578,0.727560818195343,0.9807021617889404,8.447692784990068,0.00024597571157372887
559,0.03358478844165802,-14.738573830650237,0.03417346253991127,-14.66311015165941,0.8109745979309082,0.9903634190559387,9.018101414010744,0.00024579488646742916
560,0.06793879717588425,-11.678821463689356,0.07795282453298569,-11.081681440120224,0.7616445422172546,0.9868009090423584,9.468585252005141,0.0002456138262304701
561,0.042135097086429596,-13.75356001042934,0.04353509470820427,-13.611605064097073,0.8442423343658447,0.988844633102417,9.565074487996753,0.0002454325313095998
562,0.08021237701177597,-10.957586135909034,0.07036522030830383,-11.526419482449374,0.8367066979408264,0.9886013865470886,9.43170759199711,0.0002452510021521454
563,0.05082228407263756,-12.939458206259449,0.06516028195619583,-11.86017045109548,0.8005213737487793,0.9852623343467712,9.553145634999964,0.00024506923920601214
564,0.05379022657871246,-12.692966263425909,0.059564489871263504,-12.250125732896478,0.7792120575904846,0.9837700724601746,9.098315833995002,0.000244887242919682
565,0.07319331914186478,-11.355285581738793,0.07808580249547958,-11.074279220502444,0.8123829960823059,0.9877514839172363,9.136746504998882,0.0002447050137422127
566,0.056266047060489655,-12.497535948812873,0.05083411559462547,-12.938447278319487,0.8321855664253235,0.992123544216156,9.259607230007532,0.0002445225521232367
567,0.05980031192302704,-12.232965506849938,0.06608230620622635,-11.79914808974669,0.823519229888916,0.9879357218742371,9.077803072010283,0.0002443398585129598
568,0.032306842505931854,-14.907054854619206,0.038541022688150406,-14.140767654885078,0.8833808898925781,0.9844838380813599,9.152934912999626,0.0002441569333621604
569,0.03428469970822334,-14.648996500544733,0.04101279750466347,-13.870806062346833,0.8959341645240784,0.9878349900245667,8.97309679198952,0.00024397377712218803
570,0.0857543796300888,-10.66743690515008,0.09450696408748627,-10.245361877472028,0.7862323522567749,0.9843713641166687,9.223781484004576,0.0002437903902449626
571,0.06842448562383652,-11.647884586768418,0.0743761956691742,-11.28566039498219,0.7284128665924072,0.9767577648162842,9.33674141499796,0.00024360677318297294
572,0.029886575415730476,-15.24523846179325,0.03783474117517471,-14.221092326530304,0.7952545881271362,0.985598623752594,9.17486104600539,0.00024342292638927592
573,0.09106326848268509,-10.406567658557012,0.08392226696014404,-10.761227932199075,0.7666367888450623,0.9841457009315491,9.115451213001506,0.00024323885031749527
574,0.07841606438159943,-11.05594958258856,0.07024917006492615,-11.533588022117469,0.811126172542572,0.982710063457489,9.16772889799904,0.00024305454542182032
575,0.0757533460855484,-11.205981792635551,0.07020515948534012,-11.536309697205173,0.8486306667327881,0.98441481590271,9.157041954007582,0.0002428700121570051
576,0.0830015018582344,-10.809140492711906,0.07198536396026611,-11.427557951937422,0.7410845756530762,0.9907299280166626,9.09302965599636,0.00024268525097836716
577,0.05486336722970009,-12.607175411566613,0.05980532988905907,-12.232601096789288,0.8738747835159302,0.9878551363945007,9.175540031006676,0.00024250026234178625
578,0.08945783227682114,-10.483816297625877,0.10877835750579834,-9.634575030784818,0.7766643166542053,0.9811123609542847,9.224672199998167,0.0002423150467037035
579,0.040112487971782684,-13.96720400114075,0.05260515213012695,-12.78971719105903,0.8409684300422668,0.9863429665565491,9.200546594001935,0.0002421296045211201
580,0.0649283155798912,-11.87565863774604,0.07380042970180511,-11.319411094911342,0.8110777139663696,0.9812350273132324,9.382002815997112,0.00024194393625159616
581,0.08672180026769638,-10.618717151386507,0.0856645256280899,-10.6719898569683,0.8180750012397766,0.981476366519928,9.697521895999671,0.00024175804235324966
582,0.07045543938875198,-11.520854723095809,0.07394861429929733,-11.310699596978242,0.8305023908615112,0.9821227192878723,9.351522857992677,0.0002415719232847554
583,0.08073317259550095,-10.929479805764048,0.06556537002325058,-11.833254834665363,0.851654052734375,0.9852610230445862,8.863614740999765,0.0002413855795053436
584,0.0640319362282753,-11.936033655664906,0.05685605853796005,-12.45223250416089,0.816578209400177,0.9897205829620361,9.105055052001262,0.00024119901147479902
585,0.05147988349199295,-12.883624446426998,0.061574600636959076,-12.105983962374278,0.7182101011276245,0.9870589971542358,9.27548936799576,0.00024101221965345978
586,0.05859856307506561,-12.321130333980673,0.062473807483911514,-12.043020250400945,0.6961308121681213,0.98638516664505,9.221603522004443,0.0002408252045022161
587,0.04042347893118858,-13.933663128881147,0.04287785664200783,-13.677669320694712,0.7824586033821106,0.9815621376037598,9.059154431990464,0.0002406379664825093
588,0.04997684806585312,-13.012311373719914,0.06174596771597862,-12.093913984803596,0.9180052876472473,0.9733405113220215,9.06720929700532,0.0002404505060563305
589,0.07110858708620071,-11.480779506148071,0.07321672886610031,-11.353896781682622,0.8492988348007202,0.9809797406196594,9.210504133996437,0.00024026282368621975
590,0.05499567463994026,-12.596714660228525,0.061566196382045746,-12.10657676697313,0.8406700491905212,0.9777823090553284,9.482821874000365,0.00024007491983526463
591,0.05035847797989845,-12.979274043482507,0.057983480393886566,-12.366957201481545,0.840869128704071,0.983221173286438,9.50504520800314,0.00023988679496709918
592,0.045734480023384094,-13.397562542377212,0.05136876180768013,-12.893009023725782,0.8068239688873291,0.9851791858673096,9.367837276004138,0.00023969844954590283
593,0.05287106707692146,-12.767819242955422,0.061357442289590836,-12.121327524201321,0.7768513560295105,0.9811968207359314,8.88899870000023,0.00023950988403639915
594,0.032781586050987244,-14.843700380454901,0.036065664142370224,-14.429060659376574,0.831911563873291,0.9846892356872559,9.163927310000872,0.00023932109890385488
595,0.07735690474510193,-11.11500915845701,0.07802736014127731,-11.077530860876148,0.864650547504425,0.9827725291252136,9.142925053005456,0.00023913209461407848
596,0.040684837847948074,-13.905674105629828,0.04906759038567543,-13.09205268847397,0.8752797842025757,0.9849275350570679,9.12349155699485,0.00023894287163341927
597,0.07418850064277649,-11.296634059606125,0.07116228342056274,-11.477501249293976,0.5614550113677979,0.9924249649047852,9.42434162000427,0.0002387534304287662
598,0.056019630283117294,-12.5165976174054,0.056375544518232346,-12.489092503369395,0.8927882313728333,0.9824203252792358,9.002633151991176,0.0002385637714675465
599,0.046697646379470825,-13.307050078649961,0.054404497146606445,-12.64365199462386,0.9088653922080994,0.9864038825035095,9.447115679999115,0.00023837389521772488
600,0.07506551593542099,-11.24559526084222,0.0597294345498085,-12.238115966312312,0.8489218950271606,0.9874950647354126,8.896547295997152,0.0002381838021478021
601,0.05985448136925697,-12.229033279390443,0.06338686496019363,-11.98000727384412,0.8585324883460999,0.9883113503456116,9.525508495004033,0.00023799349272681392
602,0.07254243642091751,-11.394078622264283,0.09613829851150513,-10.171035684271459,0.8550097942352295,0.9834393858909607,9.50668188900454,0.0002378029674243299
603,0.04448762908577919,-13.51760738823005,0.0576697438955307,-12.390519772273977,0.8102911710739136,0.9818106889724731,8.833732811006485,0.0002376122267104523
604,0.06870110332965851,-11.630362881723421,0.06963793188333511,-11.571541350928749,0.862429141998291,0.984442412853241,9.344302462995984,0.00023742127105581484
605,0.08160228282213211,-10.882976916919493,0.08686644583940506,-10.611479473770425,0.7842153906822205,0.9800531268119812,8.85101368901087,0.00023723010093158167
606,0.05166595056653023,-12.867955759053455,0.06649824231863022,-11.771898338092848,0.8893356919288635,0.9832491874694824,9.051987097991514,0.000237038716809446
607,0.059520501643419266,-12.253334171717698,0.07687297463417053,-11.142263133805152,0.7910958528518677,0.9802571535110474,9.102974573994288,0.00023684711916162918
608,0.05245014280080795,-12.802533250499701,0.05434240400791168,-12.648611530967981,0.48247838020324707,0.9966379404067993,9.13327479599684,0.00023665530846087932
609,0.07296929508447647,-11.368598491970586,0.06664866954088211,-11.762085156632677,0.6384749412536621,0.9901273846626282,9.164983312992263,0.00023646328518047032
610,0.05514245852828026,-12.585138747573152,0.06044894829392433,-12.186112506954219,0.896833062171936,0.9742088317871094,9.009069968989934,0.00023627104979420048
611,0.05189291760325432,-12.848919110393773,0.06257359683513641,-12.03608880323904,0.8957523703575134,0.9797578454017639,9.379111560992897,0.00023607860277639152
612,0.05100800469517708,-12.923616646356118,0.058565426617860794,-12.323586887557422,0.9168946146965027,0.981768012046814,9.363777457998367,0.00023588594460188732
613,0.05690433830022812,-12.448546223841575,0.07623241096735,-11.178603447755188,0.9394327402114868,0.9830242395401001,8.889575371998944,0.00023569307574605278
614,0.07735159993171692,-11.115306989683072,0.07838957756757736,-11.057416759042066,0.9024911522865295,0.9822672605514526,9.323312129999977,0.00023549999668477263
615,0.05661836639046669,-12.47042665479687,0.062405116856098175,-12.047797992327162,0.9591740965843201,0.9842531681060791,8.986393457991653,0.00023530670789445027
616,0.06733553111553192,-11.717557099828621,0.076140858232975,-11.183822322737019,0.9163910150527954,0.9834519624710083,9.140502677008044,0.00023511320985200655
617,0.07191962003707886,-11.431526157103335,0.07888147234916687,-11.03024991733361,0.7977810502052307,0.977586567401886,9.6026591030095,0.00023491950303487872
618,0.06013438105583191,-12.208771547193374,0.06571947783231735,-11.82305895860984,0.8176741600036621,0.9868300557136536,8.909266009010025,0.000234725587921019
619,0.07013771682977676,-11.540483756648642,0.05140497535467148,-12.889948447217945,0.8264994025230408,0.9890210628509521,8.993849916005274,0.00023453146498889372
620,0.06940753757953644,-11.585933630915914,0.07159776985645294,-11.45100504978262,0.7778486609458923,0.9834626317024231,9.213158849001047,0.0002343371347174819
621,0.030843788757920265,-15.108322799068166,0.03580012917518616,-14.46115406305745,0.9283636212348938,0.9866454005241394,9.164412979996996,0.00023414259758627417
622,0.07983015477657318,-10.978330287023823,0.06668735295534134,-11.759565208370027,0.8269338607788086,0.9866179823875427,9.064762485009851,0.00023394785407527155
623,0.06632312387228012,-11.78335026351377,0.07791232317686081,-11.083938457308317,0.8221633434295654,0.9808757901191711,8.916068521997659,0.00023375290466498433
624,0.06312833726406097,-11.997756493882916,0.06591260433197021,-11.810315282158008,0.8519437313079834,0.9883145093917847,9.383099483005935,0.00023355774983643073
625,0.06378323584794998,-11.952934519212889,0.07172424346208572,-11.443340239329924,0.7699584364891052,0.9918585419654846,9.209661679007695,0.00023336239007113596
626,0.0627807229757309,-12.021736873139492,0.07078328728675842,-11.500692719078538,0.705577552318573,0.9879819750785828,9.329001395002706,0.00023316682585113082
627,0.04506576806306839,-13.46153222774711,0.04642906412482262,-13.332100703525064,0.785973310470581,0.991100013256073,9.246224317990709,0.00023297105765895053
628,0.0728238895535469,-11.377261289318028,0.07249170541763306,-11.397116830427796,0.7194551229476929,0.9851924777030945,9.002557190993684,0.00023277508597763366
629,0.04455818980932236,-13.510724608180995,0.04181796312332153,-13.786371246845555,0.7831867933273315,0.9846930503845215,9.059173870002269,0.0002325789112907209
630,0.040416255593299866,-13.934439246173643,0.041933879256248474,-13.774349596310667,0.6274393796920776,0.991553783416748,9.031795846996829,0.00023238253408225374
631,0.05477810651063919,-12.61392983870284,0.06811224669218063,-11.667747942092653,0.6851273775100708,0.9870914816856384,9.098725140996976,0.0002321859548367734
632,0.05610743910074234,-12.509795532420643,0.06053408607840538,-12.180000100153325,0.6612829566001892,0.9887655973434448,9.151600358003634,0.0002319891740393197
633,0.06757968664169312,-11.701838263176295,0.07352548092603683,-11.335621261099076,0.8479259610176086,0.9772657752037048,9.188794433008297,0.00023179219217542966
634,0.054244883358478546,-12.656412203097007,0.05180805176496506,-12.856027389848244,0.8515653610229492,0.984484076499939,9.028426745993784,0.00023159500973113644
635,0.054472025483846664,-12.638264756441192,0.0637684017419815,-11.953944678002966,0.8559709787368774,0.9827849864959717,8.60762927099131,0.0002313976271929681
636,0.04801619052886963,-13.186122986205962,0.057269610464572906,-12.420757708455941,0.7716531157493591,0.9873284101486206,8.72011531800672,0.00023120004504794647
637,0.08450685441493988,-10.731080636622675,0.07509560883045197,-11.243854573503656,0.7567803263664246,0.9855610728263855,9.311357119004242,0.00023100226378358586
638,0.05487608537077904,-12.606168769309086,0.06868800520896912,-11.631190959235003,0.7043078541755676,0.978422999382019,9.00362153199967,0.00023080428388789188
639,0.03061514161527157,-15.140637273102982,0.040742386132478714,-13.899535395416331,0.8253248333930969,0.986666202545166,9.515062172999023,0.00023060610584936015
640,0.047948528081178665,-13.192247202055025,0.03631311655044556,-14.399364764241497,0.7540965676307678,0.9930369257926941,9.472006422991399,0.0002304077301569754
641,0.04145396500825882,-13.82433923514511,0.03974057734012604,-14.00765827859221,0.749468207359314,0.9901455640792847,9.377203944997746,0.00023020915730020988
642,0.10551341623067856,-9.766923154853512,0.0729636549949646,-11.36893418856992,0.835921585559845,0.9886807203292847,9.34346479800297,0.00023001038776902235
643,0.07123732566833496,-11.472923928142315,0.06072268262505531,-12.166490502885068,0.7915177345275879,0.9796576499938965,9.190291061997414,0.00022981142205385694
644,0.03532863408327103,-14.518731534265008,0.04401862621307373,-13.563635155527102,0.9412344694137573,0.9866428971290588,9.358555532002356,0.00022961226064564168
645,0.06622433662414551,-11.789823833739808,0.05031535401940346,-12.982994672538531,0.8150846362113953,0.9854336380958557,9.3239275800006,0.00022941290403578763
646,0.05038025975227356,-12.977395976731072,0.06443247944116592,-11.908951561387981,0.8503511548042297,0.9861690998077393,9.19828975800192,0.00022921335271618731
647,0.061909254640340805,-12.08244424659383,0.08714082092046738,-10.59778353053191,0.7559596300125122,0.9867846965789795,8.941823992005084,0.00022901360717921391
648,0.05302847549319267,-12.754908581534858,0.06562686711549759,-11.829183275195954,0.7708490490913391,0.9913864731788635,9.018470340990461,0.00022881366791771952
649,0.04982953518629074,-13.025131639334234,0.05404571816325188,-12.672387078401712,0.8473882079124451,0.9866028428077698,9.210011974995723,0.00022861353542503454
650,0.07533016800880432,-11.23031063953987,0.07990536838769913,-10.974240419217015,0.8387550711631775,0.986655592918396,9.593095558011555,0.00022841321019496596
651,0.09539687633514404,-10.20465845549424,0.0976790338754654,-10.101986445606649,0.782299280166626,0.9871762990951538,9.442437153993524,0.00022821269272179626
652,0.05326385423541069,-12.735674106901325,0.05850881710648537,-12.327786820787335,0.7441356182098389,0.985106885433197,8.95341506699333,0.00022801198350028254
653,0.04662076011300087,-13.314206499354535,0.06631112843751907,-11.784135814915185,0.7596253752708435,0.9851672649383545,9.334380362008233,0.00022781108302565473
654,0.06815509498119354,-11.66501672625446,0.06662196666002274,-11.763825512091877,0.7618305087089539,0.9870550036430359,8.9441478200024,0.00022760999179361483
655,0.04619878530502319,-13.353694430981268,0.059733666479587555,-12.237808272348946,0.7755986452102661,0.9828002452850342,9.370632161997491,0.0002274087103003355
656,0.059198033064603806,-12.276927230565706,0.06196723133325577,-12.078379074829861,0.7726712822914124,0.9829440116882324,8.95130585199513,0.0002272072390424587
657,0.058114178478717804,-12.357178971400703,0.05178642272949219,-12.857840878634573,0.8283299803733826,0.9859039783477783,9.169404856002075,0.00022700557851709484
658,0.04577140137553215,-13.394057906363223,0.044897668063640594,-13.477762151872952,0.7436687350273132,0.9861540794372559,9.020688595002866,0.00022680372922182114
659,0.06339191645383835,-11.9796611850441,0.0622013583779335,-12.062001309034985,0.7584652304649353,0.9880534410476685,9.10011806699913,0.00022660169165468076
660,0.0656408742070198,-11.828256436276154,0.0734020546078682,-11.34291783506198,0.8191365003585815,0.9861482381820679,9.06413521200011,0.00022639946631418124
661,0.037199586629867554,-14.294618860570987,0.04744233563542366,-13.23833938340226,0.7582464814186096,0.9906917214393616,8.835033630995895,0.00022619705369929355
662,0.06844032555818558,-11.646879332597866,0.07138261198997498,-11.46407564638795,0.8368749618530273,0.9911512136459351,9.096223278000252,0.0002259944543094507
663,0.08151639252901077,-10.887550480764132,0.07888919115066528,-11.029824967241375,0.7690406441688538,0.9850171208381653,9.367270428003394,0.00022579166864454645
664,0.06003403663635254,-12.216024540722753,0.04845201596617699,-13.146881483303211,0.8052486777305603,0.9865769743919373,8.422412503001397,0.00022558869720493442
665,0.050518833100795746,-12.965466894568465,0.06866605579853058,-11.632578979049716,0.8244333863258362,0.9849886298179626,8.319126578993746,0.00022538554049142637
666,0.031084643676877022,-15.074541065689065,0.036856088787317276,-14.334907545151498,0.8245269060134888,0.9888513088226318,8.451075938995928,0.0002251821990052913
667,0.09523694217205048,-10.211945571845238,0.0822678878903389,-10.84769652431395,0.795818030834198,0.9891191124916077,8.068292717987788,0.0002249786732482541
668,0.06962910294532776,-11.572091999410274,0.06334248930215836,-11.983048732441475,0.7009039521217346,0.9870355725288391,8.184325406007702,0.00022477496372249443
669,0.03624068200588226,-14.408036380085088,0.041201088577508926,-13.850913092728359,0.6893040537834167,0.9899851083755493,8.104837735998444,0.00022457107093064516
670,0.06157877296209335,-12.105689692273469,0.06978944689035416,-11.562102436139735,0.8222307562828064,0.9858320951461792,8.665831976002664,0.0002243669953757916
671,0.05699664726853371,-12.441506902076044,0.08215796202421188,-10.85350342197805,0.6843169331550598,0.9900479912757874,8.157299896993209,0.0002241627375614698
672,0.08160362392663956,-10.882905542751873,0.06686656177043915,-11.747910073232127,0.7576320767402649,0.9892837405204773,8.127081599988742,0.0002239582979916657
673,0.07337872684001923,-11.344298277492815,0.07031378149986267,-11.529595449206287,0.7525857090950012,0.9818275570869446,7.931462732012733,0.0002237536771708136
674,0.05890565738081932,-12.298429929596391,0.06758321076631546,-11.701611794536353,0.7617007493972778,0.9842205047607422,7.9505447239935165,0.000223548875603795
675,0.060841310769319534,-12.158014380413817,0.06101159378886223,-12.145876298985867,0.8229590654373169,0.9866323471069336,7.878144567002892,0.0002233438937959374
676,0.04918701574206352,-13.08149526000049,0.04775027558207512,-13.210241176118902,0.8796270489692688,0.9858753085136414,7.842469545008498,0.00022313873225301308
677,0.09293758124113083,-10.318086344918056,0.08264274895191193,-10.82795245273228,0.8080214262008667,0.98618483543396,7.859096280997619,0.00022293339148123776
678,0.0653071328997612,-11.850393821205872,0.05641928315162659,-12.485724361678276,0.8008896708488464,0.9843001961708069,7.853346381991287,0.00022272787198726927
679,0.05015723779797554,-12.996663884790536,0.05667862296104431,-12.46580709716926,0.8682563900947571,0.9888903498649597,7.799140882998472,0.00022252217427820665
680,0.052319590002298355,-12.813356679713044,0.062295958399772644,-12.055401283196282,0.7702552676200867,0.9846539497375488,7.760293818006176,0.00022231629886158852
681,0.09469606727361679,-10.236680568615423,0.09490225464105606,-10.227234696910203,0.7355665564537048,0.9826108813285828,8.224582752998685,0.000222110246245392
682,0.060830604285001755,-12.15877869271541,0.06576459854841232,-11.82007826629669,0.7240896224975586,0.9747341871261597,7.817533585999627,0.00022190401693803142
683,0.056264787912368774,-12.497633138366462,0.056142572313547134,-12.507076929409669,0.9293671250343323,0.9788286685943604,7.704087467005593,0.00022169761144835712
684,0.04431642219424248,-13.534353088298133,0.04308685287833214,-13.656552261960213,0.896543025970459,0.9858866930007935,7.76732792299299,0.00022149103028565412
685,0.05116720870137215,-12.910082742184631,0.0673765316605568,-11.714913489354261,0.5525962114334106,0.9934362173080444,7.626953585000592,0.0002212842739596409
686,0.04766543209552765,-13.217964656589867,0.04476921260356903,-13.490205438675693,0.4818246066570282,0.9974596500396729,7.666850679001072,0.00022107734298046813
687,0.07606472820043564,-11.188166822379966,0.07877522706985474,-11.03610336291353,0.4816853404045105,0.9994050860404968,7.625833533995319,0.00022087023785871741
688,0.09315652400255203,-10.307867248844635,0.07048007100820541,-11.519336670408078,0.755622148513794,0.9832383990287781,7.6353164139873115,0.00022066295910540013
689,0.04111314192414284,-13.860193325455699,0.04907810315489769,-13.091122308848453,0.85019451379776,0.9826107621192932,7.638842656000634,0.00022045550723195594
690,0.09796086698770523,-10.089473798688388,0.08022978901863098,-10.956643498607049,0.8780131936073303,0.9870281219482422,7.628558291995432,0.00022024788275025171
691,0.05366109684109688,-12.703404545190594,0.041297703981399536,-13.840740930286549,0.8663303852081299,0.9886345267295837,7.6030744339950616,0.00022004008617258023
692,0.05247023329138756,-12.800870048435641,0.05532049760222435,-12.571139221028105,0.8746865391731262,0.9860110282897949,7.735826611999073,0.00021983211801165892
693,0.04858589544892311,-13.13489788706978,0.058752741664648056,-12.309718624608173,0.8769684433937073,0.9837867617607117,7.648442862991942,0.00021962397878062844
694,0.07263165712356567,-11.38874047097799,0.06863370537757874,-11.63462553899215,0.8215999007225037,0.98361736536026,7.628231504000723,0.00021941566899305183
695,0.07139917463064194,-11.463068086019108,0.05777430906891823,-12.382652395990245,0.8074548840522766,0.9823411107063293,7.550580119001097,0.00021920718916291267
696,0.04864613711833954,-13.129516403773692,0.053624629974365234,-12.706356915477599,0.8407155871391296,0.9818980097770691,7.512040450004861,0.00021899853980461418
697,0.05875997617840767,-12.309183889395399,0.058416903018951416,-12.334614709331255,0.8533483147621155,0.987155556678772,7.629428125990671,0.000218789721432978
698,0.055099260061979294,-12.58854233321042,0.05762667953968048,-12.393764038214696,0.7965887784957886,0.9880472421646118,7.604462467003032,0.00021858073456324268
699,0.06737947463989258,-11.714723795444332,0.07202574610710144,-11.425122342075209,0.6338039636611938,0.98858243227005,7.515541036002105,0.00021837157971106247
700,0.05185287073254585,-12.852271947382851,0.05494910106062889,-12.600394080115102,0.6867861151695251,0.9884786605834961,7.531403824992594,0.00021816225739250628
701,0.06788992881774902,-11.681946466745663,0.07631945610046387,-11.173647333376962,0.8029700517654419,0.9844917058944702,7.632576755000628,0.0002179527681240561
702,0.0470072366297245,-13.278352785139841,0.05346382036805153,-12.719400110505452,0.8123459815979004,0.9855411052703857,7.534948428001371,0.00021774311242260582
703,0.059172503650188446,-12.278800548755559,0.0632382482290268,-11.990201690144984,0.8226465582847595,0.9853739142417908,7.492228791990783,0.0002175332908054601
704,0.05673956871032715,-12.461139696857886,0.06500526517629623,-11.870514657442357,0.7984611988067627,0.983163595199585,7.574040142004378,0.00021732330379033288
705,0.0757850781083107,-11.20416297438403,0.07250001281499863,-11.396619166577375,0.7858445048332214,0.982268214225769,7.445448458995088,0.00021711315189534624
706,0.026673395186662674,-15.739217005673575,0.04350046440958977,-13.615061064964006,0.7771113514900208,0.9826362729072571,7.476300380003522,0.00021690283563902916
707,0.1089947372674942,-9.625944711458946,0.09863521158695221,-10.059680194557856,0.7559062838554382,0.9834955334663391,7.652714041003492,0.00021669235554031604
708,0.05069839954376221,-12.950057503283842,0.6632567644119263,-1.7831831204713882,0.7172989845275879,0.9806650280952454,7.451979361998383,0.0002164817121185456
709,0.046180784702301025,-13.355386918298823,0.05646350607275963,-12.48232158048623,0.7996116280555725,0.9871639609336853,7.4486754950048635,0.00021627090589345957
710,0.04633629694581032,-13.34078676627756,0.04712485894560814,-13.267499367076663,0.7452019453048706,0.982411801815033,7.487583458991139,0.00021605993738520136
711,0.06714111566543579,-11.730114464697303,0.0779450386762619,-11.082115231135084,0.7631885409355164,0.991905689239502,7.4646241080045,0.0002158488071143147
712,0.05202070623636246,-12.838237560827178,0.06053820252418518,-12.179704780768763,0.8600244522094727,0.9922818541526794,7.614963754007476,0.0002156375156017427
713,0.06723274290561676,-11.724191703917391,0.07269630581140518,-11.384876579999874,0.730919599533081,0.9865372776985168,7.485397764001391,0.00021542606336882604
714,0.05238873139023781,-12.807621179951873,0.05945397913455963,-12.258190736140817,0.7314679026603699,0.9860464334487915,7.610280157998204,0.00021521445093730212
715,0.039940424263477325,-13.985873261768148,0.04991945996880531,-13.017301215107725,0.7750121355056763,0.9865150451660156,7.7256317869905615,0.0002150026788293036
716,0.048134103417396545,-13.175471132654426,0.06289882212877274,-12.013574872626762,0.7577324509620667,0.9854550361633301,7.368612673992175,0.00021479074756735713
717,0.04816277697682381,-13.172884804010636,0.05420124903321266,-12.659907052989558,0.7350793480873108,0.9835479259490967,7.654427190005663,0.00021457865767438193
718,0.060340516269207,-12.193909783449401,0.05959814414381981,-12.247672637532679,0.7538864016532898,0.9846236109733582,7.876627492994885,0.00021436640967368879
719,0.0705157220363617,-11.517140428265265,0.08040369302034378,-10.947240032172553,0.7269631624221802,0.9818082451820374,7.808496500001638,0.00021415400408897857
720,0.053213708102703094,-12.73976476973304,0.06574086099863052,-11.821646123179812,0.7684442400932312,0.9856361746788025,7.79990752300364,0.00021394144144434092
721,0.051793064922094345,-12.857283882714983,0.05031758174300194,-12.982802391937982,0.7720822691917419,0.9881758689880371,7.769821025998681,0.0002137287222642531
722,0.04345906898379326,-13.619195817223009,0.05167955905199051,-12.866812005406427,0.755362868309021,0.9863601922988892,7.749519479999435,0.00021351584707357839
723,0.05048913136124611,-12.968021010380928,0.06023344025015831,-12.201623312603322,0.7386031746864319,0.9864132404327393,7.592057761008618,0.00021330281639756523
724,0.03892586752772331,-14.097616996657125,0.049129169434309006,-13.086605778702907,0.8000631928443909,0.98917555809021,7.579006729007233,0.00021308963076184571
725,0.0661790668964386,-11.792793605389694,0.0682453066110611,-11.659272106985092,0.8090991377830505,0.989875316619873,7.620502721998491,0.00021287629069243413
726,0.0478316955268383,-13.20284224076127,0.08036304265260696,-10.949436286353812,0.6636735200881958,0.9843998551368713,7.324981282989029,0.0002126627967157259
727,0.06315062195062637,-11.996223678508638,0.07353921979665756,-11.33480982019094,0.7918714880943298,0.9944041967391968,7.438623585010646,0.00021244914935849625
728,0.03334358334541321,-14.769877295245346,0.04466539993882179,-13.500287729282812,0.6871470808982849,0.9911913275718689,7.572497314991779,0.00021223534914789868
729,0.04701756685972214,-13.277398491860575,0.06376338750123978,-11.954286186124053,0.6912378072738647,0.9944271445274353,7.441122157993959,0.00021202139661146398
730,0.05595223233103752,-12.521825816978204,0.062428172677755356,-12.046193770204594,0.8180546760559082,0.9837172031402588,7.482106873008888,0.00021180729227709885
731,0.053455352783203125,-12.720087999360919,0.04271959140896797,-13.693729097539585,0.8707300424575806,0.9878308176994324,7.400888953998219,0.00021159303667308443
732,0.0436905100941658,-13.596128847886568,0.05678814277052879,-12.457423344731883,0.8190211057662964,0.984799861907959,7.449876030004816,0.0002113786303280751
733,0.04104404151439667,-13.867498817798474,0.04712768271565437,-13.267239141150025,0.8150066137313843,0.9891128540039062,7.434680037011276,0.00021116407377109713
734,0.05802032724022865,-12.364198260562937,0.0704839751124382,-11.519096108226138,0.7727789878845215,0.9871739745140076,7.445089515997097,0.00021094936753154764
735,0.041566330939531326,-13.812583089699931,0.052058253437280655,-12.835104066232706,0.8121951222419739,0.9871760010719299,7.386650963002467,0.00021073451213919284
736,0.09843586385250092,-10.068466430730503,0.12736806273460388,-8.949394567456245,0.7867697477340698,0.9864861965179443,7.402918399995542,0.00021051950812416703
737,0.05913709104061127,-12.281400422659008,0.054405611008405685,-12.643563079349127,0.7899543642997742,0.9896491765975952,7.330889788994682,0.0002103043560169713
738,0.05255454406142235,-12.793897272871838,0.06400617957115173,-11.937780943828574,0.8257730007171631,0.9877355694770813,7.512589871999808,0.00021008905634847214
739,0.08705690503120422,-10.601967765460415,0.08603253215551376,-10.653372945185895,0.7990341186523438,0.9839797616004944,7.390398397008539,0.00020987360964989994
740,0.05977920815348625,-12.23449841996885,0.04731559008359909,-13.249957393435999,0.8324137330055237,0.9878052473068237,7.3843965790001675,0.0002096580164528481
741,0.027145516127347946,-15.663018965184317,0.042901623994112015,-13.675262677507867,0.8551877737045288,0.9875126481056213,7.412898454000242,0.00020944227728927136
742,0.024257756769657135,-16.151493628746117,0.02318049781024456,-16.34877241609909,0.8609441518783569,0.9884220361709595,7.435658817004878,0.00020922639269148476
743,0.0584607794880867,-12.331353982575397,0.05937948822975159,-12.263635497429782,0.821363627910614,0.9834641814231873,7.521985051003867,0.00020901036319216198
744,0.061051759868860245,-12.143018126240417,0.059754878282547,-12.236266338920691,0.8556930422782898,0.9857996702194214,7.397032435008441,0.00020879418932433436
745,0.042609743773937225,-13.704910773335872,0.05062023550271988,-12.956758386774073,0.8129531741142273,0.9859296083450317,7.4030836160090985,0.00020857787162138945
746,0.04842190071940422,-13.149581670590585,0.052463412284851074,-12.801434657715662,0.8201318383216858,0.989488959312439,7.482390877994476,0.00020836141061706968
747,0.06259270757436752,-12.034762617458181,0.06929033249616623,-11.593273546524753,0.8046663999557495,0.9840353727340698,7.553467409001314,0.00020814480684547097
748,0.0798870399594307,-10.975236703755947,0.08271465450525284,-10.824175399349818,0.7997388243675232,0.9839974641799927,7.817777895004838,0.00020792806084104175
749,0.05169418454170227,-12.865583111240772,0.06403817236423492,-11.935610712408664,0.7916247248649597,0.9829116463661194,7.390449501996045,0.00020771117313858115
750,0.07888906449079514,-11.029831940025103,0.08290731906890869,-10.814071281787392,0.8050488829612732,0.9863492250442505,7.460673630994279,0.00020749414427323804
751,0.0840897187590599,-10.752571000252045,0.07002659887075424,-11.547369664279515,0.7861261367797852,0.9874440431594849,7.380597099996521,0.00020727697478050954
752,0.06851426512002945,-11.642189961228341,0.0726991519331932,-11.384706553369515,0.7646584510803223,0.985948920249939,7.3903666230035014,0.0002070596651962398
753,0.045715197920799255,-13.399393956344818,0.060719043016433716,-12.166750819005042,0.7914091944694519,0.9848299026489258,7.64723203900212,0.00020684221605661858
754,0.05912645161151886,-12.282181837667252,0.0698409155011177,-11.558900763627394,0.7621454000473022,0.9815908670425415,7.559826725002495,0.0002066246278981801
755,0.08885829150676727,-10.513020412626267,0.0851258933544159,-10.699383173429862,0.762174129486084,0.9842826128005981,7.412773093994474,0.00020640690125780142
756,0.06612411141395569,-11.796401510274476,0.08029059320688248,-10.95335333391509,0.730656623840332,0.9853215217590332,7.434170097010792,0.00020618903667270148
757,0.06732320040464401,-11.71835246744437,0.0691380649805069,-11.602827795464876,0.7166063785552979,0.9873188734054565,7.428909216992906,0.00020597103468043943
758,0.06964760273694992,-11.570938273462259,0.0668574869632721,-11.748499516749622,0.7384896874427795,0.9876794815063477,7.522498581005493,0.00020575289581891348
759,0.09191589802503586,-10.366093653511907,0.09170309454202652,-10.376160087107387,0.705700159072876,0.9847374558448792,7.387670957003138,0.00020553462062635963
760,0.06959988921880722,-11.573914516432414,0.07810505479574203,-11.073208585773218,0.6875830292701721,0.9846668243408203,7.598827050998807,0.00020531620964135024
761,0.041291363537311554,-13.841407754593519,0.03419953212141991,-14.659798354070574,0.7366501688957214,0.9862138032913208,7.790140979006537,0.00020509766340279267
762,0.060972753912210464,-12.148641890636814,0.05119361728429794,-12.907841825899842,0.759741485118866,0.988567054271698,7.768475987002603,0.00020487898244992802
763,0.05588763579726219,-12.52684261854589,0.05335502699017525,-12.72824656058126,0.7898712754249573,0.9881563782691956,7.83625086399843,0.00020466016732232986
764,0.04352918267250061,-13.612194873043762,0.04429861530661583,-13.536098488031211,0.8058345913887024,0.9873119592666626,7.716498495996348,0.00020444121855990274
765,0.06902114301919937,-11.610178528791463,0.0654882937669754,-11.83836324532355,0.8101075887680054,0.9868054389953613,7.539756729995133,0.00020422213670288095
766,0.0770420953631401,-11.132719139324767,0.07767711579799652,-11.09706908432634,0.7408685088157654,0.983069896697998,7.696704169007717,0.00020400292229182717
767,0.04100218415260315,-13.871930081438656,0.03632368519902229,-14.398100968017058,0.7974913120269775,0.9897571206092834,7.7849421959981555,0.00020378357586763125
768,0.06448735296726227,-11.905254493127838,0.06641165167093277,-11.77755718630507,0.7236577868461609,0.9919718503952026,7.403841974999523,0.00020356409797150864
769,0.08818128705024719,-10.546235667120616,0.07823560386896133,-11.06595560938461,0.65067058801651,0.992048978805542,7.281020106005599,0.00020334448914499921
770,0.04530689865350723,-13.438356651068837,0.058576371520757675,-12.322775339327439,0.7537967562675476,0.9853800535202026,7.607792347989744,0.00020312474992996597
771,0.05819198861718178,-12.351368012333648,0.05596506595611572,-12.520829800694056,0.7910793423652649,0.9857696890830994,7.563101245003054,0.0002029048808685935
772,0.07457626610994339,-11.273993647130867,0.06653459370136261,-11.76952490822467,0.7834919691085815,0.9863378405570984,7.752010488009546,0.0002026848825033869
773,0.05114053562283516,-12.912347276734337,0.05842995643615723,-12.333644374807522,0.664644181728363,0.9931696057319641,7.721051678003278,0.00020246475537717026
774,0.06542477756738663,-11.842577452029687,0.06833916902542114,-11.653303063308469,0.5189654231071472,0.9986931681632996,7.6708753619896015,0.00020224450003308544
775,0.03221018984913826,-14.920067153968734,0.04017975181341171,-13.959927501652803,0.8042097687721252,0.9875319004058838,7.2095582939946325,0.00020202411701459054
776,0.0774090588092804,-11.112082129461946,0.08551381528377533,-10.679637166489366,0.7932456135749817,0.984451949596405,7.685525178007083,0.00020180360686545878
777,0.08561209589242935,-10.674648707358251,0.07094352692365646,-11.490872245779007,0.7855017185211182,0.9794992208480835,7.735077962002833,0.00020158297012977695
778,0.06268402189016342,-12.028431463913375,0.06813031435012817,-11.666596072348955,0.8990838527679443,0.9737842082977295,7.7902534829918295,0.0002013622073519444
779,0.06406547874212265,-11.933759241460818,0.06618183106184006,-11.792612213181028,0.8711515069007874,0.9813661575317383,7.67115500899672,0.0002011413190766713
780,0.05653088167309761,-12.477142410884493,0.05409112200140953,-12.668740099722203,0.7970104813575745,0.9831734895706177,7.432515524997143,0.0002009203058489774
781,0.047287967056035995,-13.252493562084936,0.04696913808584213,-13.28187409319899,0.8246826529502869,0.9868211150169373,7.222571595993941,0.00020069916821419101
782,0.0637194961309433,-11.957276670827993,0.06713878363370895,-11.730265312071477,0.8028154969215393,0.9879004955291748,7.233486015000381,0.0002004779067179472
783,0.0729551613330841,-11.369439777990502,0.057125672698020935,-12.4316867273824,0.7754241824150085,0.9893124103546143,7.370285172000877,0.0002002565219061867
784,0.049621373414993286,-13.043312195331227,0.04823809117078781,-13.166098859831887,0.744204044342041,0.9878025054931641,7.314706496996223,0.00020003501432515453
785,0.05371221527457237,-12.699269354644382,0.05428612604737282,-12.653111492421685,0.6646959781646729,0.9884375333786011,7.341820168992854,0.00019981338452139868
786,0.07588298618793488,-11.198555868521925,0.07733054459095001,-11.116489313395254,0.7403790950775146,0.9905604124069214,7.281371808989206,0.00019959163304176863
787,0.04679664224386215,-13.297853073285058,0.058589063584804535,-12.321834431559544,0.8657755255699158,0.9823107123374939,7.402159616001882,0.00019936976043341412
788,0.042149730026721954,-13.752052027200481,0.047070398926734924,-13.272521209757508,0.7692916393280029,0.9907886385917664,7.307370395006728,0.00019914776724378367
789,0.047648873180150986,-13.219473652668848,0.0588863343000412,-12.299854798521807,0.9097834825515747,0.9762275815010071,7.299437321998994,0.00019892565402062352
790,0.059403467923402786,-12.261882005328049,0.05600706860423088,-12.517571575917215,0.691620409488678,0.9910711050033569,7.3986573689908255,0.00019870342131197592
791,0.0772223100066185,-11.122572111481697,0.08126486092805862,-10.900972035266152,0.6978182792663574,0.9922277331352234,7.374923429990304,0.00019848106966617794
792,0.056066785007715225,-12.512943465768341,0.07371904700994492,-11.324202876765543,0.7477841973304749,0.9719481468200684,7.293416038999567,0.00019825859963186032
793,0.03920720890164375,-14.066340733163461,0.049163222312927246,-13.083596598113177,0.8949869871139526,0.9681096076965332,7.337534381993464,0.00019803601175794562
794,0.07231400161981583,-11.407776053620742,0.08214003592729568,-10.854451115206285,0.7532376646995544,0.982050895690918,7.315275660992484,0.0001978133065936473
795,0.06649355590343475,-11.772204414751306,0.07773953676223755,-11.093580515844687,0.895654559135437,0.9740678071975708,7.396849163007573,0.00019759048468846822
796,0.06375540792942047,-11.954829711335664,0.08713614195585251,-10.598016728136479,0.9798564910888672,0.9778009653091431,7.829492876000586,0.00019736754659219931
797,0.06314003467559814,-11.9969518392858,0.07755202054977417,-11.104068825361262,0.7297460436820984,0.987329363822937,7.776840723992791,0.00019714449285491818
798,0.06369947642087936,-11.958641373353425,0.06231018528342247,-12.054409573332238,0.7238659858703613,0.9910848736763,7.555157974988106,0.00019692132402698772
799,0.05743623897433281,-12.408140061915356,0.05810759216547012,-12.357671202673162,0.7619575262069702,0.9880557060241699,7.267743165997672,0.00019669804065905477
800,0.048596225678920746,-13.133974597507976,0.05479941889643669,-12.61224046825389,0.7400124669075012,0.9860436320304871,7.317756891992758,0.00019647464330204898
801,0.04578455537557602,-13.392809989815595,0.048674263060092926,-13.127006150708713,0.7515268325805664,0.9888558983802795,7.557059159997152,0.00019625113250718102
802,0.03915419057011604,-14.072217497103438,0.039580684155225754,-14.025167032396359,0.7804669141769409,0.9889403581619263,7.723154278006405,0.00019602750882594157
803,0.08769165724515915,-10.570417223044604,0.09076869487762451,-10.420639090305952,0.6914196014404297,0.9851013422012329,7.8131171020067995,0.00019580377281009986
804,0.05563513934612274,-12.546508198542153,0.051345981657505035,-12.894935386650172,0.7110795974731445,0.9888347387313843,7.674142039002618,0.00019557992501170228
805,0.07921053469181061,-11.012170550935426,0.08866995573043823,-10.522235083571507,0.6976678967475891,0.9836443662643433,7.671747116997722,0.000195355965983071
806,0.04403817281126976,-13.561707086378597,0.060526955872774124,-12.180511678265344,0.7221709489822388,0.9860596060752869,7.657879309990676,0.0001951318962768026
807,0.02882709540426731,-15.401991145668303,0.047276321798563004,-13.25356319865654,0.7184662222862244,0.9854187369346619,7.7597476029914105,0.00019490771644576686
808,0.053906068205833435,-12.683623435256106,0.06560390442609787,-11.830703127480664,0.79617840051651,0.9932349324226379,7.647553426999366,0.00019468342704310527
809,0.08140331506729126,-10.89357908543844,0.07459601759910583,-11.272843572520577,0.6781176924705505,0.9861917495727539,7.5304996900085825,0.0001944590286222296
810,0.05267307907342911,-12.784112936427368,0.06194731965661049,-12.079774799754448,0.7167055606842041,0.9905761480331421,7.296967882997706,0.00019423452173682063
811,0.06618596613407135,-11.792340872403146,0.0662621334195137,-11.787345853897532,0.7630559802055359,0.9868938326835632,7.276535001990851,0.0001940099069408268
812,0.05488821119070053,-12.605209226567638,0.06225968524813652,-12.057930792029527,0.7834407687187195,0.9852780103683472,7.312786683003651,0.0001937851847884628
813,0.0665026530623436,-11.771610285647638,0.08902005106210709,-10.505121609362273,0.7182896137237549,0.9877455830574036,7.313705658991239,0.0001935603558342081
814,0.036537155508995056,-14.372652663540013,0.045878153294324875,-13.383940718037117,0.7228115797042847,0.9908781051635742,7.264839744006167,0.00019333542063280595
815,0.06947764754295349,-11.581548948302352,0.07355199754238129,-11.334055280990947,0.6882748007774353,0.98526531457901,7.276783088003867,0.00019311037973926155
816,0.046527743339538574,-13.322880108348444,0.03845436871051788,-14.150543138722558,0.7431139349937439,0.9904137253761292,7.277364688998205,0.00019288523370884094
817,0.07006259262561798,-11.545137958992749,0.0691990852355957,-11.598996465739441,0.723896861076355,0.9901536703109741,7.467635332999635,0.00019265998309706946
818,0.053616296499967575,-12.707031878306099,0.04811704158782959,-13.17701082519713,0.7184951305389404,0.9890593886375427,7.533607257006224,0.00019243462845973077
819,0.06982113420963287,-11.56013100560249,0.07721228897571564,-11.123135725912508,0.7026207447052002,0.9859928488731384,7.286643654006184,0.00019220917035286491
820,0.06389086693525314,-11.945612188787148,0.07391977310180664,-11.312393748554587,0.6950046420097351,0.984444260597229,7.3097014100058,0.0001919836093327674
821,0.0616968609392643,-12.09736931769058,0.07335840165615082,-11.345501397022893,0.7118003368377686,0.982370138168335,7.39261886299937,0.00019175794595598761
822,0.050389841198921204,-12.976570102909195,0.06629148125648499,-11.785422767319826,0.7596583366394043,0.9778982400894165,7.599197592004202,0.00019153218077932752
823,0.0937051773071289,-10.28236413229244,0.09207216650247574,-10.358716375649859,0.9109826683998108,0.9661335349082947,7.901789968003868,0.00019130631435984024
824,0.044456660747528076,-13.5206316136153,0.06085318326950073,-12.157166986064208,0.9531864523887634,0.9780758023262024,7.32687504599744,0.0001910803472548287
825,0.06172814965248108,-12.095167411331145,0.08126264065504074,-10.90109069239318,0.8296262621879578,0.9867464900016785,7.335342620994197,0.0001908542800218443
826,0.04652715101838112,-13.322935396533333,0.04800945520401001,-13.186732222291337,0.8193657398223877,0.9874718189239502,7.2669732839858625,0.00019062811321868546
827,0.06120707094669342,-12.131984030803068,0.052793826907873154,-12.774168558022744,0.8500780463218689,0.9856841564178467,7.57696401400608,0.00019040184740339627
828,0.05426973104476929,-12.654423307261755,0.0527692586183548,-12.776190073916654,0.722188413143158,0.9884570837020874,7.549573153999518,0.0001901754831342651
829,0.06576944887638092,-11.819757973457786,0.06157907471060753,-12.105668411012536,0.8158775568008423,0.9831127524375916,7.511531402997207,0.00018994902096982336
830,0.08229385316371918,-10.846326026533434,0.0780601054430008,-11.075708664071048,0.7876083254814148,0.9787269830703735,7.515491612997721,0.0001897224614688439
831,0.06645695865154266,-11.774595377284092,0.06400180608034134,-11.938077703896575,0.8185847401618958,0.97226482629776,7.395109956996748,0.00018949580519033967
832,0.07523628324270248,-11.235726672234762,0.07168038934469223,-11.445996443862986,0.8501131534576416,0.974658727645874,7.36085704099969,0.00018926905269356264
833,0.05883752554655075,-12.303456001124463,0.04921722412109375,-13.078828843848065,0.7221438884735107,0.9805126786231995,7.523046289003105,0.00018904220453800204
834,0.060687389224767685,-12.169015454759403,0.06421168893575668,-11.923859068430883,0.6105283498764038,0.9860666990280151,7.741772808993119,0.0001888152612833831
835,0.04887409508228302,-13.109212705981228,0.033170443028211594,-14.792487279421692,0.6895580291748047,0.982548713684082,7.704769338990445,0.00018858822348966572
836,0.0477207750082016,-13.212925117852974,0.051995739340782166,-12.84032242060654,0.6655154824256897,0.9848752617835999,7.624986227994668,0.00018836109171704312
837,0.02872384339570999,-15.41757449725473,0.03063214011490345,-15.138226601291425,0.7545285224914551,0.9827730059623718,7.685290407011053,0.00018813386652594038
838,0.05859572812914848,-12.321340446837857,0.07950661331415176,-10.99596745471539,0.6903117895126343,0.9846059083938599,7.435451651006588,0.00018790654847701307
839,0.06777499616146088,-11.68930498337991,0.05733427032828331,-12.415857102159721,0.7488185167312622,0.9833650588989258,7.31532598999911,0.00018767913813114585
840,0.03612195700407028,-14.422287286387256,0.04623062536120415,-13.35070231815703,0.9117007255554199,0.9720370173454285,7.29124220101221,0.0001874516360494512
841,0.05544799193739891,-12.5611417730317,0.07379315048456192,-11.319839477213582,1.0052934885025024,0.978816568851471,7.360457960996428,0.00018722404279326784
842,0.06501930207014084,-11.86957696609795,0.06760454177856445,-11.70024126491137,0.8625124096870422,0.980174720287323,7.728478709002957,0.0001869963589241595
843,0.038498345762491226,-14.14557931302469,0.04170883446931839,-13.797719460971475,0.9161805510520935,0.9743219614028931,7.8033408709889045,0.0001867685850039135
844,0.059722017496824265,-12.238655295911398,0.06932242959737778,-11.591262246269325,0.7706179618835449,0.9889094829559326,7.66718042800494,0.00018654072159453937
845,0.056574054062366486,-12.473826988578935,0.06766974180936813,-11.69605480536574,0.7140756249427795,0.9861372113227844,7.6445640370075125,0.0001863127692582674
846,0.047864146530628204,-13.199896806118536,0.0688023716211319,-11.623965913480198,0.7535125017166138,0.9833948612213135,7.6279799490002915,0.00018608472855754732
847,0.03760368376970291,-14.247696081860713,0.036343906074762344,-14.395683985473495,0.8013672232627869,0.990122377872467,7.617363926998223,0.00018585660005504691
848,0.07368018478155136,-11.326492936426165,0.07250715792179108,-11.396191176645667,0.7282348275184631,0.9879529476165771,7.299593445000937,0.00018562838431365056
849,0.061812322586774826,-12.089249375584178,0.05452282354235649,-12.634216616864645,0.6733039617538452,0.9936789870262146,7.303288416995201,0.00018540008189645794
850,0.06186315417289734,-12.085679406956519,0.06799045950174332,-11.675520237055553,0.7238683104515076,0.9889997839927673,7.468121982004959,0.0001851716933667825
851,0.025612378492951393,-15.915500888945688,0.03920983895659447,-14.066049414277122,0.7685850262641907,0.9894019961357117,7.307320966006955,0.00018494321928815035
852,0.0626729428768158,-12.029199120402696,0.06242680549621582,-12.046288882054693,0.759896993637085,0.9872526526451111,7.369125287994393,0.0001847146602242985
853,0.03546759486198425,-14.50168261010707,0.04015790671110153,-13.962289334894585,0.8015329837799072,0.990216851234436,7.432042764005018,0.0001844860167391737
854,0.052489809691905975,-12.799250018074096,0.05296850576996803,-12.759822782363177,0.7788200974464417,0.9888216853141785,7.705311500001699,0.00018425728939693107
855,0.059378135949373245,-12.263734402727081,0.04295429587364197,-13.669933957127052,0.7232113480567932,0.9884132742881775,7.309259447996737,0.00018402847876193253
856,0.05358108878135681,-12.709884656556696,0.05907082557678223,-12.28626959371275,0.7786979675292969,0.984859049320221,7.45228312999825,0.00018379958539874563
857,0.08231522887945175,-10.845198099042895,0.09251159429550171,-10.33803834575081,0.8196874856948853,0.9768549799919128,7.393916308996268,0.00018357060987214197
858,0.048735469579696655,-13.121548450230998,0.0524013377726078,-12.80657625606355,0.8884875774383545,0.9720317125320435,7.454819609003607,0.00018334155274709596
859,0.06297792494297028,-12.008116530076638,0.06704579293727875,-11.736284685359305,0.7956770062446594,0.9818038940429688,7.342155787991942,0.00018311241458878318
860,0.049388378858566284,-13.06375229029779,0.05017443373799324,-12.995175201941047,0.812031626701355,0.9743015766143799,7.321990624986938,0.0001828831959625793
861,0.08135220408439636,-10.89630676173243,0.08294272422790527,-10.812217044657167,0.8023163080215454,0.9786916971206665,7.5309563349874225,0.00018265389743405848
862,0.05772099643945694,-12.386661802664038,0.060293812304735184,-12.197272553451267,0.774142861366272,0.9833081364631653,7.381933404991287,0.00018242451956899212
863,0.07140220701694489,-11.462883641215653,0.07270268350839615,-11.384495587171092,0.7803380489349365,0.985201358795166,7.386521944004926,0.00018219506293334724
864,0.05002223327755928,-13.008369227833736,0.06273747235536575,-12.02472982670404,0.779431939125061,0.983461856842041,7.494506001006812,0.00018196552809328522
865,0.051988378167152405,-12.84093730625824,0.07348708063364029,-11.337890051642335,0.9101402163505554,0.9797083139419556,7.312611101006041,0.00018173591561516058
866,0.03009819984436035,-15.21459478512652,0.03857354074716568,-14.137104944807987,0.8244401216506958,0.9893434047698975,7.416886526989401,0.00018150622606551926
867,0.04848679527640343,-13.143765195209745,0.05157496780157089,-12.875610344778385,0.8243215084075928,0.9897844791412354,7.339086217994918,0.00018127646001109732
868,0.050900667905807495,-12.932765189139719,0.05900596082210541,-12.291041134117698,0.7662468552589417,0.9868382811546326,7.332763254002202,0.0001810466180188197
869,0.047261741012334824,-13.254902840037484,0.0471784770488739,-13.26256082515943,0.7283644080162048,0.9886906147003174,7.910435837009572,0.00018081670065579864
870,0.06397214531898499,-11.940090848771094,0.06567281484603882,-11.826143687232575,0.7617306113243103,0.9869694113731384,7.734807240005466,0.00018058670848933246
871,0.04514456167817116,-13.453945593035135,0.050776951014995575,-12.94333380592728,0.7699682712554932,0.9860107898712158,7.720298934000311,0.00018035664208690392
872,0.06768404692411423,-11.695136821099707,0.06181778386235237,-12.0888656823371,0.8356760740280151,0.9755656123161316,7.694962534995284,0.00018012650201617897
873,0.03414337337017059,-14.666935727318451,0.045236796140670776,-13.445081612016006,0.9933828711509705,0.9756711721420288,7.780280637001852,0.00017989628884500534
874,0.03940358757972717,-14.044642351393408,0.06622442603111267,-11.78981797049855,0.8150103092193604,0.982329785823822,7.643770716997096,0.00017966600314141124
875,0.048304688185453415,-13.160107169772747,0.0497632697224617,-13.030910918179604,0.7861813306808472,0.9800810813903809,7.6251249329943676,0.00017943564547360366
876,0.06331358850002289,-11.985030707460036,0.07274334877729416,-11.382067098463642,0.8857787847518921,0.9784261584281921,7.74001608499384,0.0001792052164099673
877,0.038758669048547745,-14.116311447884938,0.04320388659834862,-13.644771825201435,0.8509480357170105,0.989011287689209,7.626402952009812,0.00017897471651906298
878,0.046622566878795624,-13.314038193816724,0.051166363060474396,-12.91015451866409,0.7548313140869141,0.9905112981796265,7.619157235996681,0.00017874414636962624
879,0.05654638260602951,-12.475951725962702,0.05243917182087898,-12.803441757925588,0.7064392566680908,0.9910812377929688,7.36595938699611,0.0001785135065305659
880,0.04409656673669815,-13.555952224350172,0.04508738964796066,-13.459449076046834,0.7003257274627686,0.9915137887001038,7.318442643998424,0.00017828279757096298
881,0.04160032421350479,-13.809032846611974,0.051500704139471054,-12.881868330514205,0.7241413593292236,0.9916254878044128,7.321809577988461,0.00017805202006006892
882,0.044910456985235214,-13.4765252575246,0.04151976853609085,-13.817450762420746,0.7470289468765259,0.9898040294647217,7.37623576799524,0.00017782117456730418
883,0.09519921988248825,-10.213666104567489,0.07566934823989868,-11.21080006703772,0.7724634408950806,0.9871172308921814,7.324786693992792,0.0001775902616622571
884,0.048107076436281204,-13.177910352349581,0.04272904992103577,-13.69276763588243,0.8479121327400208,0.9830278754234314,7.451835868996568,0.00017735928191468236
885,0.033956002444028854,-14.690834438184076,0.04070675000548363,-13.90333569951565,0.8600552678108215,0.9863552451133728,7.361294720991282,0.00017712823589449944
886,0.08478439599275589,-10.716840694104516,0.07853914052248001,-11.049138556496638,0.8051924705505371,0.9830708503723145,7.278910888999235,0.00017689712417179153
887,0.054259441792964935,-12.655246784521925,0.06898358464241028,-11.612542418270849,0.7858292460441589,0.9824995398521423,7.2523955020005815,0.0001766659473168038
888,0.04855555668473244,-13.137610623602846,0.055496830493211746,-12.557318193670605,0.769954264163971,0.9896763563156128,7.256583510999917,0.00017643470589994215
889,0.0943460762500763,-10.252761569504594,0.08254848420619965,-10.832908970407136,0.7162266969680786,0.9932596683502197,7.38662760599982,0.0001762034004917718
890,0.08725516498088837,-10.592088559820521,0.08275351673364639,-10.822135411655564,0.6620346903800964,0.9882052540779114,7.345833466009935,0.00017597203166301578
891,0.05135124921798706,-12.89448986880458,0.0649944320321083,-11.871238470628747,0.7209466695785522,0.9855350852012634,7.412287063008989,0.00017574059998455373
892,0.034573573619127274,-14.612557282594665,0.04854193329811096,-13.138829308385386,0.7759316563606262,0.9822274446487427,7.29615702200681,0.00017550910602742034
893,0.037670671939849854,-14.239966331123522,0.04960143193602562,-13.045057857402046,0.5924060344696045,0.9907442927360535,7.475567923000199,0.00017527755036280394
894,0.0533151738345623,-12.731491704255934,0.051708102226257324,-12.864414012601188,0.5699983239173889,0.9969177842140198,7.32233486000041,0.00017504593356204505
895,0.06016507372260094,-12.20655546797236,0.06043678894639015,-12.18698618116524,0.7681204676628113,0.9883628487586975,7.390587204004987,0.00017481425619663517
896,0.04823986440896988,-13.165939215578852,0.04278196766972542,-13.687392448022111,0.8817091584205627,0.9824817776679993,7.4410412139986875,0.00017458251883821512
897,0.09187336266040802,-10.36810387700422,0.07457777857780457,-11.273905569540004,0.6593838334083557,0.9908709526062012,7.342069434002042,0.00017435072205857372
898,0.05790482833981514,-12.372852215170303,0.06112828850746155,-12.137577635711938,0.7527984976768494,0.9894993305206299,7.595741897006519,0.00017411886642964669
899,0.05233230069279671,-12.812301718787829,0.0629877820611,-12.007436838417425,0.6995599865913391,0.9941438436508179,7.417854750994593,0.0001738869525235146
900,0.044493380934000015,-13.517045921025776,0.05549579858779907,-12.557398946929679,0.7312840819358826,0.9887527227401733,7.280238252002164,0.00017365498091240195
901,0.026013508439064026,-15.848010705874845,0.030086934566497803,-15.216220584625905,0.8125487565994263,0.9799192547798157,7.370493531998363,0.00017342295216867567
902,0.05844790115952492,-12.332310795537797,0.0641682967543602,-11.926794882071032,0.7958405017852783,0.9881515502929688,7.3776273660041625,0.00017319086686484365
903,0.059720028191804886,-12.238799959239596,0.06019218638539314,-12.204598813254767,0.7628902196884155,0.9901003837585449,7.311797959991964,0.00017295872557355327
904,0.0400332473218441,-13.975791803872223,0.046834155917167664,-13.294373025586246,0.8151427507400513,0.9845142960548401,7.443292143987492,0.0001727265288675901
905,0.040081754326820374,-13.970532782032357,0.048725519329309464,-13.122435233527579,0.8048213124275208,0.9855643510818481,7.275275206004153,0.00017249427731987638
906,0.034311823546886444,-14.645562001676858,0.03458217903971672,-14.611476450833907,0.8723772168159485,0.9868887066841125,7.286004898007377,0.0001722619715034698
907,0.02835284173488617,-15.474034063173042,0.031047644093632698,-15.079713486442014,0.8908823728561401,0.9919836521148682,7.325740547006717,0.0001720296119915618
908,0.0604269802570343,-12.187691083833643,0.06296917796134949,-12.008719762031905,0.7943609356880188,0.9859575629234314,7.380797450008686,0.00017179719935747642
909,0.051660314202308655,-12.86842956731262,0.0651836022734642,-11.858616425715056,0.7409694194793701,0.9799851775169373,7.40569982699526,0.00017156473417466868
910,0.06263693422079086,-12.031695070666919,0.0688018798828125,-11.623996953108161,0.7759062647819519,0.983090341091156,7.324577823004802,0.0001713322170167234
911,0.07826898247003555,-11.064103121503086,0.07247588038444519,-11.398065004404565,0.8698773384094238,0.9815352559089661,7.37036335200537,0.00017109964845735348
912,0.07907388359308243,-11.019669309626945,0.08174221217632294,-10.87553613218454,0.8275507092475891,0.9858413338661194,7.37140658700082,0.0001708670290703987
913,0.06145932897925377,-12.114121857289069,0.06007358804345131,-12.213164279599297,0.8272119164466858,0.9788540601730347,7.520099678004044,0.00017063435942982438
914,0.05559464544057846,-12.549670351654099,0.053985804319381714,-12.67720423803285,0.9048317074775696,0.9820294380187988,7.426841084990883,0.0001704016401097197
915,0.09095306694507599,-10.411826519023123,0.08296352624893188,-10.811127971404584,0.8252547979354858,0.9837431311607361,7.482791171001736,0.00017016887168429633
916,0.05013883858919144,-12.998257302045456,0.12270078808069229,-9.111526478807292,0.8171765208244324,0.9824569821357727,7.712336853001034,0.00016993605472788732
917,0.06447669118642807,-11.905972577400771,0.06206277012825012,-12.07168843882398,0.8505688905715942,0.9794443845748901,7.366585971991299,0.0001697031898149454
918,0.056565798819065094,-12.474460754051941,0.06671101599931717,-11.758024450471423,0.8314181566238403,0.9890896081924438,7.418700662004994,0.00016947027752004147
919,0.0629885196685791,-12.007385981414389,0.08026722818613052,-10.9546173395631,0.8099396228790283,0.9825835824012756,7.379374858006486,0.00016923731841786356
920,0.034236498177051544,-14.655106627952206,0.044292718172073364,-13.536676669416227,0.8213966488838196,0.9843630194664001,7.288963916013017,0.0001690043130832151
921,0.04352497309446335,-13.612614886654368,0.04256313666701317,-13.709663744297904,0.7718797326087952,0.9856648445129395,7.295942274999106,0.00016877126209101354
922,0.04886072501540184,-13.110400930669107,0.046451885253190994,-13.329966554297092,0.8801791071891785,0.9860203266143799,7.34156798699405,0.0001685381660162891
923,0.09685567021369934,-10.13874949329264,0.09162935614585876,-10.37965365086726,0.8739447593688965,0.981671929359436,7.373549534997437,0.0001683050254341831
924,0.05325303226709366,-12.736556581275824,0.05903239548206329,-12.289095931303645,0.7888721227645874,0.9871620535850525,7.524716733008972,0.0001680718409199468
925,0.06448846310377121,-11.905179730870126,0.07290264219045639,-11.372567313750936,0.7285758256912231,0.9846331477165222,7.3863741569948616,0.0001678386130489398
926,0.04856080561876297,-13.137141169633724,0.05117141082882881,-12.909726090751176,0.7632415294647217,0.9864081144332886,7.39077432200429,0.0001676053423966287
927,0.0433930978178978,-13.625793446246599,0.04870402067899704,-13.124351848416575,0.8342570066452026,0.9829763770103455,7.391255157999694,0.00016737202953858555
928,0.0903267115354538,-10.441838005454901,0.07107611745595932,-11.482763036167507,0.8527683615684509,0.9825642704963684,7.382160811001086,0.0001671386750504868
929,0.04211052507162094,-13.756093433643422,0.039145905524492264,-14.07313656356428,0.7937130331993103,0.9875990748405457,7.483720705000451,0.00016690527950811133
930,0.07396097481250763,-11.309973734277198,0.06787329167127609,-11.683010881823304,0.7467430830001831,0.9867492914199829,7.800446049994207,0.00016667184348733948
931,0.09891565144062042,-10.04734984470268,0.09963326156139374,-10.015956525248203,0.7556563019752502,0.9825894236564636,7.742205743998056,0.0001664383675641514
932,0.05439876765012741,-12.644109386911094,0.053875427693128586,-12.686092691381688,0.7806611657142639,0.9817718863487244,7.709024105002754,0.00016620485231462581
933,0.0498858280479908,-13.0202281458282,0.04502946510910988,-13.465032118446933,0.779058575630188,0.9842091798782349,7.786222805996658,0.00016597129831493824
934,0.08373849838972092,-10.770748311982034,0.0717284306883812,-11.443086707733407,0.7703421711921692,0.9850326180458069,7.656543349992717,0.00016573770614136004
935,0.03441715985536575,-14.632249710102013,0.04857076331973076,-13.136250712567072,0.7510042786598206,0.986244797706604,7.643463023996446,0.00016550407637025668
936,0.06722979247570038,-11.724382293129246,0.07763145864009857,-11.099622536687509,0.7682598233222961,0.9850866794586182,7.734710485994583,0.00016527040957808642
937,0.02904287911951542,-15.36960332731827,0.03478673845529556,-14.585862880340766,0.8454142808914185,0.9854273200035095,7.627078805002384,0.0001650367063413988
938,0.0834721252322197,-10.784585290492512,0.09627744555473328,-10.164754409953288,0.7998308539390564,0.9875862002372742,7.694079898006748,0.0001648029672368333
939,0.06703100353479385,-11.737242786400618,0.05122426152229309,-12.905242939061843,0.7368353605270386,0.9877235293388367,7.287903351010755,0.00016456919284111795
940,0.042565349489450455,-13.709437964040898,0.06165443733334541,-12.100356613152755,0.6923967003822327,0.9878699779510498,7.400437980002607,0.00016433538373106788
941,0.055089425295591354,-12.589317582460467,0.0707223191857338,-11.504435060056428,0.6509088277816772,0.9886648058891296,7.660236316994997,0.00016410154048358377
942,0.08241301029920578,-10.840042220945648,0.0787213072180748,-11.03907702771365,0.6039116382598877,0.9921233057975769,7.663973654998699,0.00016386766367565062
943,0.04719606041908264,-13.260942515613653,0.05957496911287308,-12.24936174137662,0.6069772243499756,0.9932588338851929,7.6413838129956275,0.00016363375388433622
944,0.06812289357185364,-11.667069133219721,0.07008958607912064,-11.543465047710619,0.6815449595451355,0.9888890981674194,7.744801611013827,0.00016339981168678967
945,0.06977706402540207,-11.562873080887908,0.07168132066726685,-11.445940017603144,0.7025815844535828,0.9898794293403625,7.574210890001268,0.00016316583766024003
946,0.057332199066877365,-12.416013998487657,0.06557787209749222,-11.832426796287777,0.6664040088653564,0.9945734143257141,7.182514883999829,0.00016293183238199515
947,0.08149724453687668,-10.888570747229096,0.06324327737092972,-11.98985632293536,0.628190815448761,0.9933379888534546,7.3849912470031995,0.00016269779642943968
948,0.03757774457335472,-14.250692899168925,0.04192986339330673,-13.77476552506888,0.6838124394416809,0.9894090890884399,7.70930981899437,0.00016246373038003402
949,0.06211801618337631,-12.067824224530707,0.06706079095602036,-11.735313285355378,0.7757493257522583,0.9851617217063904,7.759467341995332,0.00016222963481131293
950,0.058909960091114044,-12.298112714717902,0.05155523866415024,-12.877271983189187,0.7773442268371582,0.9884610772132874,7.632834360003471,0.00016199551030088397
951,0.041944146156311035,-13.773286419621979,0.05531226098537445,-12.571785886138816,0.8857472538948059,0.9856051206588745,7.635134666998056,0.00016176135742642606
952,0.0330846793949604,-14.803730694906864,0.03409808129072189,-14.67270058188197,0.9149565696716309,0.9889452457427979,7.617308911008877,0.00016152717676568815
953,0.05358665809035301,-12.709433266985151,0.05609298124909401,-12.510914773365748,0.8702684640884399,0.9833512306213379,7.719708076998359,0.0001612929688964878
954,0.03834469988942146,-14.162946569410039,0.04130144789814949,-13.840347230751071,0.8115276098251343,0.9872449040412903,7.602802033012267,0.00016105873439670957
955,0.05766889080405235,-12.390584016648392,0.05733408033847809,-12.415871493493258,0.7833002209663391,0.9858641028404236,7.591259776003426,0.00016082447384430386
956,0.04237355291843414,-13.729051199354245,0.05258461460471153,-12.791413046910769,0.7100695967674255,0.9828807711601257,7.710581702995114,0.0001605901878172852
957,0.061298221349716187,-12.125521269298075,0.061591241508722305,-12.104810416414002,0.7436479330062866,0.9835204482078552,7.253192036994733,0.00016035587689373112
958,0.06033498793840408,-12.194307697438532,0.060556553304195404,-12.178388515253644,0.7669929265975952,0.9835597276687622,7.182639512990136,0.0001601215416517806
959,0.045287854969501495,-13.440182489027368,0.05089489370584488,-12.933257883151937,0.8401140570640564,0.9856114387512207,7.260859934001928,0.0001598871826696325
960,0.07872026413679123,-11.039134573435753,0.07206622511148453,-11.422682260431515,0.8404345512390137,0.9824917912483215,7.289354691994959,0.0001596528005255443
961,0.06185349076986313,-12.086357854488714,0.06603080034255981,-11.802534387154019,0.8197563886642456,0.9839141368865967,7.357620654001948,0.0001594183957978307
962,0.06249402090907097,-12.041615316155639,0.07228514552116394,-11.409509403343439,0.7863036394119263,0.9868647456169128,7.343683297993266,0.00015918396906486196
963,0.05230305716395378,-12.814729254526881,0.05050627514719963,-12.966546596451165,0.7736607193946838,0.9834202527999878,7.263390779000474,0.0001589495209050628
964,0.05219033733010292,-12.824098960825907,0.04704686999320984,-13.27469264680088,0.7899947762489319,0.9829439520835876,7.437752501995419,0.00015871505189691076
965,0.0733240470290184,-11.347535727019125,0.062764011323452,-12.022893079084964,0.8013264536857605,0.983527660369873,7.384705875010695,0.00015848056261893483
966,0.07887540012598038,-11.03058424609947,0.06672203540802002,-11.757307136679405,0.8373530507087708,0.9799492359161377,7.399814246993628,0.00015824605364971397
967,0.0448768250644207,-13.479778760242333,0.052536241710186005,-12.795409985936006,0.8863206505775452,0.981547474861145,7.741904088994488,0.00015801152556787568
968,0.04840477928519249,-13.151117558111963,0.0423671193420887,-13.729710638708807,0.8784900307655334,0.9798499345779419,7.6973066470091,0.0001577769789520948
969,0.0564703531563282,-12.481794962404663,0.06446541845798492,-11.906731938913431,0.8856337070465088,0.9792823195457458,7.789082365998183,0.00015754241438109169
970,0.051800452172756195,-12.856664492178929,0.052692901343107224,-12.782478879133471,0.8701840043067932,0.981142520904541,7.615436858002795,0.0001573078324336312
971,0.03501197695732117,-14.557833660173332,0.03739529475569725,-14.271830392368386,0.8867628574371338,0.9860659837722778,7.280871669994667,0.0001570732336885209
972,0.07136670500040054,-11.465043541432216,0.06598919630050659,-11.805271609839348,0.8268999457359314,0.9861347079277039,7.325521677004872,0.00015683861872460995
973,0.044061314314603806,-13.559425523168702,0.05117202177643776,-12.909674239612606,0.8023359775543213,0.9834750294685364,7.3123087380081415,0.00015660398812078737
974,0.03814900293946266,-14.185168082494364,0.04725632071495056,-13.255400947003235,0.8396796584129333,0.9817114472389221,7.265523073001532,0.00015636934245598087
975,0.0366855189204216,-14.35505333394004,0.058319903910160065,-12.34183200240276,0.8648911118507385,0.9853605031967163,7.461400412998046,0.0001561346823091553
976,0.060435548424720764,-12.187075325088063,0.06474354863166809,-11.888035003404651,0.6728161573410034,0.992127001285553,7.5383933179982705,0.00015590000825931128
977,0.048049964010715485,-13.183069332715904,0.05251657962799072,-12.797035669814061,0.6070947051048279,0.9946728348731995,7.69428144399717,0.00015566532088548372
978,0.0688859298825264,-11.618694747244705,0.07374124228954315,-11.32289550275017,0.7199849486351013,0.990707278251648,7.579015654002433,0.00015543062076674028
979,0.0429653637111187,-13.668815074488911,0.0682673379778862,-11.657870317260388,0.7006391882896423,0.9884356260299683,7.337038577010389,0.00015519590848218025
980,0.03302411735057831,-14.811687811157563,0.0410645417869091,-13.865330188148203,0.7227956652641296,0.9904855489730835,7.262250805011718,0.0001549611846109329
981,0.07793581485748291,-11.08262919465422,0.06692755222320557,-11.743950583815298,0.7314339280128479,0.987829864025116,7.316568341993843,0.00015472644973215592
982,0.04073875769972801,-13.89992218633469,0.04560328274965286,-13.410038935377802,0.7359399199485779,0.9862031936645508,7.443506452997099,0.00015449170442503443
983,0.03518662229180336,-14.536224208602482,0.04138847440481186,-13.831205815564383,0.7887696623802185,0.9834473133087158,7.412134130005143,0.00015425694926877906
984,0.039275605231523514,-14.058771138088044,0.04745544493198395,-13.237139503877192,0.7764427661895752,0.9845128655433655,7.3786291949945735,0.00015402218484262485
985,0.09731569141149521,-10.118171274148782,0.07381223887205124,-11.31871621451467,0.773125171661377,0.9872161149978638,7.364527622004971,0.00015378741172582963
986,0.06243724375963211,-12.045562767494118,0.06706813722848892,-11.734837557167285,0.6919090151786804,0.9862774014472961,7.387310179998167,0.00015355263049767278
987,0.0394146591424942,-14.043422248473785,0.046580564230680466,-13.317952551482417,0.7319703698158264,0.9915913939476013,7.383501068994519,0.00015331784173745362
988,0.0588555634021759,-12.302124785962288,0.07821737974882126,-11.066967368274348,0.7321636080741882,0.989296019077301,7.401565831998596,0.00015308304602449008
989,0.05845817178487778,-12.331547708417428,0.05016949027776718,-12.995603113749448,0.7227551937103271,0.9900004267692566,7.381585270006326,0.0001528482439381173
990,0.023958733305335045,-16.205361467422847,0.03194605931639671,-14.955827062774269,0.7766479849815369,0.9920204281806946,7.468910039009643,0.000152613436057686
991,0.05235162004828453,-12.810698742988302,0.05133970454335213,-12.895466349853145,0.7758252024650574,0.9914166331291199,7.347862605995033,0.0001523786229625613
992,0.058846477419137955,-12.302795291295293,0.04410552978515625,-13.555069569027182,0.7934653759002686,0.9908121824264526,7.297974519999116,0.00015214380523212123
993,0.0422293096780777,-13.743860179124761,0.043227337300777435,-13.642415151200577,0.7685387134552002,0.9920780658721924,7.30377836599655,0.0001519089834457551
994,0.04139101132750511,-13.830939621224744,0.05268407613039017,-12.78320631339576,0.7714199423789978,0.9886007308959961,7.3856615889962995,0.00015167415818286242
995,0.04618498310446739,-13.354992109066316,0.048746343702077866,-13.120579536911436,0.7723934054374695,0.9871829152107239,7.3884309730055975,0.00015143933002285115
996,0.050376541912555695,-12.977716478622378,0.04778702184557915,-13.206900344697733,0.7815559506416321,0.9870718121528625,7.287564044003375,0.00015120449954513637
997,0.0668768584728241,-11.747241359806342,0.05749313533306122,-12.403840068671117,0.793211817741394,0.989061176776886,7.346876120995148,0.00015096966732913906
998,0.0884762853384018,-10.531731194307152,0.07553897053003311,-11.21828938170635,0.780322253704071,0.9855375289916992,7.389726239009178,0.00015073483395428432
999,0.051047373563051224,-12.920265978666459,0.0510072261095047,-12.923682937528238,0.736781120300293,0.9863186478614807,7.707232758999453,0.00015050000000000008
1000,0.04016552120447159,-13.961465930677722,0.049734678119421005,-13.033406884385982,0.7359225153923035,0.9873420596122742,29.84991721600818,0.00015026516604571584
1001,0.05503656715154648,-12.59348662585062,0.06264383345842361,-12.03121673693833,0.7358457446098328,0.9914572238922119,30.141608172009,0.00015003033267086107
1002,0.052267055958509445,-12.81771961669001,0.05570824444293976,-12.540805274196249,0.7376386523246765,0.9893074035644531,29.827858511998784,0.00014979550045486376
1003,0.052041180431842804,-12.836528610409733,0.05626583471894264,-12.49755233861471,0.7155925631523132,0.9889675974845886,30.618392924996442,0.000149560669977149
1004,0.09497125446796417,-10.224078253914243,0.07669492810964584,-11.152333552999181,0.7146207094192505,0.9920249581336975,29.635099375009304,0.00014932584181713774
1005,0.08291583508253098,-10.813625209253539,0.08149460703134537,-10.888711300770552,0.7320630550384521,0.9851757287979126,30.604366919986205,0.00014909101655424502
1006,0.09435654431581497,-10.252279729541005,0.1032513827085495,-9.861041236995852,0.7207839488983154,0.9840901494026184,29.977883417988778,0.00014885619476787893
1007,0.049376603215932846,-13.064787899586282,0.05194796994328499,-12.844314194103926,0.6623335480690002,0.9923310875892639,30.79424101499899,0.00014862137703743883
1008,0.07614482194185257,-11.183596245420782,0.07092371582984924,-11.492085189459274,0.631186842918396,0.9932423233985901,29.66514664000715,0.00014838656394231418
1009,0.07704818248748779,-11.132376015209077,0.06418782472610474,-11.925473419512194,0.7120932340621948,0.9894832968711853,29.52379016300256,0.0001481517560618829
1010,0.049384403973817825,-13.064101834061537,0.06457658857107162,-11.899249014597332,0.7040444612503052,0.9806719422340393,30.237836650994723,0.00014791695397551008
1011,0.048505984246730804,-13.142046786050605,0.05882002040743828,-12.304748291443083,0.7150980830192566,0.9895524382591248,30.148341202002484,0.0001476821582625465
1012,0.06959883123636246,-11.57398053369697,0.07739628106355667,-11.1127990691329,0.7009245753288269,0.989328145980835,29.684401982987765,0.00014744736950232735
1013,0.051808442920446396,-12.855994600345449,0.046661462634801865,-13.310416520681542,0.716126024723053,0.9916808605194092,30.006614765006816,0.0001472125882741705
1014,0.053483959287405014,-12.717764504478266,0.05413641035556793,-12.66510544539261,0.6924960017204285,0.990246057510376,29.820801015011966,0.0001469778151573753
1015,0.05255282670259476,-12.794039192407434,0.05387019366025925,-12.68651463179401,0.6983879208564758,0.9907622337341309,30.05387230499764,0.00014674305073122105
1016,0.036845285445451736,-14.336180745777847,0.04401923343539238,-13.563575246459951,0.6845653653144836,0.9906968474388123,30.03739700099686,0.00014650829557496568
1017,0.04857170954346657,-13.136166106990334,0.050404615700244904,-12.975296920902768,0.7115927934646606,0.9904361963272095,30.404823717995896,0.00014627355026784414
1018,0.039354294538497925,-14.05007868310297,0.04644343629479408,-13.330756548014428,0.7207823991775513,0.9889933466911316,30.281544785000733,0.00014603881538906717
1019,0.054303769022226334,-12.651700265956162,0.05866578593850136,-12.316151067547011,0.7255218625068665,0.9914703965187073,30.07985845800431,0.0001458040915178198
1020,0.05499131977558136,-12.597058572446787,0.06935011595487595,-11.589528084341719,0.6971702575683594,0.9905125498771667,30.09375851099321,0.0001455693792332598
1021,0.042315371334552765,-13.73501843651675,0.04739535599946976,-13.242642102705808,0.6298391819000244,0.986863911151886,30.148760192998452,0.00014533467911451641
1022,0.07489243149757385,-11.2556206914282,0.06815578043460846,-11.664973048354984,0.6201903223991394,0.9901935458183289,30.08150208699226,0.0001450999917406888
1023,0.038984622806310654,-14.091066634054988,0.03859362378716469,-14.134844409850993,0.6405225396156311,0.9907897114753723,30.115348652005196,0.00014486531769084476
1024,0.04170793667435646,-13.797812945145582,0.04804036021232605,-13.183937448562817,0.6451935172080994,0.9923612475395203,30.086506216001,0.00014463065754401924
1025,0.037913430482149124,-14.2120691796085,0.03783890977501869,-14.220613850894848,0.6427872776985168,0.9927142858505249,30.32813488600368,0.00014439601187921273
1026,0.032838717103004456,-14.8361381761638,0.035580843687057495,-14.48783758199152,0.6435959935188293,0.992431640625,30.326179028998013,0.00014416138127539016
1027,0.0662282407283783,-11.789567812911912,0.07526973634958267,-11.233796051785294,0.6753953695297241,0.9853962063789368,29.46654881599534,0.0001439267663114792
1028,0.09009381383657455,-10.45305028204508,0.08105797320604324,-10.912042596617038,0.6786658763885498,0.9882032871246338,29.702161922992673,0.00014369216756636894
1029,0.072615846991539,-11.389685926552762,0.07093443721532822,-11.491428725454814,0.6915068626403809,0.9881125688552856,30.220572859005188,0.00014345758561890837
1030,0.03909386694431305,-14.078913694769245,0.04952685534954071,-13.051592461597538,0.7065419554710388,0.9871188402175903,29.747487774002366,0.0001432230210479053
1031,0.07487020641565323,-11.256909695233581,0.05496597662568092,-12.599060511510537,0.720403790473938,0.9894706606864929,29.65271382201172,0.00014298847443212443
1032,0.04316430166363716,-13.648752809464511,0.04823466017842293,-13.166407768001559,0.7200309038162231,0.9865371584892273,29.48605916700035,0.0001427539463502862
1033,0.050015341490507126,-13.008967616009144,0.04383987933397293,-13.581306498755927,0.7608662843704224,0.9894247055053711,30.624336774999392,0.00014251943738106528
1034,0.06513509899377823,-11.861849224613348,0.0773518979549408,-11.115290257050212,0.7409575581550598,0.9862020611763,29.55168052400404,0.00014228494810308935
1035,0.10972334444522858,-9.597009632584886,0.09421420842409134,-10.258835964078251,0.7265600562095642,0.9840620756149292,29.016707662987756,0.0001420504790949373
1036,0.0694422647356987,-11.583761238538505,0.07173842191696167,-11.442481810453222,0.7474908828735352,0.9831410050392151,30.144611893003457,0.00014181603093513812
1037,0.052011411637067795,-12.839013589091977,0.060399726033210754,-12.189650312811917,0.7855952382087708,0.9867684841156006,30.24035417000414,0.00014158160420216941
1038,0.07840874046087265,-11.056355224841774,0.07709133625030518,-11.129944264843196,0.7516075372695923,0.9881694912910461,30.106548242009012,0.00014134719947445578
1039,0.04243749380111694,-13.722502718029721,0.0509912446141243,-12.925043874660664,0.7772226333618164,0.9889190196990967,29.960823026995058,0.0001411128173303676
1040,0.06581827998161316,-11.81653471233689,0.05883229896426201,-12.303841805362396,0.7565900087356567,0.9874328970909119,30.054305382000166,0.00014087845834821947
1041,0.029546381905674934,-15.294956929272196,0.032838374376297,-14.836183502262902,0.7435922026634216,0.9896809458732605,30.07117338599346,0.00014064412310626893
1042,0.06549268215894699,-11.838072232921954,0.058616433292627335,-12.319806111453186,0.7727764844894409,0.9859735369682312,29.898054675999447,0.0001404098121827149
1043,0.026587894186377525,-15.753160582689476,0.0328700952231884,-14.831990377717476,0.738362193107605,0.9900882244110107,29.958691210995312,0.00014017552615569627
1044,0.06792597472667694,-11.679641208038639,0.05888115242123604,-12.300236985734092,0.7420870661735535,0.9878851771354675,30.351428078007302,0.00013994126560329048
1045,0.06596654653549194,-11.806762513963307,0.061067696660757065,-12.141884603210443,0.7628945708274841,0.9872953295707703,30.814827423004317,0.00013970703110351227
1046,0.04402166232466698,-13.563335618455206,0.047692690044641495,-13.215481810463153,0.7030791640281677,0.9885402917861938,30.550133526994614,0.0001394728232343119
1047,0.05957983806729317,-12.249006814859012,0.06579610705375671,-11.817998014415569,0.7377752065658569,0.9894227981567383,30.515109238011064,0.00013923864257357396
1048,0.06824681162834167,-11.659176332854166,0.05823809280991554,-12.347928557976553,0.782690703868866,0.9885802268981934,29.943325146989082,0.00013900448969911605
1049,0.0716872438788414,-11.44558116374818,0.06569372862577438,-11.824760878646545,0.763617992401123,0.9859541654586792,29.957718482997734,0.0001387703651886871
1050,0.030016181990504265,-15.22644550116513,0.040257882326841354,-13.95149073896488,0.8204196691513062,0.9878107905387878,30.21402744500665,0.00013853626961996603
1051,0.03474102169275284,-14.591574135966232,0.13046054542064667,-8.845208101373368,0.8072705268859863,0.9856843948364258,30.474564085001475,0.00013830220357056037
1052,0.07181617617607117,-11.437777224264272,0.07387711107730865,-11.314900957342315,0.6813931465148926,0.9886811375617981,30.499192488001427,0.00013806816761800485
1053,0.031320612877607346,-15.041697483001402,0.040461424738168716,-13.929588287954395,0.7242403626441956,0.9916417598724365,30.224754769995343,0.00013783416233975994
1054,0.04382811859250069,-13.582471718739459,0.04677152633666992,-13.300184571342314,0.7235510349273682,0.995216965675354,29.506905552989338,0.0001376001883132104
1055,0.049958549439907074,-13.013901799647417,0.05356826260685921,-12.710924389744545,0.7338854074478149,0.9894988536834717,29.655681862001074,0.00013736624611566383
1056,0.09319624304771423,-10.30601594685707,0.08846107870340347,-10.532477690980711,0.7194902300834656,0.9844245910644531,30.212486696007545,0.0001371323363243494
1057,0.037808336317539215,-14.224124324913268,0.0443299375474453,-13.533028805297814,0.7683975100517273,0.9919153451919556,30.40771509100159,0.00013689845951641625
1058,0.050683993846178055,-12.951291704766279,0.06192820146679878,-12.081115326814142,0.8010654449462891,0.9877265095710754,30.586399594001705,0.00013666461626893214
1059,0.052443116903305054,-12.80311504355848,0.05673767998814583,-12.461284265329658,0.7693476676940918,0.9863399267196655,29.589314019991434,0.00013643080715888204
1060,0.05189197510480881,-12.848997989287108,0.04982325807213783,-13.025678762190163,0.7324786186218262,0.9905632138252258,29.870926319999853,0.00013619703276316673
1061,0.04984963312745094,-13.023380335584562,0.06427480280399323,-11.919592470979321,0.6962183117866516,0.9903606176376343,29.88592093999614,0.00013596329365860127
1062,0.09024659544229507,-10.445691728913314,0.09127556532621384,-10.396454685099346,0.6656106114387512,0.9831457734107971,29.700264428000082,0.00013572959042191363
1063,0.0818224772810936,-10.871273758073771,0.09063021093606949,-10.42727009208219,0.7061946392059326,0.9853360652923584,29.64173202800157,0.00013549592362974334
1064,0.04063396900892258,-13.91110754958322,0.03848639875650406,-14.146927247306847,0.6828225255012512,0.9908826351165771,29.792692294999142,0.00013526229385864
1065,0.03971242159605026,-14.010736295775013,0.04572850093245506,-13.39813035378545,0.6963076591491699,0.9926632046699524,30.7021473430068,0.00013502870168506182
1066,0.07087499648332596,-11.49506949641723,0.06522145867347717,-11.85609492448304,0.6663574576377869,0.9946902394294739,30.466899196995655,0.00013479514768537424
1067,0.06372342258691788,-11.9570090626814,0.05954301729798317,-12.251691615754815,0.6836408972740173,0.9907739758491516,30.373489905003225,0.0001345616324358486
1068,0.05643262341618538,-12.48469759952811,0.03965909034013748,-14.016572514104716,0.7338988184928894,0.9881476759910583,29.93125093499839,0.00013432815651266054
1069,0.045239415019750595,-13.444830194606094,0.05133988335728645,-12.895451223593572,0.8144833445549011,0.9871234893798828,29.761699558002874,0.0001340947204918887
1070,0.07191060483455658,-11.432070584078573,0.07096855342388153,-11.48934047046643,0.7641016244888306,0.9909063577651978,29.943663023994304,0.00013386132494951325
1071,0.06956647336483002,-11.576000124046157,0.07236874848604202,-11.404489378046689,0.7114049792289734,0.9863606095314026,30.88165484298952,0.00013362797046141445
1072,0.062195610255002975,-12.062402665772083,0.06452075392007828,-11.903005665488678,0.700502336025238,0.9802436232566833,29.844636384994374,0.00013339465760337136
1073,0.06214806064963341,-12.065724191039065,0.06447957456111908,-11.905778366796035,0.6976509094238281,0.9820345640182495,30.095775441994192,0.00013316138695106025
1074,0.058285266160964966,-12.344412159658912,0.07182544469833374,-11.437216764412169,0.7144991755485535,0.9868687391281128,30.59799303598993,0.00013292815908005326
1075,0.040406279265880585,-13.935511388733214,0.04046859219670296,-13.928819033772413,0.7480623126029968,0.987578809261322,30.17624677400454,0.00013269497456581698
1076,0.04906200245022774,-13.092547301661003,0.044579699635505676,-13.508628619806712,0.7919434905052185,0.9864606261253357,30.10630577801203,0.00013246183398371103
1077,0.02510526031255722,-16.002352711167465,0.03236640989780426,-14.89905470124987,0.8282700777053833,0.9809480309486389,30.3136534869991,0.00013222873790898651
1078,0.0495028980076313,-13.053693757671168,0.0399569571018219,-13.98407592612514,0.8283354640007019,0.9803615212440491,30.059601506000035,0.00013199568691678497
1079,0.05129742994904518,-12.899043929091082,0.049625467509031296,-13.042953888218676,0.7839095592498779,0.9836615324020386,29.99067549200845,0.00013176268158213652
1080,0.06680664420127869,-11.751803429602035,0.0843142569065094,-10.74098983231175,0.7320225834846497,0.9846317768096924,30.581765810013167,0.00013152972247995858
1081,0.061184223741292953,-12.133605455819072,0.07632055878639221,-11.173584585687333,0.6727705597877502,0.9935761094093323,30.219077496003592,0.00013129681018505472
1082,0.07952886074781418,-10.994752387725338,0.08916904032230377,-10.497859074025055,0.6118110418319702,0.9905564188957214,30.597557993009104,0.00013106394527211278
1083,0.07535877078771591,-11.228661941327957,0.05250222235918045,-12.798223130066939,0.6126551628112793,0.9949058890342712,28.74856176400499,0.00013083112831570377
1084,0.05666559189558029,-12.4668057047923,0.07010828703641891,-11.54230643917705,0.638142466545105,0.9933574795722961,30.471981976996176,0.00013059835989028042
1085,0.07000567018985748,-11.548667823733116,0.06783545762300491,-11.685432408644992,0.6451004147529602,0.9902830123901367,30.445130505002453,0.0001303656405701757
1086,0.07552462816238403,-11.219114042471748,0.08333632349967957,-10.79165662969058,0.6775728464126587,0.9880597591400146,30.34245660698798,0.00013013297092960137
1087,0.0486915148794651,-13.125467135627042,0.05119672790169716,-12.907577948681784,0.6714848279953003,0.995543897151947,29.504604023997672,0.00012990035154264662
1088,0.058980487287044525,-12.292916436927555,0.07926588505506516,-11.009136868277988,0.7188724279403687,0.9916760325431824,30.31090152199613,0.00012966778298327672
1089,0.05850793421268463,-12.327852356003692,0.06398653239011765,-11.939114248240084,0.7476015090942383,0.9880335927009583,30.732778192003025,0.0001294352658253314
1090,0.033432938158512115,-14.758254549841164,0.034105636179447174,-14.671738450602385,0.8193460702896118,0.9907776117324829,29.612943364001694,0.0001292028006425237
1091,0.04770725965499878,-13.214155289547653,0.03751199692487717,-14.258298158598084,0.8140537738800049,0.9899755120277405,30.481456004999927,0.0001289703880084383
1092,0.0474013090133667,-13.242096648688175,0.05652386695146561,-12.477681345327811,0.7391727566719055,0.9910668134689331,29.644692103000125,0.00012873802849653032
1093,0.06226000562310219,-12.057908444225937,0.07580812275409698,-11.20284257709412,0.6737228035926819,0.9957723021507263,30.706533300995943,0.00012850572268012373
1094,0.05398281291127205,-12.677444891672543,0.06755945086479187,-11.703138891028885,0.6847525835037231,0.9904775619506836,30.330947460999596,0.00012827347113241003
1095,0.06934865564107895,-11.589619535219992,0.0662437453866005,-11.788551207403408,0.7026273608207703,0.9884265661239624,30.14492407500802,0.00012804127442644678
1096,0.055821117013692856,-12.532014772622288,0.05385684594511986,-12.687590840530804,0.6815117597579956,0.9883006811141968,29.71700404799776,0.00012780913313515638
1097,0.05486133694648743,-12.60733613030405,0.06427063047885895,-11.919874397413713,0.7010872960090637,0.9902071952819824,29.82583368399355,0.00012757704783132435
1098,0.06559468060731888,-11.831313782481754,0.04506208375096321,-13.461887295883217,0.7307889461517334,0.9946710467338562,30.29689787598909,0.00012734501908759807
1099,0.09209799021482468,-10.357498469768831,0.09281647205352783,-10.323749430961463,0.7328850626945496,0.9913710355758667,30.297646505001467,0.00012711304747648546
1100,0.05536392331123352,-12.567731415917482,0.050010550767183304,-13.009383625236044,0.7121726274490356,0.9970704317092896,29.773294025013456,0.00012688113357035337
1101,0.05078057944774628,-12.943023477719212,0.056832414120435715,-12.454038956471559,0.7153207063674927,0.9968034029006958,30.015523447000305,0.00012664927794142628
1102,0.059043850749731064,-12.288253262314562,0.047587960958480835,-13.225029033755941,0.7043482065200806,0.9933484196662903,30.293573560004006,0.00012641748116178493
1103,0.07702452689409256,-11.133709605537893,0.0751890316605568,-11.238455082951395,0.7353933453559875,0.9885003566741943,30.53191357399919,0.0001261857438033649
1104,0.06747886538505554,-11.708322284053462,0.08795608580112457,-10.557341057364676,0.7517687082290649,0.9887465834617615,30.25239641900407,0.000125954066437955
1105,0.03916563838720322,-14.070947901933922,0.043645408004522324,-13.60061442285314,0.7396853566169739,0.9920080900192261,29.719145240000216,0.00012572244963719611
1106,0.04619020223617554,-13.354501362531915,0.05575552582740784,-12.537120840132578,0.682067334651947,0.9941875338554382,29.790388925990555,0.00012549089397257969
1107,0.05311301723122597,-12.747990265777347,0.061251379549503326,-12.12884125340181,0.6688016057014465,0.9938212633132935,29.71749327798898,0.0001252594000154463
1108,0.039296120405197144,-14.05650324162738,0.055716998875141144,-12.540122843269145,0.6708991527557373,0.9902063608169556,30.543012656009523,0.00012502796833698427
1109,0.04489503800868988,-13.478016564152625,0.041434332728385925,-13.826396507693353,0.7019338011741638,0.9941439628601074,30.51857144900714,0.00012479659950822826
1110,0.06811057031154633,-11.667854832094648,0.0686720609664917,-11.632199184805923,0.6922702789306641,0.9876151084899902,30.16340348799713,0.0001245652941000579
1111,0.04354146495461464,-13.610969631810825,0.04095456004142761,-13.876977351488225,0.6902916431427002,0.9940347075462341,30.2851555810048,0.00012433405268319624
1112,0.06639018654823303,-11.778961110309123,0.0506235808134079,-12.956471386535355,0.6630211472511292,0.9922982454299927,30.54684344101406,0.00012410287582820853
1113,0.04328256472945213,-13.636870127979414,0.04443444311618805,-13.52280258336891,0.6870154142379761,0.9941898584365845,30.577093970001442,0.00012387176410550059
1114,0.09078586101531982,-10.419817832049763,0.07883749157190323,-11.03267202421225,0.7098699808120728,0.9917083382606506,30.343929737995495,0.00012364071808531772
1115,0.056060221046209335,-12.513451941355973,0.04795771837234497,-13.191414869876395,0.714188277721405,0.9970742464065552,29.066420987001038,0.000123409738337743
1116,0.06527450680732727,-11.852564008720215,0.05845341086387634,-12.331901418746886,0.7172468304634094,0.9923782348632812,30.793389221988036,0.00012317882543269593
1117,0.0544881746172905,-12.63697740939394,0.057598814368247986,-12.395864561287445,0.7049567103385925,0.9898996353149414,29.881417484008125,0.0001229479799399312
1118,0.05546661838889122,-12.559683107639891,0.06312430649995804,-11.998033801122771,0.6992306113243103,0.9911351799964905,29.980313609994482,0.0001227172024290371
1119,0.04155576601624489,-13.81368707722615,0.03648309409618378,-14.37908336671727,0.7244572043418884,0.9861031770706177,30.534253830002854,0.0001224864934694342
1120,0.02952757477760315,-15.297722219656078,0.03036646544933319,-15.17605755488689,0.701292872428894,0.9865285754203796,30.299976391004748,0.00012225585363037392
1121,0.03274141624569893,-14.849025388879252,0.03114684857428074,-15.065858885105225,0.7075638175010681,0.9900550842285156,29.573066766999546,0.00012202528348093717
1122,0.06189494580030441,-12.083448130189975,0.06994269043207169,-11.552576660250022,0.74082350730896,0.9880215525627136,30.402387752998038,0.00012179478359003282
1123,0.06560613960027695,-11.830555162617252,0.07330512255430222,-11.348656758395219,0.7443841099739075,0.9944642186164856,29.868606362011633,0.00012156435452639647
1124,0.05147113278508186,-12.884362736124517,0.048706214874982834,-13.124156196039067,0.7217170596122742,0.9901307821273804,29.798236293994705,0.00012133399685858888
1125,0.025789959356188774,-15.885493422731736,0.04597606137394905,-13.374682361200543,0.7437047362327576,0.992037296295166,29.69183911899745,0.00012110371115499472
1126,0.06344243139028549,-11.976201813086075,0.06569334864616394,-11.824785998780348,0.7364445924758911,0.99301677942276,30.14357237900549,0.00012087349798382115
1127,0.06794935464859009,-11.678146636327797,0.05083918198943138,-12.938014459209375,0.7042415142059326,0.9877101182937622,30.42995588098711,0.0001206433579130962
1128,0.06209094449877739,-12.069717338096515,0.0668879970908165,-11.746518084575213,0.6795366406440735,0.9837227463722229,30.52003420899564,0.00012041329151066763
1129,0.044246312230825424,-13.541229203132678,0.049779996275901794,-13.029451402087648,0.6923030614852905,0.991852343082428,30.506071744996007,0.00012018329934420144
1130,0.050105493515729904,-13.001146559050365,0.05459786579012871,-12.62824333362138,0.7197279334068298,0.989867091178894,30.76431236199278,0.00011995338198118043
1131,0.07745755463838577,-11.109362179539225,0.08062340319156647,-10.935388738019407,0.7162175178527832,0.9935725331306458,30.39089008999872,0.00011972353998890276
1132,0.06800980120897293,-11.67428494577993,0.07768667489290237,-11.096534666086889,0.7006258964538574,0.9881575107574463,29.4071426599985,0.00011949377393448084
1133,0.06882646679878235,-11.622445243405384,0.04889103025197983,-13.107708109981848,0.7204939723014832,0.9952511191368103,29.719062307005515,0.00011926408438483949
1134,0.0429982952773571,-13.665487622315432,0.04549296945333481,-13.420557146199796,0.7081695795059204,0.993877649307251,30.302583769997,0.00011903447190671486
1135,0.06952004134654999,-11.578899782595126,0.07070640474557877,-11.505412450416584,0.714978039264679,0.9888497591018677,30.135826507001184,0.00011880493706665287
1136,0.06432095915079117,-11.916474880278829,0.07472613453865051,-11.265274825038805,0.723602294921875,0.9883304834365845,29.887240948999533,0.00011857548043100799
1137,0.1106843501329422,-9.55913780484821,0.09091411530971527,-10.413686830525945,0.7281946539878845,0.9895166754722595,29.563978004996898,0.00011834610256594159
1138,0.04028407484292984,-13.948666058263084,0.039464760571718216,-14.037905276555932,0.7337287068367004,0.9888824224472046,30.26428207999561,0.00011811680403742081
1139,0.04417630285024643,-13.548106333828652,0.06168588995933533,-12.098141651914286,0.7314558029174805,0.9923235774040222,29.94109374700929,0.00011788758541121693
1140,0.047397539019584656,-13.242442072188808,0.04914005473256111,-13.08564364126383,0.7117193937301636,0.9946052432060242,30.17114065300848,0.00011765844725290415
1141,0.03327008709311485,-14.779460622377607,0.044064126908779144,-13.559148306030584,0.7237565517425537,0.9910439848899841,30.12979388399981,0.00011742939012785812
1142,0.05016371235251427,-12.99610331128947,0.05478880554437637,-12.613081675467921,0.701461136341095,0.9919465780258179,29.588793155999156,0.00011720041460125445
1143,0.05322914198040962,-12.73850534310853,0.05721490830183029,-12.424907937585747,0.7084900140762329,0.9931939840316772,30.45211537501018,0.00011697152123806753
1144,0.04767939820885658,-13.216692347231032,0.05340615287423134,-12.724087054091529,0.7167537212371826,0.9925795197486877,29.71251416299492,0.00011674271060306904
1145,0.04055299609899521,-13.919770541130642,0.0440618172287941,-13.559375953242196,0.7441267967224121,0.9931440949440002,29.630217700992944,0.00011651398326082641
1146,0.03169938921928406,-14.989491056313259,0.03547525778412819,-14.5007444000715,0.7529186606407166,0.9931010603904724,30.201171085995156,0.00011628533977570161
1147,0.03511834517121315,-14.544659568749541,0.04672359302639961,-13.304637675229447,0.7534520626068115,0.9932199120521545,30.10096829100803,0.00011605678071184976
1148,0.050051309168338776,-13.005845583927787,0.05740073695778847,-12.410825317295416,0.7100861072540283,0.992341160774231,29.8908961769921,0.0001158283066332176
1149,0.06822030991315842,-11.660863119924866,0.07084614783525467,-11.496837589513124,0.706458330154419,0.9900062680244446,30.137816299000406,0.00011559991810354218
1150,0.04946201294660568,-13.057282132022097,0.06124399974942207,-12.129364539500436,0.6814418435096741,0.9918643236160278,30.480571926003904,0.00011537161568634952
1151,0.07115941494703293,-11.477676312160696,0.07776603102684021,-11.09210065718833,0.6646616458892822,0.9850038290023804,29.953333465004107,0.00011514339994495319
1152,0.05594881623983383,-12.522090977953697,0.04825779050588608,-13.164325662364728,0.6817929744720459,0.9944782257080078,30.00835085500148,0.00011491527144245279
1153,0.06102684140205383,-12.144791074598109,0.05342693626880646,-12.72239729415567,0.688513994216919,0.9923273921012878,30.21925294600078,0.00011468723074173272
1154,0.06428869068622589,-11.918654190526823,0.06876710057258606,-11.626192864248496,0.7121958136558533,0.9910776615142822,30.156619133995264,0.00011445927840546076
1155,0.056290172040462494,-12.495674239895822,0.06634039431810379,-11.782219514161456,0.7128878831863403,0.9886665344238281,30.49300250298984,0.0001142314149960866
1156,0.04197699949145317,-13.769886079270863,0.040778398513793945,-13.895698342186225,0.6927866339683533,0.9889338612556458,29.79321806700318,0.00011400364107584063
1157,0.09811878204345703,-10.082478513610296,0.06995673477649689,-11.551704693650143,0.7058863639831543,0.9910684823989868,30.271104710001964,0.00011377595720673228
1158,0.054813433438539505,-12.611129934551855,0.07121860235929489,-11.4740655345266,0.708166241645813,0.9916574954986572,29.784948020998854,0.00011354836395054893
1159,0.052224114537239075,-12.821289147639625,0.05533917620778084,-12.569673101506798,0.6947473287582397,0.9935035109519958,29.79114412800118,0.00011332086186885426
1160,0.05407135188579559,-12.670327720993171,0.05581282451748848,-12.532659985950767,0.6991216540336609,0.9893801212310791,30.104481304995716,0.00011309345152298706
1161,0.09792762994766235,-10.090947561921006,0.08330267667770386,-10.793410436338542,0.760341227054596,0.9888060092926025,30.763723804993788,0.00011286613347405969
1162,0.04197806864976883,-13.769775465446813,0.049427859485149384,-13.0602819660947,0.7999008297920227,0.9891319274902344,30.450983429007465,0.00011263890828295696
1163,0.0405685156583786,-13.918108821831328,0.046693675220012665,-13.307419417601569,0.7336023449897766,0.9955050349235535,30.06268043599266,0.00011241177651033442
1164,0.0686730444431305,-11.632136988417338,0.06943775713443756,-11.58404315473187,0.7353841662406921,0.9956350326538086,30.279377961007413,0.00011218473871661702
1165,0.03357255458831787,-14.74015611333652,0.04653254896402359,-13.322431569848064,0.7295895218849182,0.9982255101203918,30.115245033986866,0.00011195779546199808
1166,0.057422082871198654,-12.409210583825942,0.0614144429564476,-12.1172948294505,0.7020989060401917,0.9942626357078552,29.6950324060017,0.00011173094730643748
1167,0.05348515510559082,-12.717667404068973,0.057182829827070236,-12.42734356352887,0.6846153736114502,0.9940647482872009,30.114739939992432,0.00011150419480966045
1168,0.031873710453510284,-14.965673768738874,0.04357662424445152,-13.607464163191656,0.6461397409439087,0.9960320591926575,30.25577219000843,0.00011127753853115627
1169,0.06355307996273041,-11.968633974492363,0.06225479021668434,-12.058272259981997,0.6926328539848328,0.9934293627738953,29.37370571900101,0.0001110509790301768
1170,0.05309893935918808,-12.749141537700952,0.05107469484210014,-12.91794219474832,0.6980285048484802,0.9937840104103088,30.180890155010275,0.00011082451686573505
1171,0.0329604335129261,-14.820070848551465,0.03284076973795891,-14.835866722144527,0.7215193510055542,0.9922493100166321,30.343065483990358,0.00011059815259660393
1172,0.03629324957728386,-14.40174144757975,0.044108759611845016,-13.554751548915336,0.7370360493659973,0.9919980764389038,30.200211941002635,0.00011037188678131471
1173,0.040270064026117325,-13.950176798884304,0.05155089125037193,-12.877638218992454,0.7266476154327393,0.9933119416236877,29.652086248999694,0.00011014571997815583
1174,0.05369694158434868,-12.700504496902457,0.07519456744194031,-11.238135346048796,0.7151698470115662,0.9885404109954834,30.0198674909916,0.00010991965274517145
1175,0.04207231104373932,-13.760036314008513,0.034104492515325546,-14.67188408499033,0.6865079402923584,0.9930829405784607,29.94690531899687,0.0001096936856401599
1176,0.08097832649946213,-10.916312026123654,0.08174479752779007,-10.875398775231462,0.7328821420669556,0.9820313453674316,30.521757569003967,0.00010946781922067265
1177,0.05674034357070923,-12.461080388107744,0.07804597169160843,-11.076495079355787,0.7846769094467163,0.9796266555786133,29.53513647901127,0.00010924205404401259
1178,0.05420578643679619,-12.659543502906104,0.08183871954679489,-10.870411742333024,0.7398862242698669,0.9868010878562927,30.441813940997235,0.00010901639066723282
1179,0.046724721789360046,-13.304532758297329,0.05034449324011803,-12.98048026317649,0.7369366884231567,0.9919219613075256,30.026799483996,0.00010879082964713525
1180,0.05571150407195091,-12.540551165043814,0.04482991620898247,-13.484320728579704,0.7332653999328613,0.9901605844497681,30.039852287998656,0.0001085653715402694
1181,0.04595310613512993,-13.376851277558002,0.05445660650730133,-12.639494254389055,0.7493711113929749,0.9878447651863098,30.762479087992688,0.0001083400169029307
1182,0.03543699160218239,-14.505431543243251,0.03858865052461624,-14.135404087705536,0.7572224736213684,0.9954633712768555,30.005819389989483,0.00010811476629115929
1183,0.05124223604798317,-12.903719272773435,0.05666438117623329,-12.466898497319697,0.7377049326896667,0.9889339804649353,29.51120994100347,0.00010788962026073861
1184,0.043434858322143555,-13.621615907407797,0.06521836668252945,-11.856300817829379,0.724694013595581,0.9938868880271912,30.239898155006813,0.00010766457936719421
1185,0.05361632630228996,-12.707029464304869,0.0544227734208107,-12.642193300480427,0.7154272198677063,0.99037104845047,29.334369573000004,0.00010743964416579206
1186,0.037849098443984985,-14.219444608146697,0.03449768200516701,-14.622100853832823,0.7596887350082397,0.9895481467247009,30.54954381499556,0.0001072148152115374
1187,0.08008980751037598,-10.964227501232822,0.07084419578313828,-11.496957254049317,0.765056312084198,0.9868735671043396,29.529972288000863,0.00010699009305917341
1188,0.05957697331905365,-12.249215639572968,0.06265407055616379,-12.030507081800192,0.7554775476455688,0.9886364936828613,29.802265234000515,0.00010676547826317959
1189,0.04438558593392372,-13.527580426165235,0.05565931275486946,-12.544621603479378,0.742681086063385,0.9940343499183655,29.79600783699425,0.00010654097137777063
1190,0.04123649746179581,-13.847182298380709,0.04747800529003143,-13.235075354903126,0.7196980118751526,0.993786096572876,29.35191334299452,0.00010631657295689494
1191,0.04708356037735939,-13.271307039804508,0.06824652850627899,-11.659194349608594,0.734672486782074,0.9922297596931458,30.69143819299643,0.00010609228355423333
1192,0.039393890649080276,-14.04571124943105,0.05060704052448273,-12.957890592735641,0.7347490787506104,0.9906464219093323,29.86014175300079,0.00010586810372319764
1193,0.03953481465578079,-14.030202928782675,0.039744675159454346,-14.007210482235607,0.7402586936950684,0.9946251511573792,29.809652878990164,0.00010564403401692928
1194,0.08603078126907349,-10.653461331292654,0.07699323445558548,-11.135474354413173,0.7502980828285217,0.9911209940910339,29.961378564999904,0.00010542007498829796
1195,0.06275437772274017,-12.02355972556919,0.0621974915266037,-12.062271303845495,0.7234877943992615,0.9877849221229553,30.61821300900192,0.00010519622718990037
1196,0.04611244425177574,-13.36181856801226,0.047056954354047775,-13.27376184886307,0.7570523619651794,0.9890620708465576,30.613318661999074,0.00010497249117405867
1197,0.03157186135649681,-15.006998129934395,0.04126473516225815,-13.84420937844219,0.7549777626991272,0.9882683753967285,29.656219374010107,0.00010474886749281919
1198,0.04389728605747223,-13.575623291032972,0.04634570702910423,-13.339904880455613,0.7436725497245789,0.9937250018119812,29.87957499899494,0.00010452535669795125
1199,0.04546496644616127,-13.423231250829781,0.04908463731408119,-13.090544136464949,0.7442566752433777,0.9943303465843201,30.6212766259996,0.00010430195934094545
1200,0.06726452708244324,-11.722139068519578,0.05970757454633713,-12.239705704544992,0.7518802881240845,0.9875917434692383,30.215914511994924,0.00010407867597301255
1201,0.030157245695590973,-15.206083257132285,0.03195519745349884,-14.954584945562225,0.7611933350563049,0.9810852408409119,29.819974764002836,0.00010385550714508206
1202,0.04605710878968239,-13.367033281100156,0.04958410933613777,-13.046574834478212,0.7750607132911682,0.9850832223892212,30.58986480398744,0.0001036324534078009
1203,0.06647398322820663,-11.773482968143274,0.07709098607301712,-11.12996399214547,0.7329007983207703,0.9893966317176819,29.70464122800331,0.000103409515311532
1204,0.06122948229312897,-12.1303941258376,0.06177147105336189,-12.09212056049635,0.7081314921379089,0.9885094165802002,30.456916738010477,0.00010318669340635295
1205,0.022053616121411324,-16.565201892687924,0.030165499076247215,-15.204894850433666,0.6994601488113403,0.9933836460113525,29.954345984995598,0.00010296398824205462
1206,0.06883985549211502,-11.621600500035216,0.07510806620121002,-11.243134196004178,0.7017958760261536,0.9844861030578613,30.619815871003084,0.00010274140036813992
1207,0.04019028693437576,-13.958788931857827,0.05608321726322174,-12.51167080633042,0.7151492834091187,0.9845937490463257,30.122151318006217,0.00010251893033382226
1208,0.07546263188123703,-11.222680521432377,0.07385461777448654,-11.316223451493936,0.7384933233261108,0.9853508472442627,29.914533133996883,0.00010229657868802432
1209,0.0511416457593441,-12.912253002999952,0.045566584914922714,-13.413535193163355,0.7555673122406006,0.9915893077850342,30.343656083990936,0.00010207434597937671
1210,0.09014540165662766,-10.450564218606253,0.08340340107679367,-10.788162390600855,0.716991126537323,0.9842202663421631,30.355788375003613,0.00010185223275621656
1211,0.06082874536514282,-12.158911410609992,0.08640284836292267,-10.634719402949049,0.7286495566368103,0.9882404804229736,29.76802349400532,0.00010163023956658617
1212,0.03958294168114662,-14.024919335037865,0.04422372579574585,-13.54344671417995,0.7234035730361938,0.9895131587982178,30.189778198997374,0.00010140836695823161
1213,0.056691061705350876,-12.464854094953257,0.05536174401640892,-12.567902370988644,0.7321819067001343,0.9951176047325134,30.64066918900062,0.00010118661547860156
1214,0.030542423948645592,-15.15096498838826,0.036582112312316895,-14.367312212343442,0.7042115926742554,0.995745062828064,28.89892658300232,0.00010096498567484572
1215,0.09276950359344482,-10.325947672870825,0.09215457737445831,-10.354830882307837,0.7086830139160156,0.9894284605979919,30.269662430990138,0.00010074347809381356
1216,0.07010237127542496,-11.54267291379294,0.07417148351669312,-11.297630344962997,0.702632486820221,0.9873865246772766,30.601748189990758,0.00010052209328205306
1217,0.057805370539426804,-12.380318105808456,0.053784389048814774,-12.693437602693107,0.6911205053329468,0.9883270859718323,30.560998193002888,0.00010030083178580926
1218,0.0502374991774559,-12.989719879020152,0.0503496490418911,-12.980035523053381,0.6939453482627869,0.9951193332672119,29.572301952997805,0.00010007969415102285
1219,0.036519601941108704,-14.374739648531772,0.043404243886470795,-13.624678048929674,0.7036711573600769,0.9960752129554749,30.636902684011147,9.9858680923329e-05
1220,0.04579416662454605,-13.391898399805175,0.038617707788944244,-14.13213507970464,0.7112469673156738,0.9961940050125122,29.76152751299378,9.963779264805588e-05
1221,0.05950433015823364,-12.254514292994422,0.06910345703363419,-11.605002256574913,0.7083498239517212,0.9889954328536987,29.838994110003114,9.94170298702233e-05
1222,0.05048742890357971,-12.96816745386609,0.061447177082300186,-12.114980640436979,0.6954994201660156,0.986062228679657,29.86782076799136,9.919639313454155e-05
1223,0.04662302881479263,-13.31399516416948,0.04019631817936897,-13.958137247060165,0.7128605842590332,0.9912402629852295,29.848684017997584,9.897588298540976e-05
1224,0.048186447471380234,-13.170750907150488,0.06418486684560776,-11.92567355416115,0.7120093107223511,0.9909632802009583,30.49528384799487,9.875549996691486e-05
1225,0.06064809113740921,-12.171828637356064,0.058006856590509415,-12.365206684394966,0.7347284555435181,0.9953409433364868,29.832065769995097,9.853524462283004e-05
1226,0.03829553350806236,-14.168518757828972,0.049330420792102814,-13.068851799495121,0.7504023313522339,0.9892778992652893,29.29993656500301,9.831511749661341e-05
1227,0.04824277013540268,-13.165677626338052,0.04935801401734352,-13.066423230069509,0.7561193108558655,0.9908310174942017,29.80442623300769,9.809511913140682e-05
1228,0.060106538236141205,-12.210782839728298,0.08501163125038147,-10.705216502537949,0.7182108163833618,0.9889858961105347,28.82812363600533,9.787525007003439e-05
1229,0.049450334161520004,-13.058307692953528,0.061142679303884506,-12.1365553417664,0.7128070592880249,0.9891824126243591,30.80689576099394,9.765551085500114e-05
1230,0.049899160861968994,-13.019067576961767,0.05655832961201668,-12.47503425423355,0.7143940925598145,0.9927739500999451,29.99963593200664,9.743590202849169e-05
1231,0.02859373576939106,-15.437291003790858,0.033379290252923965,-14.76522901991146,0.735748291015625,0.9911417961120605,30.397125898001832,9.721642413236909e-05
1232,0.0654401108622551,-11.841559735901082,0.07385193556547165,-11.31638117889983,0.7130540609359741,0.989575982093811,30.55148936600017,9.699707770817317e-05
1233,0.05920131132006645,-12.276686734595827,0.0615784153342247,-12.105714914643691,0.68850177526474,0.9929305911064148,30.48074723800528,9.677786329711943e-05
1234,0.05074004456400871,-12.946491556730411,0.05298423394560814,-12.758533403729027,0.6800884008407593,0.9921073317527771,30.597288076009136,9.655878144009761e-05
1235,0.034672319889068604,-14.600170991642338,0.03593698889017105,-14.444583146152691,0.6818345189094543,0.9934847950935364,30.453182813012972,9.63398326776705e-05
1236,0.04831238090991974,-13.159415592637401,0.05561293289065361,-12.548242006779343,0.6965747475624084,0.9926331043243408,28.77779714000644,9.612101755007234e-05
1237,0.07148464024066925,-11.45787264141443,0.06759143620729446,-11.701083254057387,0.7093405723571777,0.9884731769561768,30.183967521996237,9.590233659720771e-05
1238,0.040623780339956284,-13.912196647612278,0.04241880029439926,-13.724416185270446,0.6964377760887146,0.9931461811065674,30.202778027989552,9.568379035865015e-05
1239,0.040722183883190155,-13.901689393299339,0.058182183653116226,-12.352099831381784,0.6520035862922668,0.9977957010269165,29.93997702100023,9.546537937364073e-05
1240,0.02992372214794159,-15.239843864691764,0.03318539634346962,-14.790529910643318,0.6440538763999939,0.997979998588562,30.19078748198808,9.52471041810869e-05
1241,0.03917171061038971,-14.07027462588827,0.04772231727838516,-13.212784762084038,0.6470379829406738,0.9946456551551819,29.8760248519975,9.502896531956094e-05
1242,0.06691905856132507,-11.74450177453565,0.07744647562503815,-11.10998340990512,0.6615970730781555,0.9921267032623291,30.17841599600797,9.48109633272989e-05
1243,0.08235745131969452,-10.842971017636389,0.06776657700538635,-11.689844506855207,0.6621353626251221,0.9901516437530518,30.555839478998678,9.459309874219894e-05
1244,0.05240713804960251,-12.806095564349437,0.051834963262081146,-12.853772049253093,0.6699516773223877,0.9949691891670227,30.182507691002684,9.43753721018203e-05
1245,0.06215585768222809,-12.065179363767179,0.050540175288915634,-12.963632561376894,0.6899751424789429,0.995617151260376,29.62069055699976,9.415778394338175e-05
1246,0.07326047122478485,-11.351302921948164,0.06404570490121841,-11.935099900381388,0.6742069125175476,0.9931848645210266,30.074838442000328,9.394033480376059e-05
1247,0.057422325015068054,-12.409192270048504,0.04556006193161011,-13.414156942291854,0.6801530718803406,0.9932817220687866,30.330829262995394,9.372302521949085e-05
1248,0.0717618390917778,-11.441064398411871,0.056475378572940826,-12.481408491721425,0.6956685185432434,0.98606938123703,30.576970294001512,9.350585572676232e-05
1249,0.09055112302303314,-10.43106159153167,0.07671743631362915,-11.151059185200436,0.6984980702400208,0.9895209074020386,30.503867281004204,9.328882686141918e-05
1250,0.06419989466667175,-11.924656844745494,0.05722420662641525,-12.424202197932036,0.6915338635444641,0.9931495785713196,30.813613527003326,9.307193915895859e-05
1251,0.04532738775014877,-13.436393089128853,0.0501425638794899,-12.9979346354331,0.6923680305480957,0.9951246976852417,30.68186741200043,9.285519315452934e-05
1252,0.05167599767446518,-12.867111299736948,0.0562850683927536,-12.49606801849767,0.7011559009552002,0.996322751045227,29.8661652370065,9.263858938293066e-05
1253,0.044301386922597885,-13.535826773020592,0.05450267344713211,-12.635821943234513,0.6967183947563171,0.9969723224639893,29.870679681000183,9.24221283786109e-05
1254,0.0414251983165741,-13.827354037771366,0.05741157755255699,-12.410005194380464,0.6912531852722168,0.9930188655853271,30.394075339005212,9.220581067566599e-05
1255,0.04665195569396019,-13.311301454924756,0.052498288452625275,-12.798548552085707,0.7043296098709106,0.9943656325340271,29.834886701006326,9.198963680783837e-05
1256,0.0750744640827179,-11.245077593129945,0.08824928849935532,-10.542887873748729,0.7086420059204102,0.9835989475250244,30.22114636900369,9.177360730851557e-05
1257,0.06803297251462936,-11.672805533091285,0.06861923635005951,-11.635541194242114,0.7045789957046509,0.9890446066856384,30.206362560988055,9.155772271072891e-05
1258,0.05078447237610817,-12.942690552706825,0.06222590431571007,-12.060287831580471,0.6966051459312439,0.9941664338111877,30.26305597901228,9.134198354715224e-05
1259,0.05479515343904495,-12.612578525982379,0.05845014378428459,-12.332144161517755,0.7000111937522888,0.9933528304100037,29.580811549007194,9.112639035010038e-05
1260,0.07088226824998856,-11.494623933624535,0.06562836468219757,-11.829084172867583,0.6914422512054443,0.9891390800476074,29.687359649004065,9.091094365152822e-05
1261,0.041847147047519684,-13.783341449185,0.04037304222583771,-13.939085239969664,0.6931968331336975,0.9938383102416992,28.83791772800032,9.069564398302904e-05
1262,0.044473398476839066,-13.518996822493285,0.04311947897076607,-13.653264955266522,0.7106371521949768,0.994306206703186,30.344750381991616,9.048049187583335e-05
1263,0.05491381511092186,-12.603183828340832,0.06703992933034897,-11.736664521794111,0.7044401168823242,0.9927057027816772,30.619130827995832,9.026548786080752e-05
1264,0.038973450660705566,-14.092311406021409,0.03953683748841286,-14.029980723978232,0.6996402740478516,0.9979388117790222,30.031741913000587,9.005063246845271e-05
1265,0.03389793261885643,-14.698267879080404,0.07721278071403503,-11.12310806728958,0.7055649757385254,0.9965720772743225,30.76010954499361,8.98359262289032e-05
1266,0.04745981842279434,-13.236739276798895,0.06763603538274765,-11.69821857334259,0.7025077939033508,0.9946675300598145,29.59266380200279,8.962136967192529e-05
1267,0.07911824434995651,-11.017233583819506,0.08246945589780807,-10.837068707324281,0.6969432830810547,0.9867426156997681,29.800664777998463,8.940696332691591e-05
1268,0.08839304745197296,-10.535818930361723,0.055092062801122665,-12.589109661126635,0.6947701573371887,0.989953875541687,29.88479442500102,8.919270772290146e-05
1269,0.06091667339205742,-12.15263821135167,0.06317821145057678,-11.994326729497926,0.7083874940872192,0.9888639450073242,30.40956415599794,8.897860338853632e-05
1270,0.04568237438797951,-13.4025133126762,0.05806194245815277,-12.361084389628376,0.727881669998169,0.9902346730232239,30.508872489008354,8.876465085210164e-05
1271,0.04080967977643013,-13.892368130052319,0.04861587658524513,-13.132218791368953,0.7359315752983093,0.9902800917625427,29.906578063993948,8.855085064150412e-05
1272,0.05793368071317673,-12.370688784908278,0.05188389867544174,-12.84967397467501,0.7333095073699951,0.9888027310371399,29.94327765899652,8.833720328427441e-05
1273,0.05550583824515343,-12.556613342694389,0.06763620674610138,-11.698207570026941,0.7192133069038391,0.986167848110199,30.845793745989795,8.812370930756622e-05
1274,0.05783095583319664,-12.37839629586658,0.041265107691287994,-13.84417017146047,0.7163217663764954,0.9820281267166138,30.53612632599834,8.791036923815457e-05
1275,0.035755470395088196,-14.466575040423091,0.03875640779733658,-14.11656483057213,0.7084658145904541,0.9819000959396362,29.88816654199036,8.769718360243505e-05
1276,0.059803884476423264,-12.232706061065688,0.08084902912378311,-10.923251909496761,0.7419333457946777,0.97417813539505,30.524789618997602,8.748415292642194e-05
1277,0.06759689003229141,-11.700732844200477,0.055935412645339966,-12.523131536969405,0.7554759979248047,0.988713800907135,30.679177553989575,8.727127773574727e-05
1278,0.05692792311310768,-12.446746601465716,0.06339511275291443,-11.979442213898515,0.7672477960586548,0.9906968474388123,30.481283843997517,8.705855855565933e-05
1279,0.02087469957768917,-16.80379766012331,0.03603934496641159,-14.43223111134258,0.7496507167816162,0.9914982318878174,29.72909147599421,8.684599591102173e-05
1280,0.040299322456121445,-13.947022554868557,0.05014238879084587,-12.997949800227007,0.739868700504303,0.9901081919670105,30.519650950998766,8.663359032631152e-05
1281,0.02690020762383938,-15.702443679539467,0.026626862585544586,-15.746800029798543,0.729886531829834,0.9898104667663574,30.118906769988826,8.642134232561843e-05
1282,0.03156471624970436,-15.007981103856444,0.04340420663356781,-13.6246817763848,0.7262617349624634,0.9866390824317932,30.12215627299156,8.620925243264328e-05
1283,0.05359965190291405,-12.708380307680546,0.0560515932738781,-12.514120380082904,0.7437536120414734,0.9905504584312439,29.96812340100587,8.599732117069679e-05
1284,0.05983304977416992,-12.230588599897949,0.05712387338280678,-12.431823521390879,0.7332383394241333,0.9870538711547852,30.716732086992124,8.578554906269821e-05
1285,0.06734000891447067,-11.717268304495718,0.05996254086494446,-12.221199725435888,0.7466670274734497,0.9735206961631775,29.83047797200561,8.557393663117431e-05
1286,0.05766571685671806,-12.390823047732196,0.04927045851945877,-13.074133960774656,0.8015962839126587,0.9890221357345581,29.83753376500681,8.53624843982577e-05
1287,0.05639359727501869,-12.487702014340638,0.06094028055667877,-12.15095550697998,0.7630727887153625,0.9899979829788208,31.002329066992388,8.515119288568568e-05
1288,0.043651990592479706,-13.599959470545777,0.04548705741763115,-13.421121569969447,0.7477251887321472,0.9908491969108582,30.00211771200702,8.494006261479907e-05
1289,0.053688958287239075,-12.701150224487282,0.06964374333620071,-11.571178936862605,0.7667495608329773,0.9912917017936707,30.54283684999973,8.472909410654079e-05
1290,0.02739821746945381,-15.622776914835566,0.043075546622276306,-13.657692027025384,0.7772778868675232,0.9927351474761963,30.083245742993313,8.451828788145476e-05
1291,0.06739597022533417,-11.713660702419357,0.06493708491325378,-11.87507211153034,0.763340950012207,0.9894238114356995,29.884831421994022,8.430764445968435e-05
1292,0.027437932789325714,-15.61648612045953,0.035919807851314545,-14.446659951924477,0.7686194777488708,0.9914489984512329,29.98465601199132,8.409716436097117e-05
1293,0.03519310802221298,-14.53542377446517,0.0337989442050457,-14.71096865777076,0.7606418132781982,0.992481529712677,29.80066458899819,8.38868481046541e-05
1294,0.04947555810213089,-13.056092980868417,0.05412858724594116,-12.665733078223784,0.7656790018081665,0.9893572926521301,30.6478042830131,8.367669620966749e-05
1295,0.05668043717741966,-12.465668086814041,0.06724414974451065,-11.723454933889208,0.748293399810791,0.9940149188041687,30.31813662200875,8.34667091945403e-05
1296,0.046923473477363586,-13.286098470115036,0.05810936912894249,-12.357538394962127,0.7513676881790161,0.9955008029937744,29.930118791002315,8.325688757739452e-05
1297,0.03894080966711044,-14.09595022750839,0.03739310801029205,-14.272084359943015,0.7586030960083008,0.99457848072052,29.83913547299744,8.304723187594425e-05
1298,0.03247702494263649,-14.884237611346595,0.046248894184827805,-13.348986468110965,0.7746816873550415,0.9910865426063538,30.573835653995047,8.283774260749406e-05
1299,0.04851442947983742,-13.141290714620915,0.05270139500498772,-12.78177888859858,0.7867024540901184,0.9881872534751892,30.48428331199102,8.262842028893786e-05
1300,0.05942719429731369,-12.260147733514819,0.06389568746089935,-11.9452845286982,0.7646986246109009,0.9897637367248535,29.9819059940055,8.241926543675771e-05
1301,0.032660581171512604,-14.859760915598649,0.0446089543402195,-13.505779567440534,0.7700208425521851,0.9878537654876709,30.107257099007256,8.221027856702237e-05
1302,0.03123198077082634,-15.05400471389564,0.04106584191322327,-13.865192690267733,0.771263837814331,0.9885159134864807,30.19338625999808,8.200146019538613e-05
1303,0.05878293141722679,-12.307487600970957,0.05550277978181839,-12.556852652717957,0.7776959538459778,0.9803715348243713,30.113275266994606,8.179281083708768e-05
1304,0.06304827332496643,-12.003268027510599,0.05567022040486336,-12.543770592596012,0.8159704804420471,0.9881852269172668,30.055384704013704,8.15843310069485e-05
1305,0.053927935659885406,-12.681862040071362,0.05964050814509392,-12.244586649490154,0.7952523231506348,0.9958112835884094,30.07015014300123,8.13760212193718e-05
1306,0.03537812829017639,-14.512651475234211,0.04656161740422249,-13.319719420617144,0.783829391002655,0.995803952217102,29.85131119399739,8.116788198834146e-05
1307,0.06340382993221283,-11.978845075974052,0.0568477064371109,-12.452870525482055,0.7461407780647278,0.993032693862915,30.11324028899253,8.095991382742009e-05
1308,0.040879763662815094,-13.884916236316037,0.04477031156420708,-13.490098832672281,0.7400926947593689,0.9935545921325684,30.16720801401243,8.075211724974864e-05
1309,0.03771359473466873,-14.235020701014207,0.04963262751698494,-13.042327329357322,0.7284690141677856,0.9942591786384583,30.10045746299147,8.054449276804442e-05
1310,0.03838583454489708,-14.158290129641781,0.04294789582490921,-13.670581089824989,0.7385188341140747,0.9916048049926758,30.058064377997653,8.033704089460018e-05
1311,0.05817743018269539,-12.352454663424746,0.05889993533492088,-12.298851820086226,0.7537258863449097,0.9880125522613525,30.22385620600835,8.012976214128295e-05
1312,0.028722237795591354,-15.417817265171134,0.03192673996090889,-14.9584542498814,0.7599411010742188,0.9938069581985474,30.004053822995047,7.992265701953223e-05
1313,0.05758194252848625,-12.397136882664343,0.06146111711859703,-12.11399550254918,0.784961998462677,0.990017294883728,30.272314646004816,7.971572604035946e-05
1314,0.09450896829366684,-10.245269777756,0.10187103599309921,-9.919492771906949,0.7509918808937073,0.9919210076332092,29.985010631004116,7.950896971434625e-05
1315,0.04341164603829384,-13.623937467061202,0.042795173823833466,-13.686052052724584,0.7557059526443481,0.9901776313781738,30.1532344330044,7.93023885516432e-05
1316,0.03598817065358162,-14.438402287795052,0.04535386338829994,-13.433857124144685,0.7638919949531555,0.9927940964698792,30.026359007999417,7.909598306196892e-05
1317,0.02239367552101612,-16.498746188852913,0.031381916254758835,-15.033205408672213,0.7535558342933655,0.9939729571342468,29.91265064700565,7.888975375460835e-05
1318,0.061697766184806824,-12.097305596416316,0.0719669759273529,-11.428667460998103,0.7421125173568726,0.9814755916595459,29.91362945199944,7.868370113841183e-05
1319,0.026216117665171623,-15.81431622371242,0.036877747625112534,-14.332356121146761,0.7363107204437256,0.9930622577667236,30.325612879008986,7.847782572179372e-05
1320,0.04165104776620865,-13.803740690760762,0.057049911469221115,-12.437450251813368,0.7461914420127869,0.995201826095581,30.65427248700871,7.827212801273106e-05
1321,0.03604469075798988,-14.431586961007568,0.034359656274318695,-14.639511893832589,0.7312430739402771,0.9946261644363403,30.616345857997658,7.806660851876262e-05
1322,0.037131261080503464,-14.302603006677897,0.04773916304111481,-13.211251992667885,0.7247135639190674,0.9947870373725891,30.52736029299558,7.786126774698727e-05
1323,0.030990559607744217,-15.087705814633521,0.033509790897369385,-14.748282821607795,0.7127569913864136,0.9948264360427856,30.21036726499733,7.765610620406296e-05
1324,0.03221805393695831,-14.919006957458134,0.03475895896553993,-14.589332391812986,0.7268187403678894,0.9938874840736389,30.148248095007148,7.745112439620533e-05
1325,0.05303955078125,-12.754001628388822,0.04942965880036354,-13.060123873380594,0.7189836502075195,0.9937255382537842,30.097398363999673,7.72463228291868e-05
1326,0.04488227888941765,-13.47925099960303,0.044745661318302155,-13.492490688717567,0.7141698002815247,0.9954894185066223,30.01084580499446,7.704170200833464e-05
1327,0.017722105607390404,-17.51484679752662,0.033283159136772156,-14.777754584934808,0.7377351522445679,0.9957655668258667,30.196390220007743,7.68372624385305e-05
1328,0.03395923599600792,-14.690420889232549,0.047856468707323074,-13.200593507929998,0.7537153959274292,0.9924306273460388,30.170138842004235,7.663300462420881e-05
1329,0.04984963312745094,-13.023380335584562,0.05777812376618385,-12.38236565136142,0.7394619584083557,0.9830182194709778,30.076255573003436,7.642892906935519e-05
1330,0.039022210985422134,-14.086881272531533,0.04708364978432655,-13.27129879299494,0.756095290184021,0.98772794008255,30.049742767005228,7.6225036277506e-05
1331,0.1019098088145256,-9.917840131531232,0.1078181341290474,-9.673081882190877,0.7523078918457031,0.9827284812927246,30.227219660999253,7.602132675174625e-05
1332,0.03989884629845619,-13.990396620331492,0.04521992430090904,-13.446701689984145,0.7591226100921631,0.9854499697685242,29.59003278199816,7.581780099470902e-05
1333,0.045711617916822433,-13.39973407011972,0.06273449957370758,-12.024935619703133,0.7512935400009155,0.989421546459198,29.89882470900193,7.561445950857402e-05
1334,0.04175516590476036,-13.79289786394109,0.0514209009706974,-12.888603181325099,0.7599863409996033,0.9902003407478333,30.26812029100256,7.541130279506593e-05
1335,0.057547301054000854,-12.399750397910275,0.05929535627365112,-12.26979317146079,0.7507186532020569,0.9849773645401001,30.69253511900024,7.520833135545389e-05
1336,0.03892924264073372,-14.097240452855715,0.037757232785224915,-14.229998424913127,0.7839414477348328,0.9831970930099487,29.527147259999765,7.500554569054972e-05
1337,0.04768622666597366,-13.216070412177439,0.05622851476073265,-12.500433879347154,0.787666916847229,0.9888633489608765,30.786866210997687,7.480294630070685e-05
1338,0.03567647561430931,-14.476180549804374,0.044854532927274704,-13.481936612874453,0.7658266425132751,0.9912996292114258,29.934167247003643,7.460053368581911e-05
1339,0.01931767351925373,-17.140451780320607,0.030822839587926865,-15.11127353904612,0.7580686211585999,0.9942458868026733,30.043604409002,7.439830834531963e-05
1340,0.04265473783016205,-13.700327230040322,0.04929749295115471,-13.071751664170957,0.7572033405303955,0.991766095161438,30.019108150998363,7.419627077817925e-05
1341,0.04617733508348465,-13.355711340324902,0.06890445947647095,-11.61752669764591,0.7471269965171814,0.99217689037323,29.998849758005235,7.399442148290558e-05
1342,0.05669151619076729,-12.464819278227068,0.057824116200208664,-12.378909963761316,0.7447831034660339,0.992006778717041,30.18423678900581,7.379276095754173e-05
1343,0.05192331597208977,-12.846375800206824,0.04275932535529137,-13.689691555762455,0.7418774962425232,0.9933696985244751,30.19226024999807,7.35912896996649e-05
1344,0.04303687810897827,-13.661592398691731,0.049835480749607086,-13.024613478509423,0.7655612230300903,0.9933176636695862,30.038878723993548,7.339000820638554e-05
1345,0.07097252458333969,-11.48909746080861,0.06403590738773346,-11.935764321444658,0.7775700092315674,0.9833458662033081,30.03593335399637,7.318891697434564e-05
1346,0.053957246243953705,-12.67950223031611,0.049295518547296524,-13.071925606053394,0.794806182384491,0.9872612953186035,30.08688478100521,7.29880164997178e-05
1347,0.061101432889699936,-12.139486049910406,0.062050335109233856,-12.072558686997816,0.7760564684867859,0.989014208316803,30.15775001399743,7.27873072782041e-05
1348,0.05919431522488594,-12.27719999097597,0.0640014111995697,-11.93810449924497,0.7910979986190796,0.9895321130752563,30.03737807100697,7.258678980503439e-05
1349,0.018155159428715706,-17.40999932972969,0.0259854756295681,-15.852693295688224,0.798943281173706,0.9942535161972046,30.119502747998922,7.238646457496579e-05
1350,0.0641847625374794,-11.925680611974558,0.05756688863039017,-12.39827242609029,0.7851747274398804,0.9933953285217285,30.600917322997702,7.218633208228079e-05
1351,0.06834907829761505,-11.652673376071235,0.06588424742221832,-11.812184105192095,0.8000147342681885,0.988048255443573,30.025958738988265,7.19863928207864e-05
1352,0.06489318609237671,-11.878009025433018,0.056461893022060394,-12.4824456516028,0.8019359707832336,0.9819532036781311,30.197234951003338,7.178664728381302e-05
1353,0.03114178031682968,-15.066565632480415,0.04435788467526436,-13.530291725167949,0.7929270267486572,0.990818202495575,29.762771178007824,7.15870959642127e-05
1354,0.050460588186979294,-12.970476914858057,0.06014431640505791,-12.208054068962323,0.8015448451042175,0.9912242889404297,30.215338951995363,7.138773935435865e-05
1355,0.04111001640558243,-13.86052349897179,0.04819118604063988,-13.170323850704255,0.7882223725318909,0.995322585105896,29.781049355995492,7.118857794614341e-05
1356,0.043440256267786026,-13.621076213613971,0.04197380319237709,-13.77021678130289,0.7855005264282227,0.9911718964576721,29.810441691995948,7.098961223097792e-05
1357,0.03279709443449974,-14.841646296579407,0.030013106763362885,-15.22689046868247,0.7932308912277222,0.9948788285255432,29.863835843993,7.079084269979042e-05
1358,0.059402789920568466,-12.261931573910548,0.05915785953402519,-12.279875481461463,0.802092432975769,0.98960280418396,29.722556064996752,7.05922698430249e-05
1359,0.048040881752967834,-13.183890300499744,0.06879770010709763,-11.624260798903219,0.808699369430542,0.9892033338546753,30.963632219005376,7.039389415064016e-05
1360,0.04589129984378815,-13.382696409886277,0.042604006826877594,-13.705495543854035,0.8133076429367065,0.9894310832023621,30.371002757005044,7.019571611210843e-05
1361,0.09519966691732407,-10.213645711090859,0.08734989166259766,-10.587376293179238,0.8521610498428345,0.9764734506607056,29.892334763004328,6.999773621641448e-05
1362,0.039391208440065384,-14.04600695727133,0.050593867897987366,-12.959021175280892,0.8268541693687439,0.9856889843940735,30.387689876995864,6.979995495205382e-05
1363,0.05039967596530914,-12.975722557468611,0.050248149782419205,-12.988799250247865,0.8371134996414185,0.9814432263374329,30.1173696199985,6.960237280703221e-05
1364,0.06266909092664719,-12.02946605092114,0.05973217263817787,-12.23791688366175,0.8239040970802307,0.9851636290550232,30.033751107999706,6.940499026886391e-05
1365,0.04667045176029205,-13.309579952046942,0.04718583822250366,-13.261883256083669,0.8195275664329529,0.9880536794662476,30.667752942012157,6.920780782457064e-05
1366,0.03056136704981327,-15.148272230889548,0.028838029131293297,-15.400344237798425,0.8258808851242065,0.991878092288971,29.792124280007556,6.901082596068067e-05
1367,0.0488119013607502,-13.114742750143796,0.07121719419956207,-11.474151405637148,0.8242388367652893,0.9876304268836975,30.118558964008116,6.881404516322693e-05
1368,0.04640955477952957,-13.333925978659668,0.05722390487790108,-12.424225098740607,0.8097870349884033,0.9906967878341675,30.075607488994137,6.861746591774657e-05
1369,0.05002201348543167,-13.008388310292002,0.05079464614391327,-12.941820607919555,0.7999405860900879,0.9927107691764832,30.597005446004914,6.842108870927947e-05
1370,0.03299728408455849,-14.815218042189272,0.046488650143146515,-13.326530639149874,0.7814797759056091,0.991284966468811,28.82526753700222,6.822491402236665e-05
1371,0.033359795808792114,-14.767766162762634,0.04010297358036041,-13.96823423836252,0.7844291925430298,0.9898767471313477,30.10174072100199,6.802894234104982e-05
1372,0.04809224233031273,-13.179249731983367,0.05686352029442787,-12.451662575974883,0.7957801818847656,0.9869059324264526,30.734472711992566,6.783317414886955e-05
1373,0.021297896280884743,-16.716632922556236,0.02784690633416176,-15.552230459551406,0.8111753463745117,0.9952608942985535,30.22475093101093,6.763760992886439e-05
1374,0.04309703782200813,-13.655525790581045,0.0482097789645195,-13.168648596863616,0.8117122650146484,0.9946093559265137,30.074049839007785,6.744225016356964e-05
1375,0.038241926580667496,-14.174602366179377,0.04528384283185005,-13.440567255855429,0.8013327121734619,0.9931169748306274,30.15272993200051,6.724709533501602e-05
1376,0.04337606206536293,-13.627498783356192,0.03691454604268074,-14.328024679414135,0.7875681519508362,0.9928754568099976,29.991796023998177,6.705214592472878e-05
1377,0.06469713151454926,-11.891149742707869,0.06875105947256088,-11.627206048435053,0.7809752821922302,0.99025958776474,30.04097821599862,6.685740241372618e-05
1378,0.028911998495459557,-15.389218873682061,0.0313788577914238,-15.033628690179079,0.7762606739997864,0.9923079013824463,30.093392851005774,6.666286528251847e-05
1379,0.020161686465144157,-16.954731432430325,0.029722174629569054,-15.269194184812559,0.7887047529220581,0.988429844379425,30.12066888299887,6.646853501110659e-05
1380,0.04377763718366623,-13.587476823604392,0.04453755542635918,-13.51273624157487,0.8372257947921753,0.9813935160636902,30.053735478999442,6.627441207898133e-05
1381,0.03399667516350746,-14.68563554378746,0.04509244114160538,-13.458962529155293,0.8454195261001587,0.9838634133338928,29.948153128993,6.608049696512162e-05
1382,0.04072512313723564,-13.901375938659747,0.04634726047515869,-13.33975931319898,0.8289155960083008,0.9852970242500305,30.266743144995417,6.58867901479937e-05
1383,0.03927907720208168,-14.05838723795403,0.04838649183511734,-13.15275864385412,0.8287226557731628,0.9849351048469543,28.972428716006107,6.569329210555006e-05
1384,0.04369218274950981,-13.595962584988857,0.04092271253466606,-13.880355870755157,0.8265370726585388,0.9898934960365295,30.362519335001707,6.550000331522766e-05
1385,0.033265016973018646,-14.780122506120172,0.04256470873951912,-13.709503340281735,0.8189905285835266,0.989937424659729,30.68346866199863,6.530692425394759e-05
1386,0.06373384594917297,-11.95629873697424,0.06522998958826065,-11.85552690791126,0.831978440284729,0.9848629832267761,30.291371532002813,6.5114055398113e-05
1387,0.06125260517001152,-12.12875435333487,0.06623955816030502,-11.788825730943582,0.8190650939941406,0.9876773953437805,30.335543388995575,6.492139722360877e-05
1388,0.0345449298620224,-14.616156847323897,0.042150724679231644,-13.751949543270143,0.8046250939369202,0.990067720413208,30.54421039301087,6.472895020579986e-05
1389,0.02682814933359623,-15.714092848939849,0.03420358523726463,-14.65928368575841,0.8037379384040833,0.9841082096099854,29.773668816007557,6.453671481952996e-05
1390,0.07969287037849426,-10.985805304651834,0.07949165999889374,-10.99678433683448,0.8012691736221313,0.9671400785446167,30.37622324799304,6.434469153912095e-05
1391,0.06704539805650711,-11.736310264152191,0.05545308068394661,-12.56074321700429,0.7926957011222839,0.9780453443527222,30.29568726499565,6.415288083837113e-05
1392,0.0467277467250824,-13.304251607266513,0.049627650529146194,-13.042762846645644,0.7881767749786377,0.9834669828414917,30.58801412199682,6.396128319055427e-05
1393,0.051380570977926254,-12.892010738411962,0.049748681485652924,-13.032184250822585,0.7792527079582214,0.9797512292861938,30.467000770004233,6.376989906841862e-05
1394,0.06988230347633362,-11.556327881337618,0.06051580235362053,-12.18131204202222,0.7703855633735657,0.9846214056015015,29.932942165003624,6.357872894418543e-05
1395,0.05016745999455452,-12.995778869698512,0.05488315969705582,-12.605608936582923,0.7881711721420288,0.9870665669441223,30.524213751006755,6.3387773289548e-05
1396,0.04428050294518471,-13.53787454967835,0.047925036400556564,-13.194375485805384,0.8023084998130798,0.9876770377159119,29.7312411259918,6.31970325756704e-05
1397,0.06651949137449265,-11.770510801630024,0.06880053877830505,-11.62408160776655,0.8133549094200134,0.9902253746986389,30.695799105989863,6.300650727318639e-05
1398,0.03311709314584732,-14.799477904163606,0.03681785613298416,-14.33941503618199,0.851199209690094,0.9909119009971619,30.45336615999986,6.281619785219814e-05
1399,0.0488273985683918,-13.113364134806545,0.04252711310982704,-13.713340977137108,0.8454926609992981,0.987878143787384,30.1035346770077,6.262610478227538e-05
1400,0.041831083595752716,-13.785008852640978,0.04079541191458702,-13.893886773951028,0.844444751739502,0.9876892566680908,30.677575441994122,6.243622853245377e-05
1401,0.026856835931539536,-15.70945153915272,0.040537942200899124,-13.921383008586632,0.8078842163085938,0.9925022721290588,30.10394899599487,6.224656957123402e-05
1402,0.07584232836961746,-11.200883425609598,0.07970567792654037,-10.985107400246283,0.7955204248428345,0.9893448948860168,30.582928079995327,6.205712836658097e-05
1403,0.06543044745922089,-11.84220109675039,0.06764456629753113,-11.697670833433854,0.818748950958252,0.9782309532165527,30.575763184999232,6.186790538592172e-05
1404,0.0317346453666687,-14.984663505318473,0.034427810460329056,-14.630905966621537,0.8842067718505859,0.9881914258003235,30.18314713500149,6.167890109614528e-05
1405,0.03644642233848572,-14.383450965497689,0.04823123291134834,-13.166716362704083,0.8833779692649841,0.9867720007896423,30.435311102992273,6.149011596360105e-05
1406,0.056186847388744354,-12.50365335223988,0.06040087342262268,-12.18956781241168,0.9011692404747009,0.988365650177002,29.71672243300418,6.130155045409734e-05
1407,0.032515257596969604,-14.879128009999672,0.0408618338406086,-13.886821465283493,0.9358963370323181,0.9859427809715271,30.58844315400347,6.111320503290107e-05
1408,0.043234843760728836,-13.64166106100678,0.05486181005835533,-12.60729867788327,0.9255581498146057,0.9888445138931274,30.192517403993406,6.0925080164735564e-05
1409,0.03639976680278778,-14.389013986628282,0.05153648927807808,-12.878851693833749,0.8741066455841064,0.9894417524337769,29.808542814003886,6.073717631378044e-05
1410,0.051598578691482544,-12.873622610571546,0.06055824086070061,-12.178267490157875,0.8847733736038208,0.9891772866249084,30.34023803200398,6.05494939436697e-05
1411,0.041728340089321136,-13.795688907244742,0.04885511100292206,-13.110899956158379,0.9010166525840759,0.9818236231803894,29.790791519000777,6.036203351749088e-05
1412,0.03987668827176094,-13.992809166740033,0.039866410195827484,-13.99392868975152,0.8804613947868347,0.9908438324928284,29.947957352997037,6.017479549778406e-05
1413,0.026061657816171646,-15.83997961687529,0.040896471589803696,-13.883141598348523,0.8341924548149109,0.994970977306366,29.962738497008104,5.99877803465404e-05
1414,0.05903220549225807,-12.289109908655595,0.060774222016334534,-12.16280591937382,0.8016490936279297,0.9879869222640991,30.645185172004858,5.9800988525201166e-05
1415,0.042243968695402145,-13.74235287870492,0.04323350638151169,-13.641795402974285,0.7992502450942993,0.9939396977424622,30.60121737999725,5.961442049465657e-05
1416,0.042561087757349014,-13.709872810557766,0.0512474924325943,-12.903273800067598,0.7922793626785278,0.9921486973762512,29.80345262499759,5.94280767152448e-05
1417,0.030144548043608665,-15.207912231007993,0.03887893632054329,-14.102856253302123,0.782850980758667,0.9946900010108948,30.659498438006267,5.924195764675053e-05
1418,0.03245646134018898,-14.886988321305516,0.031661506742239,-14.994684212897198,0.7860217690467834,0.9939427971839905,29.020539500997984,5.905606374840402e-05
1419,0.05036632716655731,-12.978597177748144,0.0545574352145195,-12.631460543693322,0.85150545835495,0.9911476373672485,30.910082040005364,5.887039547888015e-05
1420,0.029814962297677994,-15.25565735487669,0.04528782144188881,-13.440185704207812,0.8145021200180054,0.9921349287033081,30.808720761997392,5.8684953296296695e-05
1421,0.05576908960938454,-12.53606444990481,0.061627261340618134,-12.102271314848078,0.7871398329734802,0.9954203367233276,30.689782939996803,5.849973765821403e-05
1422,0.048509370535612106,-13.141743607944594,0.04888326674699783,-13.108397789679769,0.7773666381835938,0.9925192594528198,30.673429283997393,5.831474902163309e-05
1423,0.0343385748565197,-14.642177331808856,0.03734704852104187,-14.27743714095947,0.8125064969062805,0.9838757514953613,29.74639884699718,5.812998784299509e-05
1424,0.0630192831158638,-12.005265415009758,0.06890696287155151,-11.61736891527184,0.8245261907577515,0.9821358323097229,29.719058295013383,5.7945454578179964e-05
1425,0.03967232629656792,-14.015123327102305,0.046413224190473557,-13.333582613605683,0.8228915929794312,0.9953729510307312,30.658973573998082,5.776114968250499e-05
1426,0.054414134472608566,-12.642882744459325,0.049428775906562805,-13.060201446105047,0.825157880783081,0.9960983991622925,29.40496668999549,5.757707361072431e-05
1427,0.05361524224281311,-12.707117274462876,0.06006342172622681,-12.213899302968168,0.8011246919631958,0.9911463856697083,31.09482035500696,5.7393226817027316e-05
1428,0.02289515733718872,-16.402563676037502,0.029882309958338737,-15.245858337703435,0.8047860264778137,0.9965905547142029,29.945721975003835,5.720960975503762e-05
1429,0.04293002560734749,-13.672388524578851,0.041867513209581375,-13.781228339737249,0.819348156452179,0.9922717809677124,29.950082880008267,5.7026222877812186e-05
1430,0.05769689381122589,-12.388475670266255,0.04590984433889389,-13.380941797332113,0.8477028012275696,0.9856778979301453,30.072826523013646,5.6843066637839836e-05
1431,0.03690830618143082,-14.328758852433307,0.04772285744547844,-13.212735604735101,0.8266228437423706,0.9826323390007019,30.22143709300144,5.666014148704041e-05
1432,0.04279295355081558,-13.686277376574926,0.045519351959228516,-13.418039294359241,0.8188308477401733,0.9851223826408386,30.027809093997348,5.647744787676351e-05
1433,0.06023159250617027,-12.201756540478609,0.0573749914765358,-12.41277365964651,0.831558883190155,0.9864363074302673,30.612450991000514,5.629498625778746e-05
1434,0.07123035937547684,-11.473348645164851,0.08089232444763184,-10.920926849111968,0.8500581383705139,0.980983555316925,30.506540812988533,5.611275708031814e-05
1435,0.06459216773509979,-11.898201401351486,0.06733831018209457,-11.717377861862062,0.8463463187217712,0.9914283156394958,29.676357857999392,5.593076079398801e-05
1436,0.07286320626735687,-11.374917220041018,0.064923956990242,-11.875950186195173,0.8739882111549377,0.9871867895126343,29.850010873997235,5.574899784785477e-05
1437,0.03885297477245331,-14.105757238840122,0.03688333183526993,-14.33169854084033,0.8660211563110352,0.9931442141532898,29.87932876299601,5.556746869040037e-05
1438,0.07166090607643127,-11.447177049343395,0.05052127316594124,-12.965257134925977,0.8337441682815552,0.9891293048858643,29.886000658996636,5.538617376953012e-05
1439,0.04578997194766998,-13.392296225247502,0.05473262071609497,-12.617537563938795,0.8376023173332214,0.9890589714050293,29.79640304300119,5.520511353257099e-05
1440,0.053122736513614655,-12.74719561226902,0.05858450010418892,-12.322172715108872,0.8252919316291809,0.9876821637153625,31.07479401299497,5.502428842627124e-05
1441,0.05987762659788132,-12.227354223476429,0.050240639597177505,-12.989448403657848,0.8323038220405579,0.9776326417922974,29.92471879000368,5.484369889679895e-05
1442,0.046299275010824203,-13.344258094319244,0.05073172599077225,-12.947203618901433,0.851774275302887,0.9903067350387573,28.93041276501026,5.46633453897406e-05
1443,0.048634160310029984,-13.130585779983129,0.046361763030290604,-13.338400571734477,0.8600572943687439,0.9958346486091614,30.52835428000253,5.448322835010078e-05
1444,0.05214383453130722,-12.827970350206142,0.04411733150482178,-13.553907643040375,0.8659065961837769,0.9932031035423279,30.02795889999834,5.4303348222300155e-05
1445,0.03821197524666786,-14.178005122464114,0.054327771067619324,-12.649781126076643,0.8634669780731201,0.9903187155723572,30.33934599699569,5.4123705450175215e-05
1446,0.030325261875987053,-15.181954400495396,0.03726837784051895,-14.286595101119755,0.8568963408470154,0.9945164322853088,30.85166340599244,5.394430047697659e-05
1447,0.07468166202306747,-11.267860254866255,0.07375162839889526,-11.322283862341191,0.8360885381698608,0.9858022928237915,30.688481880992185,5.376513374536815e-05
1448,0.04149749130010605,-13.81978157432934,0.05333247035741806,-12.730082993439112,0.8565168976783752,0.9831435680389404,30.62841048599512,5.3586205697426145e-05
1449,0.028879396617412567,-15.39411884787695,0.04490068182349205,-13.477470641110143,0.8757125735282898,0.9895734190940857,30.614859811001224,5.3407516774637655e-05
1450,0.060767076909542084,-12.163316540945832,0.05889178812503815,-12.299452590360506,0.8512248992919922,0.9913248419761658,30.544513485001517,5.322906741789983e-05
1451,0.04351191967725754,-13.613917558871702,0.05714110657572746,-12.430513534612714,0.8368878960609436,0.9914703965187073,30.455417392993695,5.30508580675187e-05
1452,0.051056671887636185,-12.919474979435927,0.041375722736120224,-13.83254407040955,0.854814350605011,0.9861359000205994,30.476178886994603,5.287288916320821e-05
1453,0.053930021822452545,-12.681694039691509,0.053099628537893295,-12.749085170366694,0.8519302606582642,0.984849750995636,29.66839180298848,5.269516114408888e-05
1454,0.061495326459407806,-12.111578886080054,0.07574193179607391,-11.206636223983148,0.8577039837837219,0.9868329167366028,30.03822806099197,5.251767444868693e-05
1455,0.04223278537392616,-13.743502746473428,0.03851086646318436,-14.144167099833254,0.8410810828208923,0.9954205751419067,30.155208669006242,5.234042951493313e-05
1456,0.05107268691062927,-12.918112935014586,0.05572345107793808,-12.539619945788905,0.8260518908500671,0.9941596984863281,29.770659849004005,5.216342678016171e-05
1457,0.04279310628771782,-13.686261875734264,0.04400702938437462,-13.564779467081829,0.8353291153907776,0.9957836866378784,30.268967555006384,5.198666668110946e-05
1458,0.06417438387870789,-11.926382921762308,0.07265733927488327,-11.387205101198703,0.8334077596664429,0.990939736366272,29.802047910998226,5.181014965391416e-05
1459,0.047060441225767136,-13.273440053059405,0.07975035905838013,-10.982673529459356,0.8094353079795837,0.9938787221908569,30.52266729901021,5.163387613411411e-05
1460,0.0490853413939476,-13.090481840841619,0.04824776574969292,-13.165227930893424,0.8010702133178711,0.9912459254264832,29.785841680000885,5.145784655664681e-05
1461,0.06268001347780228,-12.028709188121134,0.05605668947100639,-12.513725538553125,0.8091532588005066,0.9889783263206482,30.777204414000153,5.128206135584753e-05
1462,0.02619020827114582,-15.818610479251301,0.03445090726017952,-14.627993365042322,0.8217644691467285,0.9892368912696838,29.882370571998763,5.110652096544895e-05
1463,0.05945250391960144,-12.258298497753056,0.06608200073242188,-11.799168165603891,0.8167955279350281,0.986381471157074,29.90911564399721,5.093122581857947e-05
1464,0.058671388775110245,-12.315736317314618,0.061204276978969574,-12.13218228117541,0.8265531659126282,0.9926469922065735,29.958453304003342,5.07561763477624e-05
1465,0.07047566026449203,-11.519608466615171,0.06214475631713867,-12.065955105971105,0.8412961363792419,0.9915937781333923,30.848959075010498,5.058137298491505e-05
1466,0.06199901923537254,-12.076151805598174,0.05367890000343323,-12.701963923714693,0.817537784576416,0.9875093698501587,30.623313844000222,5.040681616134714e-05
1467,0.06005793437361717,-12.214296089524302,0.054591480642557144,-12.628751264926068,0.8049531579017639,0.9890539050102234,30.81244124600198,5.0232506307760436e-05
1468,0.026121197268366814,-15.830069209818497,0.03409472852945328,-14.673127631514644,0.8184897899627686,0.9950777888298035,29.94614392799849,5.0058443854247126e-05
1469,0.03212921321392059,-14.930999093878581,0.03867765888571739,-14.125398211286,0.8154379725456238,0.9952946305274963,30.26703152000846,4.9884629230289e-05
1470,0.04731302335858345,-13.250192991205118,0.07014183700084686,-11.540228642127408,0.7970559000968933,0.9929032921791077,30.354585111999768,4.97110628647563e-05
1471,0.05447468161582947,-12.638052993553766,0.040505897253751755,-13.924817432359633,0.8057432174682617,0.9899471998214722,29.74181789100112,4.9537745185906915e-05
1472,0.051204144954681396,-12.906948816312351,0.04914667084813118,-13.085058955494514,0.7964986562728882,0.9928310513496399,30.456514609002625,4.936467662138494e-05
1473,0.06396214663982391,-11.940769692750806,0.04615848883986473,-13.357484177642952,0.7999955415725708,0.9933460354804993,30.211308579993783,4.9191857598219765e-05
1474,0.044527437537908554,-13.513722968906265,0.06896161288022995,-11.613925897409597,0.7926231026649475,0.9930728673934937,30.6328214929963,4.901928854282532e-05
1475,0.032590288668870926,-14.869117927359357,0.03993447124958038,-13.986520614374811,0.7846965789794922,0.9913827180862427,29.66640129299776,4.884696988099841e-05
1476,0.040774066001176834,-13.89615978411451,0.0527680404484272,-12.776290331263064,0.7691247463226318,0.9924088716506958,30.261421666000388,4.867490203791838e-05
1477,0.055620141327381134,-12.547679119469029,0.05968228355050087,-12.241545683295739,0.7576779127120972,0.9951096773147583,29.901710696009104,4.850308543814532e-05
1478,0.04122820496559143,-13.848055735196416,0.0664091482758522,-11.777720897210298,0.7590588331222534,0.992909848690033,30.518971429992234,4.8331520505619754e-05
1479,0.05758745223283768,-12.396721349665585,0.06270119547843933,-12.027241787039856,0.7671869397163391,0.9914856553077698,30.538108428998385,4.816020766366116e-05
1480,0.08159108459949493,-10.883572937013062,0.07722475379705429,-11.122434676081486,0.7726958394050598,0.9880807399749756,30.015648950997274,4.798914733496677e-05
1481,0.08145883679389954,-10.890617957865212,0.07536933571100235,-11.228053124830614,0.7706617712974548,0.9872112274169922,30.129135687995586,4.781833994161106e-05
1482,0.028412576764822006,-15.464893778775188,0.028906483203172684,-15.390047418791891,0.7678762674331665,0.9889230132102966,30.099917945000925,4.7647785905044276e-05
1483,0.03599044308066368,-14.438128066747613,0.04283136874437332,-13.682380468020172,0.7973143458366394,0.9702383279800415,30.705563905008603,4.747748564609147e-05
1484,0.057126399129629135,-12.431631501208578,0.05495617166161537,-12.59983528563322,0.8062384128570557,0.96241295337677,30.48768057199777,4.7307439584951725e-05
1485,0.04165735840797424,-13.8030827314918,0.05403614789247513,-12.673156183516404,0.8120829463005066,0.9772093892097473,29.81857421300083,4.713764814119673e-05
1486,0.06110667809844017,-12.139113248924406,0.049181777983903885,-13.081957750061052,0.7847989797592163,0.9892213344573975,29.70074143500824,4.6968111733770004e-05
1487,0.07876382768154144,-11.036731866297396,0.06708001345396042,-11.734068589548237,0.767022967338562,0.9875736832618713,30.877302445995156,4.679883078098576e-05
1488,0.03501589968800545,-14.557347105283045,0.04352947324514389,-13.612165882452478,0.7580996751785278,0.9923962950706482,30.052175263001118,4.6629805700527905e-05
1489,0.03468521311879158,-14.59855632677636,0.051717761904001236,-12.863602775530358,0.7469637989997864,0.9917643070220947,30.605337781002163,4.64610369094491e-05
1490,0.05402161553502083,-12.674324322202455,0.03938264027237892,-14.046951714451957,0.7543308734893799,0.9894967079162598,30.689203612011625,4.62925248241695e-05
1491,0.07106272876262665,-11.483581198943703,0.07458537817001343,-11.273463039221419,0.7676047682762146,0.9825224876403809,30.151939029994537,4.6124269860475946e-05
1492,0.04890333116054535,-13.10661556913117,0.06261139363050461,-12.0334662939271,0.7609703540802002,0.9906649589538574,29.774665039993124,4.595627243352077e-05
1493,0.061800144612789154,-12.090105086507123,0.0749746561050415,-11.250855175869887,0.7576487064361572,0.9947806596755981,30.34353510699293,4.578853295782107e-05
1494,0.07986126840114594,-10.976637963746107,0.06454059481620789,-11.901670363811263,0.7623769044876099,0.9823150038719177,30.289841908001108,4.5621051847257155e-05
1495,0.04895612969994545,-13.101929232963592,0.04468106850981712,-13.498764496387246,0.7622526288032532,0.9843261241912842,30.409647970009246,4.5453829515072097e-05
1496,0.030321992933750153,-15.182422577853442,0.03462010249495506,-14.606716506904975,0.7535735368728638,0.9907758831977844,29.835957910996513,4.5286866373870465e-05
1497,0.07847439497709274,-11.052720239387025,0.06411091983318329,-11.930679920127854,0.764920711517334,0.9916411638259888,29.875597228005063,4.512016283561704e-05
1498,0.04330456256866455,-13.634663439598086,0.06361570954322815,-11.964356245103192,0.763607919216156,0.9921507239341736,30.927957122999942,4.4953719311636406e-05
1499,0.06285926699638367,-12.01630687601728,0.07844699174165726,-11.054237059280807,0.7558214664459229,0.9919292330741882,30.799054463001085,4.478753621261123e-05
1500,0.04963475093245506,-13.042141530631499,0.05885382369160652,-12.30225316088957,0.7607638239860535,0.993284285068512,30.397727695002686,4.462161394858188e-05
1501,0.07029210031032562,-11.530934798731401,0.06627161055803299,-11.786724748834537,0.7518875002861023,0.9877221584320068,29.675070575001882,4.445595292894516e-05
1502,0.02253517135977745,-16.471391351409466,0.026658959686756134,-15.741568020595258,0.7619467377662659,0.9909185171127319,30.698717237988603,4.429055356245296e-05
1503,0.05223642662167549,-12.82026539832782,0.06495195627212524,-11.874077639777303,0.7614192962646484,0.9866266250610352,30.56259064099868,4.4125416257211915e-05
1504,0.03641342371702194,-14.387384852533547,0.044039536267519,-13.561572627494144,0.7893198728561401,0.989917516708374,30.13947138300864,4.3960541420681874e-05
1505,0.03311394900083542,-14.799890243992696,0.03797508403658867,-14.205012563849746,0.7753046751022339,0.9921110272407532,30.38312547901296,4.379592945967511e-05
1506,0.05792577192187309,-12.371281700608957,0.05735088512301445,-12.414598750337003,0.7796892523765564,0.995534360408783,30.703668347996427,4.363158078035523e-05
1507,0.03227243945002556,-14.911682053405295,0.03572658449411392,-14.470085008931937,0.7839528322219849,0.9960963726043701,29.516880082999705,4.3467495788236314e-05
1508,0.04644019901752472,-13.331059277693406,0.05051108077168465,-12.96613338900211,0.7878722548484802,0.9954143762588501,30.572619926999323,4.330367488818177e-05
1509,0.05249588564038277,-12.798747330371674,0.05466478690505028,-12.62292340520119,0.7766203284263611,0.9899827241897583,30.15086693999183,4.314011848440337e-05
1510,0.03368018940091133,-14.726254748928849,0.0318271704018116,-14.972019706491848,0.7672317028045654,0.9916448593139648,29.873853242999758,4.297682698046027e-05
1511,0.0750223770737648,-11.248091794001947,0.0739946961402893,-11.307994089058182,0.7547875046730042,0.9878060817718506,30.385810596009833,4.281380077925799e-05
1512,0.04383719712495804,-13.581572216688564,0.045763202011585236,-13.39483595933881,0.7580851316452026,0.9903545379638672,29.476393609002116,4.2651040283047604e-05
1513,0.03922935575246811,-14.063888240400086,0.0420912466943264,-13.758082107479987,0.7551344037055969,0.9927125573158264,30.399249828013126,4.2488545893424286e-05
1514,0.054510120302438736,-12.635228594864852,0.04149959608912468,-13.81956130195948,0.7607115507125854,0.9953711628913879,29.582429861999117,4.232631801132689e-05
1515,0.04725658521056175,-13.25537663942676,0.056460123509168625,-12.482581761408172,0.75434410572052,0.9914727807044983,29.62996948399814,4.216435703703663e-05
1516,0.05400603264570236,-12.675577253836883,0.06630128622055054,-11.784780463538457,0.7662152051925659,0.9934263229370117,29.272169731004396,4.200266337017599e-05
1517,0.0345284603536129,-14.61822786678158,0.04410908743739128,-13.554719271359142,0.7811754941940308,0.9908627271652222,30.01771759298572,4.184123740970812e-05
1518,0.03406064584851265,-14.677471213111692,0.04040184244513512,-13.935988292967105,0.7717779874801636,0.9916902184486389,30.163123974009068,4.168007955393549e-05
1519,0.027067922055721283,-15.675450827569366,0.029204579070210457,-15.34549048913004,0.7639236450195312,0.991828441619873,30.45847560999391,4.1519190200499034e-05
1520,0.06746876984834671,-11.70897208215997,0.0703754797577858,-11.52578631488617,0.7608537077903748,0.9869397282600403,29.691750550002325,4.1358569746377396e-05
1521,0.061329394578933716,-12.123313224785235,0.05816025659441948,-12.353736860945322,0.7514796257019043,0.9926804304122925,30.03301752200059,4.119821858788539e-05
1522,0.0653114840388298,-11.850104478731964,0.04531479254364967,-13.43760003907166,0.7587698101997375,0.9938095211982727,30.228009447993827,4.10381371206737e-05
1523,0.020173365250229836,-16.95221648235895,0.025384629145264626,-15.95429176986867,0.774253785610199,0.9929304122924805,29.931712014004006,4.087832573972738e-05
1524,0.049947962164878845,-13.014822259198336,0.08902672678232193,-10.504795938941447,0.7921006083488464,0.9862495064735413,30.003159829997458,4.0718784839365066e-05
1525,0.04408721998333931,-13.556872856945697,0.058195289224386215,-12.35112169065266,0.7870097756385803,0.9911655783653259,29.998090925000724,4.055951481323819e-05
1526,0.07838045060634613,-11.057922441020933,0.07730944454669952,-11.117674470338649,0.7727546691894531,0.9845833778381348,30.25181955100561,4.040051605432966e-05
1527,0.030216600745916367,-15.19754393732648,0.02800547517836094,-15.527570540959868,0.7719660997390747,0.9912866353988647,30.230531679990236,4.024178895495308e-05
1528,0.061569903045892715,-12.106315302843125,0.046351682394742966,-13.339344979396063,0.7862278819084167,0.9894532561302185,29.94944129799842,4.0083333906751785e-05
1529,0.038979142904281616,-14.09167714618065,0.03842158615589142,-14.154247101415269,0.7773077487945557,0.9881113171577454,30.439430375990923,3.992515130069795e-05
1530,0.04798394441604614,-13.189040546560747,0.05373936519026756,-12.697074680769834,0.7666893601417542,0.9846121072769165,29.494482267997228,3.9767241527091276e-05
1531,0.05797196179628372,-12.367820026597824,0.06112225726246834,-12.13800615509484,0.7528042793273926,0.9910019636154175,30.494104276993312,3.9609604975558574e-05
1532,0.036894235759973526,-14.330414813409739,0.04051581397652626,-13.923754315341853,0.7441398501396179,0.9966153502464294,30.416768645998673,3.9452242035052286e-05
1533,0.05439106747508049,-12.64472417661718,0.05530598759651184,-12.572278480842431,0.7331578731536865,0.9955543279647827,29.29353164799977,3.9295153093849815e-05
1534,0.06652224063873291,-11.77033131053788,0.06285477429628372,-12.016617287621742,0.757953405380249,0.9900367856025696,30.79897697099659,3.913833853955261e-05
1535,0.06711360812187195,-11.731894122680348,0.07193394005298615,-11.43066151337733,0.7790006995201111,0.9803285002708435,30.384738433989696,3.898179875908484e-05
1536,0.06780719012022018,-11.68724252085651,0.05010434240102768,-13.001246334238827,0.7717617750167847,0.9877539873123169,29.36122941999929,3.882553413869295e-05
1537,0.038645874708890915,-14.128968584429328,0.042807091027498245,-13.684842838030644,0.8074072599411011,0.9801393151283264,29.8150257160014,3.866954506394442e-05
1538,0.0566323958337307,-12.469350651473778,0.05312575772404671,-12.746948626176831,0.8216570615768433,0.9833447933197021,30.42722294801206,3.851383191972661e-05
1539,0.02817036770284176,-15.502074841925289,0.035976119339466095,-14.439856847902387,0.7904653549194336,0.9920079112052917,29.910944240007666,3.835839509024636e-05
1540,0.04181435704231262,-13.786745767385293,0.04975214600563049,-13.031881816773097,0.8161296844482422,0.9826042652130127,30.54949558399676,3.820323495902858e-05
1541,0.05003151297569275,-13.007563636467998,0.0558062419295311,-12.533172224893592,0.7906736135482788,0.9916992783546448,30.119730892998632,3.804835190891544e-05
1542,0.0514400452375412,-12.88698658146817,0.053413938730955124,-12.723453960716089,0.7891219854354858,0.992014467716217,30.051700905998587,3.7893746322065466e-05
1543,0.07174596190452576,-11.442025374023215,0.07540775090456009,-11.225840121871261,0.7632272243499756,0.9919300079345703,30.622120770000038,3.7739418579952545e-05
1544,0.045584626495838165,-13.411815992942696,0.04629308357834816,-13.344838899259162,0.758669376373291,0.9919028878211975,29.796351701996173,3.7585369063365135e-05
1545,0.034984491765499115,-14.561244308731272,0.03572450578212738,-14.470337705746488,0.7608128190040588,0.9948046803474426,30.28379482201126,3.7431598152405036e-05
1546,0.050819031894207,-12.939736125358305,0.05904413014650345,-12.28823271145484,0.7712214589118958,0.9889487624168396,30.56924815599632,3.72781062264867e-05
1547,0.035071611404418945,-14.550442795018967,0.04565711319446564,-13.404915515166975,0.7655881643295288,0.9923528432846069,30.121203086993773,3.712489366433614e-05
1548,0.02551485225558281,-15.932069421009675,0.03891146928071976,-14.099223700984451,0.75390625,0.9959192276000977,29.736360568989767,3.6971960843990264e-05
1549,0.03968013450503349,-14.01426864362387,0.044337306171655655,-13.53230697100888,0.7667824625968933,0.992038905620575,29.460852932999842,3.681930814279544e-05
1550,0.04516736418008804,-13.451752526976097,0.0482943058013916,-13.161040722377846,0.7667748928070068,0.9922053813934326,30.90838537599484,3.666693593740712e-05
1551,0.04582257568836212,-13.389205027450942,0.0360071137547493,-14.436116892421039,0.7573106288909912,0.9911870360374451,29.67594550299691,3.6514844603788644e-05
1552,0.04069853574037552,-13.904212156121304,0.0405803918838501,-13.916837633005496,0.7777206301689148,0.9890177845954895,30.581818620004924,3.636303451721008e-05
1553,0.04261650890111923,-13.704221300944816,0.05777806416153908,-12.382370131600648,0.7846297025680542,0.9924989342689514,29.69971711600374,3.621150605224792e-05
1554,0.05210409685969353,-12.831281274866376,0.05966106429696083,-12.243090034947626,0.7815187573432922,0.9922372698783875,29.889885954995407,3.6060259582783413e-05
1555,0.07230354845523834,-11.40840388222106,0.07410823553800583,-11.301335268330268,0.8065053820610046,0.980919361114502,29.957987038011197,3.5909295482002254e-05
1556,0.06095704063773155,-12.149761254195436,0.0584118589758873,-12.334989719736766,0.8058861494064331,0.9855297803878784,30.843640724007855,3.575861412239345e-05
1557,0.05203962326049805,-12.836658561543553,0.05322818085551262,-12.738583761619926,0.7958600521087646,0.9929996728897095,29.765002940010163,3.560821587574812e-05
1558,0.039858680218458176,-13.994770855375847,0.054054342210292816,-12.671694132248586,0.7822989821434021,0.9910026788711548,30.27853845601203,3.5458101113159104e-05
1559,0.06693263351917267,-11.743620869824806,0.07136154174804688,-11.465357757021337,0.7606313824653625,0.9919484257698059,30.137087381997844,3.5308270205019595e-05
1560,0.061228375881910324,-12.13047260316754,0.051044803112745285,-12.92048466973965,0.7630352973937988,0.987992525100708,30.391254924994428,3.515872352102246e-05
1561,0.039741404354572296,-14.007567901426768,0.042511049658060074,-13.714981715440583,0.7762385010719299,0.9902756810188293,29.973804490000475,3.500946143015934e-05
1562,0.04390320926904678,-13.57503732210506,0.052824024111032486,-12.771685174971187,0.7848695516586304,0.9885098338127136,29.77835533299367,3.486048430071956e-05
1563,0.06400636583566666,-11.93776830543431,0.06340125948190689,-11.979021146570139,0.7727699279785156,0.9925153255462646,29.81147394400614,3.4711792500289385e-05
1564,0.04541359841823578,-13.428140847164833,0.04998895898461342,-13.011259072864412,0.776752233505249,0.9935492277145386,30.072517039996455,3.4563386395751035e-05
1565,0.04422355815768242,-13.543463176932145,0.04984166845679283,-13.024074280285717,0.7701959013938904,0.9922571182250977,30.27806251500442,3.441526635328186e-05
1566,0.05629425495862961,-12.495359242719381,0.0632300078868866,-11.990767640089324,0.7725124359130859,0.9892712235450745,29.828566270007286,3.4267432738353264e-05
1567,0.07113220542669296,-11.47933725953788,0.06796111166477203,-11.677395258247415,0.7686537504196167,0.9883443117141724,29.939530574993114,3.411988591573009e-05
1568,0.051128797233104706,-12.913344235992072,0.042727455496788025,-13.692929694850156,0.7627291679382324,0.9927597641944885,30.760899250992225,3.3972626249469396e-05
1569,0.04565642029047012,-13.404981425305431,0.06539749354124069,-11.84438896349031,0.7665754556655884,0.9883140325546265,30.149705175004783,3.382565410291977e-05
1570,0.05074125900864601,-12.946387611158961,0.05826560780405998,-12.345877187885213,0.7678718566894531,0.9909160137176514,29.985670591006055,3.367896983872045e-05
1571,0.03387782722711563,-14.70084451148268,0.040154147893190384,-13.962695857647983,0.7714516520500183,0.990651547908783,30.20244130300125,3.353257381880015e-05
1572,0.03208325430750847,-14.937215862561414,0.045260872691869736,-13.442770764960976,0.7779470086097717,0.9924499988555908,30.585209912998835,3.338646640437657e-05
1573,0.046108148992061615,-13.362223121383234,0.0487615205347538,-13.119227601908324,0.766143262386322,0.9907206296920776,30.586175832999288,3.324064795595529e-05
1574,0.04658099636435509,-13.317912261631296,0.05555063858628273,-12.553109442237611,0.7597703337669373,0.9910750985145569,30.143221659993287,3.309511883332868e-05
1575,0.03839115425944328,-14.157688302789143,0.04122650995850563,-13.848234289503447,0.7632109522819519,0.9934014678001404,30.586589771002764,3.294987939557559e-05
1576,0.02982848510146141,-15.253688025664669,0.037675000727176666,-14.239467306193529,0.7553154230117798,0.9944504499435425,30.617597873992054,3.280493000105967e-05
1577,0.07697878032922745,-11.136289742501086,0.07829327136278152,-11.062755602300038,0.7731279134750366,0.985988199710846,30.430433320987504,3.26602710074293e-05
1578,0.05821913480758667,-12.349342528760568,0.05080252140760422,-12.941147324666938,0.7884351015090942,0.9840949177742004,29.789935492008226,3.251590277161612e-05
1579,0.06355521082878113,-11.968488362689731,0.06845231354236603,-11.64611869047333,0.7886649966239929,0.9840426445007324,29.920293115996174,3.2371825649834355e-05
1580,0.030244911089539528,-15.193476878286367,0.03461445868015289,-14.60742455721662,0.7656774520874023,0.9918280243873596,30.21825898300449,3.222803999758006e-05
1581,0.04937683790922165,-13.064767257065046,0.04484075307846069,-13.483271022432596,0.7633250951766968,0.9923115372657776,30.207098131009843,3.208454616963e-05
1582,0.0366760790348053,-14.356171000503949,0.045038916170597076,-13.464120690083579,0.7555927634239197,0.996238112449646,30.31978780501231,3.1941344520040946e-05
1583,0.05822129547595978,-12.349181353411167,0.05393987149000168,-12.680900925663929,0.7538310885429382,0.9910802245140076,30.410626148994197,3.179843540214868e-05
1584,0.05237007141113281,-12.809168338916386,0.04731953516602516,-13.249595302188222,0.7645164132118225,0.9906925559043884,30.083249027011334,3.165581916856735e-05
1585,0.04225262254476547,-13.741463299851237,0.040915653109550476,-13.881105120659283,0.8217711448669434,0.980722188949585,30.08150082899374,3.15134961711882e-05
1586,0.026232773438096046,-15.81155791543797,0.031428106129169464,-15.026817889473689,0.7699362635612488,0.9961941838264465,30.335306023989688,3.137146676117918e-05
1587,0.08973657339811325,-10.470305180687022,0.09719926863908768,-10.123370028388404,0.7588274478912354,0.9907457828521729,29.843982107006013,3.1229731288983716e-05
1588,0.029443394392728806,-15.310121236318343,0.03160425275564194,-15.002544735692037,0.7515707015991211,0.9933065176010132,30.709766512998613,3.108829010431995e-05
1589,0.0645190179347992,-11.903122517652404,0.06876363605260849,-11.626411669432839,0.7614654898643494,0.9896003603935242,30.36974060999637,3.094714355618007e-05
1590,0.03992525488138199,-13.987523026494998,0.04935511201620102,-13.066678580727247,0.7754015326499939,0.9943852424621582,30.513523784989957,3.080629199282898e-05
1591,0.05769456923007965,-12.38865064902778,0.05135306715965271,-12.89433612219261,0.7595270276069641,0.9955002665519714,29.69749564799713,3.066573576180399e-05
1592,0.05977228283882141,-12.23500157152685,0.06083217263221741,-12.158666723457639,0.7630138993263245,0.9937829375267029,30.603224577003857,3.052547520991372e-05
1593,0.032813627272844315,-14.839457593139436,0.03586769104003906,-14.452965798451165,0.7650537490844727,0.997130811214447,30.497434623001027,3.0385510683236985e-05
1594,0.053111255168914795,-12.748134348466035,0.06436490267515182,-11.913508830921746,0.7667153477668762,0.992953360080719,30.504495448010857,3.0245842527122433e-05
1595,0.07728378474712372,-11.119116177652174,0.06326387822628021,-11.988441883121595,0.7765679359436035,0.9932708144187927,30.574226462005754,3.010647108618734e-05
1596,0.03689556196331978,-14.3302587043505,0.04572901502251625,-13.398081529700423,0.7664689421653748,0.9945452213287354,29.806492866002372,2.9967396704316847e-05
1597,0.03251838684082031,-14.878710068378947,0.043954890221357346,-13.569928002616841,0.7605704665184021,0.9960403442382812,29.829471140008536,2.9828619724663252e-05
1598,0.02787936106324196,-15.547171835673455,0.035874392837285995,-14.452154404799277,0.7774817943572998,0.9939925074577332,30.679974769998807,2.9690140489644822e-05
1599,0.04659976437687874,-13.316162792251454,0.04146251827478409,-13.823443240447752,0.7939828038215637,0.9925044178962708,30.299547260001418,2.9551959340945437e-05
1600,0.04393051564693451,-13.572336990397499,0.06560061872005463,-11.830920644982317,0.8237365484237671,0.9835126996040344,30.530293040006654,2.941407661951328e-05
1601,0.05134075507521629,-12.895377483832604,0.05244458094239235,-12.802993804536175,0.8242982625961304,0.9916205406188965,30.262718819998554,2.9276492665560256e-05
1602,0.06361085176467896,-11.964687890696304,0.05910233408212662,-12.283953675213555,0.7984318733215332,0.9905436038970947,29.740935310008354,2.913920781856108e-05
1603,0.03780202195048332,-14.224849700334891,0.03214641287922859,-14.928674816274164,0.788092315196991,0.9862549304962158,30.447336331999395,2.9002222417252518e-05
1604,0.05666651204228401,-12.46673518379744,0.05058737471699715,-12.959578581496707,0.7777843475341797,0.9839982390403748,30.47261903899198,2.8865536799632416e-05
1605,0.07701843976974487,-11.13405283503723,0.07149600237607956,-11.457182406340458,0.7535188794136047,0.9898292422294617,28.918463718000567,2.8729151302958893e-05
1606,0.06588780879974365,-11.811949353355944,0.06077708676457405,-12.16260120839783,0.7525536417961121,0.9918366074562073,30.18023722700309,2.8593066263749715e-05
1607,0.030789559707045555,-15.115965214811292,0.03530950844287872,-14.521083283614844,0.7705958485603333,0.9951273202896118,30.688406682005734,2.845728201778106e-05
1608,0.05619630962610245,-12.502922033136578,0.06142120435833931,-12.11681672075834,0.7858655452728271,0.9932376146316528,30.159869204988354,2.8321798900087186e-05
1609,0.03319922089576721,-14.788721079888866,0.04245294630527496,-13.72092163602497,0.7859715223312378,0.9914489984512329,30.091037902006065,2.8186617244959078e-05
1610,0.04844699800014496,-13.147331286633667,0.045459404587745667,-13.42376256809808,0.7824244499206543,0.9943701028823853,29.02352416800568,2.8051737385944087e-05
1611,0.028742417693138123,-15.414767035970122,0.030799949541687965,-15.11449994971963,0.7769362926483154,0.9927594661712646,30.12107746298716,2.791715965584496e-05
1612,0.059834886342287064,-12.230455295785777,0.05263242498040199,-12.787466198786046,0.7655509114265442,0.9917157292366028,30.06684927600145,2.7782884386718714e-05
1613,0.03029715083539486,-15.18598210910624,0.03478085622191429,-14.586597308925402,0.7621775269508362,0.9964487552642822,30.04428897399339,2.764891190987633e-05
1614,0.07402447611093521,-11.306246575286771,0.060060709714889526,-12.214095402044132,0.7720255851745605,0.9931573271751404,30.17507819000457,2.751524255588153e-05
1615,0.04107410088181496,-13.864319345491602,0.04454057663679123,-13.512441647382245,0.795531153678894,0.9886611104011536,29.767600927996682,2.7381876654550152e-05
1616,0.02845999225974083,-15.457652223514538,0.03402106463909149,-14.68252099892106,0.7769311666488647,0.9895370006561279,30.150040047999937,2.724881453494934e-05
1617,0.04132440686225891,-13.83793371219608,0.04575583338737488,-13.395535300809502,0.7731634974479675,0.9886237382888794,29.68845634299214,2.711605652539662e-05
1618,0.03646577522158623,-14.381145493761029,0.04513027146458626,-13.45532054123294,0.7655750513076782,0.9898546934127808,30.518677799991565,2.6983602953459197e-05
1619,0.040257759392261505,-13.95150400093697,0.04108823463320732,-13.862825179031944,0.7662440538406372,0.9884588122367859,30.566571945004398,2.685145414595308e-05
1620,0.05566688999533653,-12.544030412250963,0.06137774884700775,-12.11989044232916,0.7676757574081421,0.989884078502655,29.74321397500171,2.671961042894233e-05
1621,0.0356578528881073,-14.478448110901766,0.035267408937215805,-14.526264463481294,0.7833393216133118,0.9862468838691711,30.518989521995536,2.658807212773815e-05
1622,0.06034063175320625,-12.19390147161869,0.06151971220970154,-12.109857048320581,0.7740253210067749,0.9854836463928223,30.03253281999787,2.645683956689832e-05
1623,0.0435081347823143,-13.614295347417029,0.04738634079694748,-13.24346826489803,0.7746062278747559,0.9857999682426453,29.35477494999941,2.6325913070226072e-05
1624,0.027501579374074936,-15.60642364563046,0.040477052330970764,-13.927911217258405,0.7685601711273193,0.9915173053741455,30.223365744008333,2.619529296076952e-05
1625,0.055014949291944504,-12.595192829919348,0.05971607565879822,-12.239087403859706,0.7686070799827576,0.9879417419433594,30.549832062999485,2.6064979560820895e-05
1626,0.03301934152841568,-14.81231591672639,0.03960783779621124,-14.022188652041514,0.7746343612670898,0.9883500337600708,30.24016729700088,2.5934973191915414e-05
1627,0.031632356345653534,-14.998684555634846,0.028797753155231476,-15.406413952239548,0.7843438982963562,0.9903755187988281,30.207432437993702,2.5805274174830935e-05
1628,0.05980895459651947,-12.232337885676035,0.05750121548771858,-12.403229748849093,0.7911505103111267,0.993333637714386,30.246867882990045,2.5675882829586965e-05
1629,0.0683426707983017,-11.653080531823502,0.07125414162874222,-11.471898873241118,0.799859881401062,0.9871006608009338,30.10376768100832,2.5546799475443643e-05
1630,0.039147235453128815,-14.072989020456157,0.04608738422393799,-13.364179403656745,0.8023274540901184,0.9826937913894653,30.09748721100914,2.541802443090144e-05
1631,0.040016189217567444,-13.977642720253725,0.06036413460969925,-12.192210210979981,0.8033174872398376,0.9841481447219849,30.030658514995594,2.5289558013699868e-05
1632,0.04876191169023514,-13.11919276378517,0.04599924385547638,-13.37249307267532,0.8144157528877258,0.9881982803344727,29.947789770987583,2.5161400540817095e-05
1633,0.04722485691308975,-13.258293492666983,0.04790497198700905,-13.196194094477152,0.7907265424728394,0.9927574992179871,29.9224076649989,2.5033552328469e-05
1634,0.05715561285614967,-12.429411141192265,0.05893469974398613,-12.296289247299141,0.8052245378494263,0.9912350177764893,29.772310903994367,2.490601369210823e-05
1635,0.0799003466963768,-10.974513362250454,0.06533781439065933,-11.848353971565338,0.799013078212738,0.9903331995010376,30.068277295998996,2.4778784946423773e-05
1636,0.03854762390255928,-14.140023869353653,0.04942353442311287,-13.060662001317926,0.7593275308609009,0.9956803917884827,29.90525295100815,2.4651866405339886e-05
1637,0.0351448655128479,-14.541381142254469,0.038215283304452896,-14.177629164652739,0.7433707118034363,0.9937268495559692,30.21323744500114,2.4525258382015453e-05
1638,0.0503055565059185,-12.983840422399876,0.056159209460020065,-12.50579014288742,0.7544925808906555,0.9927388429641724,29.878822520011454,2.4398961188843127e-05
1639,0.07722276449203491,-11.122546551520125,0.05365779250860214,-12.703671982428894,0.7433486580848694,0.9948067665100098,30.153742018010234,2.427297513744879e-05
1640,0.05434338375926018,-12.64853323175094,0.05795338749885559,-12.369211735140642,0.7365948557853699,0.995427668094635,29.998282510001445,2.414730053869044e-05
1641,0.02046593278646469,-16.8896845648088,0.033157311379909515,-14.794206922283454,0.7432414889335632,0.9973833560943604,30.080492110006162,2.4021937702657647e-05
1642,0.06256166845560074,-12.036916775979412,0.06746964156627655,-11.708915970296381,0.7442454099655151,0.9931333661079407,30.55790273399907,2.3896886938670772e-05
1643,0.051621317863464355,-12.871709123462196,0.04919370636343956,-13.080904554852907,0.7507280707359314,0.9951404333114624,30.082081344007747,2.3772148555280096e-05
1644,0.04351462051272392,-13.613647995601148,0.04161706939339638,-13.807285053510514,0.7466965913772583,0.9961092472076416,29.49348797800485,2.3647722860265287e-05
1645,0.041049063205718994,-13.866967495992286,0.046616703271865845,-13.314584429782073,0.7342169284820557,0.9961901903152466,29.834961557004135,2.3523610160634225e-05
1646,0.03562469407916069,-14.482488563832527,0.04357490688562393,-13.607635322424931,0.7140486836433411,0.9965315461158752,29.805372358998284,2.339981076262275e-05
1647,0.03542839363217354,-14.50648538664967,0.042286474257707596,-13.737985237398432,0.7042891979217529,0.9968693256378174,29.78257406699413,2.3276324971693627e-05
1648,0.03751736506819725,-14.257676707218527,0.04392020031809807,-13.573356877455666,0.7093375325202942,0.9942891597747803,30.04931211900839,2.3153153092535644e-05
1649,0.06042845919728279,-12.187584792285342,0.04742330685257912,-13.24008165706017,0.7041027545928955,0.9936914443969727,30.530944223995903,2.303029542906326e-05
1650,0.09557045251131058,-10.196763576646326,0.06798634678125381,-11.675782948302205,0.725680947303772,0.9904119372367859,30.320671699009836,2.290775228441552e-05
1651,0.040707215666770935,-13.903286019064428,0.04590127244591713,-13.381752750506495,0.7346984148025513,0.9899521470069885,30.740734598002746,2.27855239609554e-05
1652,0.035901423543691635,-14.448883306599221,0.030670592561364174,-15.13277833274804,0.7464392185211182,0.9914325475692749,29.97289522900246,2.2663610760269267e-05
1653,0.02945699915289879,-15.308114977270264,0.03848730027675629,-14.146825517683405,0.7485388517379761,0.9949639439582825,29.873971327004256,2.254201298316566e-05
1654,0.029346581548452377,-15.324424804699998,0.05912979319691658,-12.281936399111046,0.7330609560012817,0.9950881600379944,29.987916534999385,2.2420730929675135e-05
1655,0.05465636029839516,-12.623592924113547,0.05186343565583229,-12.851387170810952,0.7634124159812927,0.9907245635986328,29.888942973993835,2.2299764899049055e-05
1656,0.03349420428276062,-14.750303352120891,0.05172637104988098,-12.862879891699004,0.7499949336051941,0.9939925670623779,29.950453636003658,2.217911518975907e-05
1657,0.032272711396217346,-14.91164545740113,0.041649773716926575,-13.803873537607423,0.7422891855239868,0.9953829050064087,30.219284360995516,2.2058782099496316e-05
1658,0.06256388127803802,-12.036763167611484,0.059148602187633514,-12.280555142471455,0.7522681951522827,0.9910704493522644,30.589792596001644,2.1938765925170813e-05
1659,0.03347866237163544,-14.752319024048358,0.055789846926927567,-12.534448301732048,0.7784834504127502,0.9881762266159058,29.710146480996627,2.1819066962910486e-05
1660,0.05806766077876091,-12.360656689021706,0.05811742693185806,-12.356936217242936,0.7631285190582275,0.9894161820411682,30.10950635599147,2.1699685508060598e-05
1661,0.05089951306581497,-12.93286372347069,0.05759060010313988,-12.396483960219491,0.7531657218933105,0.9890158772468567,30.70030298299389,2.158062185518313e-05
1662,0.069856196641922,-11.557950634443896,0.06648922711610794,-11.772487153374655,0.7744409441947937,0.9868063926696777,30.220379395992495,2.1461876298055664e-05
1663,0.02331552654504776,-16.323547722120267,0.028739258646965027,-15.415244390288834,0.7594361305236816,0.991760790348053,29.711206491992925,2.1343449129671136e-05
1664,0.061134569346904755,-12.137131427605548,0.06054026633501053,-12.179556727747997,0.7819862365722656,0.9878861308097839,29.873064772997168,2.1225340642236875e-05
1665,0.049957215785980225,-13.014017737015243,0.05219903960824013,-12.82337487347248,0.7556601166725159,0.9909464120864868,30.003554820010322,2.1107551127173703e-05
1666,0.06918549537658691,-11.599849451060514,0.06427984684705734,-11.919251666492471,0.7678291201591492,0.9912066459655762,29.694043774012243,2.0990080875115657e-05
1667,0.039049528539180756,-14.083842051575889,0.03564274683594704,-14.48028834091944,0.7740057706832886,0.9928339123725891,30.578258259993163,2.0872930175908787e-05
1668,0.053557079285383224,-12.711831150878396,0.06075775995850563,-12.163982462503176,0.7713220715522766,0.9908356070518494,30.373919172998285,2.0756099318610867e-05
1669,0.03329651057720184,-14.776012774857787,0.4445991814136505,-3.5203134124887603,0.7539941668510437,0.9935340881347656,30.501985233990126,2.0639588591490478e-05
1670,0.036233171820640564,-14.408936465246265,0.03993558511137962,-13.986399481611151,0.7465463280677795,0.9936202764511108,30.0204000609956,2.0523398282026124e-05
1671,0.06867799907922745,-11.631823664097048,0.056094225496053696,-12.51081843981678,0.7566564083099365,0.9900286197662354,30.11545078799827,2.0407528676905954e-05
1672,0.0353890098631382,-14.511315881552687,0.03817283734679222,-14.182455581883776,0.7534328103065491,0.9931561946868896,29.98470377299236,2.0291980062026668e-05
1673,0.042067818343639374,-13.760500100997731,0.051016129553318024,-12.922924931382942,0.7615062594413757,0.9913274645805359,30.0259301999904,2.0176752722492983e-05
1674,0.0593821220099926,-12.263442870161915,0.07601019740104675,-11.191281395829783,0.7648582458496094,0.9886491298675537,30.339297138998518,2.0061846942616865e-05
1675,0.040374819189310074,-13.938894095481828,0.04510314762592316,-13.457931488248512,0.7580870985984802,0.9933658838272095,29.927844318008283,1.994726300591698e-05
1676,0.037341371178627014,-14.278097387486909,0.046425677835941315,-13.33241746636234,0.7779778242111206,0.9920749664306641,30.678756843990413,1.9833001195117764e-05
1677,0.09094961732625961,-10.41199123901313,0.0849248468875885,-10.709652274488214,0.8013845086097717,0.9830400943756104,30.004489422004553,1.9719061792148864e-05
1678,0.03991478681564331,-13.988661859370284,0.03369336575269699,-14.724556035856082,0.7939768433570862,0.9912977814674377,29.751853912996012,1.960544507814445e-05
1679,0.03291614353656769,-14.825910525139147,0.051526620984077454,-12.879683367869664,0.7993355989456177,0.9865043759346008,30.218787730002077,1.949215133344244e-05
1680,0.06714043021202087,-11.730158802678929,0.07186926156282425,-11.434568173723312,0.8169430494308472,0.9820754528045654,29.429723241002648,1.937918083758395e-05
1681,0.05261484161019325,-12.788917326396898,0.06103966012597084,-12.14387893228013,0.8209438323974609,0.9852896928787231,30.664836633004597,1.9266533869312366e-05
1682,0.04882422462105751,-13.113646450198459,0.05817962437868118,-12.352290869796153,0.8205559253692627,0.9898644089698792,30.150209361003363,1.915421070657291e-05
1683,0.06752714514732361,-11.705216106017174,0.05210418999195099,-12.83127351217749,0.8287418484687805,0.9889937043190002,30.049029503003112,1.9042211626511903e-05
1684,0.042179279029369354,-13.749008479205774,0.058532170951366425,-12.32605367648194,0.8467042446136475,0.9868164658546448,30.26759572001174,1.8930536905475815e-05
1685,0.058935556560754776,-12.296226108250108,0.060787614434957504,-12.161848998402483,0.8303484916687012,0.9875891804695129,29.694287853999413,1.8819186819011003e-05
1686,0.052915506064891815,-12.764170460729362,0.043836671859025955,-13.581624255020731,0.8421220779418945,0.9889312982559204,30.656805031991098,1.8708161641862728e-05
1687,0.029387513175606728,-15.318371631404604,0.04109371826052666,-13.862245609185955,0.8039780855178833,0.9935075044631958,30.280830366013106,1.8597461647974505e-05
1688,0.07114497572183609,-11.478557644889491,0.05777200311422348,-12.382825740059932,0.804432213306427,0.9872844815254211,30.17745499301236,1.8487087110487702e-05
1689,0.05424567684531212,-12.656348675550898,0.07100821286439896,-11.486914175366167,0.809343695640564,0.9877408146858215,30.653722389994073,1.8377038301740364e-05
1690,0.031174642965197563,-15.061985116649181,0.040858760476112366,-13.887148125962687,0.799367368221283,0.9917314648628235,30.35967048400198,1.8267315493267114e-05
1691,0.03564426675438881,-14.480103148088645,0.042544376105070114,-13.711578406915965,0.7863717675209045,0.9928076267242432,30.19751019400428,1.8157918955797995e-05
1692,0.03700774535536766,-14.317073728653076,0.03858734294772148,-14.135551250937144,0.8002672791481018,0.9904042482376099,30.363279982993845,1.804884895925813e-05
1693,0.03717140480875969,-14.297910254095765,0.040787387639284134,-13.894741095821699,0.8066964745521545,0.9895035624504089,30.07529398299812,1.7940105772766838e-05
1694,0.0379193089902401,-14.211395854696715,0.039126887917518616,-14.075246937186268,0.7994953989982605,0.9921985268592834,30.37022098900343,1.783168966463721e-05
1695,0.043140582740306854,-13.65113992760951,0.05399567633867264,-12.676410145659041,0.8085249662399292,0.9889441728591919,29.986339078997844,1.772360090237514e-05
1696,0.02930169180035591,-15.33107303919543,0.02696896530687809,-15.691357153824445,0.8042250871658325,0.9936232566833496,29.934673890995327,1.7615839752678917e-05
1697,0.07135884463787079,-11.465521901765666,0.05887275189161301,-12.300856634600558,0.81650310754776,0.9878962635993958,29.805227518998436,1.7508406481438538e-05
1698,0.029754959046840668,-15.264406431242435,0.037376902997493744,-14.273966865416167,0.8230632543563843,0.9905052781105042,29.75657285899797,1.7401301353734798e-05
1699,0.06780601292848587,-11.687317918806393,0.06363770365715027,-11.962855000906206,0.8508171439170837,0.9866594076156616,30.65071076300228,1.7294524633839055e-05
1700,0.06050754711031914,-12.181904523825764,0.057894691824913025,-12.37361253481457,0.8351688385009766,0.9926354289054871,30.471867852989817,1.7188076585212204e-05
1701,0.04147098958492279,-13.822556013232749,0.057258181273937225,-12.421624508446884,0.8185771703720093,0.9910027384757996,30.64018510200549,1.70819574705042e-05
1702,0.020647911354899406,-16.851238729414433,0.02096886932849884,-16.784249866638003,0.8073815107345581,0.9960524439811707,30.40934472900699,1.6976167551553508e-05
1703,0.0512261837720871,-12.905079968080884,0.0654456689953804,-11.841190885052647,0.8090222477912903,0.9923847317695618,29.933516249002423,1.6870707089386103e-05
1704,0.050963710993528366,-12.927389557557749,0.052042827010154724,-12.836391202196403,0.7953818440437317,0.9913839101791382,30.43553084800078,1.6765576344215266e-05
1705,0.03822025656700134,-14.177064019044172,0.04964698106050491,-13.041071549871663,0.7791479825973511,0.9919052720069885,29.204617622992373,1.666077557544071e-05
1706,0.028439082205295563,-15.460844233843613,0.04097818210721016,-13.87447311866616,0.766362190246582,0.9931755661964417,29.78447387299093,1.6556305041647793e-05
1707,0.04348263889551163,-13.616841071014669,0.05371182784438133,-12.69930068074033,0.7695800065994263,0.9922053813934326,30.582429382004193,1.6452165000607274e-05
1708,0.04027196764945984,-13.949971506542848,0.05010100081562996,-13.001535985878743,0.7746148109436035,0.9893352389335632,30.67228227198939,1.634835570927431e-05
1709,0.06294453144073486,-12.010419949896818,0.062244072556495667,-12.05901999704346,0.7750101089477539,0.9892041087150574,30.620606672993745,1.6244877423788017e-05
1710,0.06799142807722092,-11.675458368965216,0.07496520131826401,-11.25140288370435,0.7760009765625,0.9913750290870667,30.646788736004964,1.6141730399470774e-05
1711,0.06820596754550934,-11.661776259426478,0.06253882497549057,-12.038502828471664,0.784425675868988,0.98988938331604,30.176239171996713,1.603891489082756e-05
1712,0.054537076503038406,-12.633081464126105,0.05546172708272934,-12.56006610573974,0.791885495185852,0.9905449151992798,29.633920697990106,1.593643115154552e-05
1713,0.05828531086444855,-12.344408828719537,0.0714942216873169,-11.457290573637726,0.8041365146636963,0.9893642663955688,30.46927061700262,1.5834279434493022e-05
1714,0.03957407549023628,-14.025892221066536,0.03869951143860817,-14.122945176793202,0.8289730548858643,0.9926154017448425,30.350913210000726,1.5732459991719317e-05
1715,0.060521069914102554,-12.180934029535779,0.0681840255856514,-11.663173615926283,0.844121515750885,0.9913598299026489,30.674573184005567,1.5630973074453704e-05
1716,0.04332025349140167,-13.63309010725638,0.049859218299388885,-13.022545347068718,0.8090132474899292,0.9959957003593445,30.710936058007064,1.5529818933105136e-05
1717,0.04484088346362114,-13.483258394305395,0.050358135253190994,-12.97930360053632,0.814664363861084,0.9931986331939697,30.015445411001565,1.542899781726132e-05
1718,0.04949544742703438,-13.054347454666214,0.05431536212563515,-12.650773206274428,0.8413187265396118,0.9881454706192017,30.24501891899854,1.5328509975688374e-05
1719,0.0504571869969368,-12.970769651804588,0.03852914646267891,-14.142106118076644,0.8398438096046448,0.9912905693054199,29.54613088000042,1.5228355656330135e-05
1720,0.04571272432804108,-13.39962895406962,0.049673259258270264,-13.038773432889002,0.8339766263961792,0.9889025092124939,30.417426785003045,1.5128535106307278e-05
1721,0.051787763833999634,-12.857728411560181,0.0439860001206398,-13.566855289092633,0.8380727171897888,0.9914584159851074,29.598462509995443,1.5029048571917223e-05
1722,0.04858753830194473,-13.134751039937932,0.05397704616189003,-12.677908854382196,0.849968433380127,0.9869788289070129,30.002367538996623,1.4929896298633005e-05
1723,0.04838084056973457,-13.153265904582149,0.04408768564462662,-13.556826985815796,0.8306853175163269,0.989957332611084,29.867982160008978,1.4831078531103037e-05
1724,0.07626300305128098,-11.176860972611959,0.06377678364515305,-11.953373866287984,0.8440181016921997,0.9828546643257141,30.496255675010616,1.4732595513150396e-05
1725,0.07026957720518112,-11.532326594921665,0.06658747047185898,-11.766074827879624,0.8435753583908081,0.989894449710846,30.38311959100247,1.4634447487772026e-05
1726,0.04073183238506317,-13.900660520486543,0.06131741404533386,-12.124161690343778,0.828244686126709,0.9927119612693787,29.772652387007838,1.4536634697138524e-05
1727,0.04369710758328438,-13.595473090652273,0.052678897976875305,-12.783633188874319,0.8344854116439819,0.9919795393943787,30.19323954200081,1.4439157382593174e-05
1728,0.050629861652851105,-12.95593259321655,0.04890831559896469,-13.106172940022171,0.8278940916061401,0.9941955804824829,29.700537501994404,1.434201578465159e-05
1729,0.04438634216785431,-13.52750643245346,0.05974888056516647,-12.236702270909717,0.8202194571495056,0.9907731413841248,31.166706510994118,1.4245210143000955e-05
1730,0.03366359323263168,-14.72839529529213,0.04222646355628967,-13.7441528897212,0.8286628723144531,0.9893341064453125,30.512940639004228,1.4148740696499636e-05
1731,0.041436199098825455,-13.826200888245687,0.05245991051197052,-12.801724545721282,0.8366061449050903,0.991111695766449,30.43995209298737,1.4052607683176364e-05
1732,0.03347022458910942,-14.753413734528603,0.04091031104326248,-13.88167218514501,0.8379297256469727,0.9930221438407898,30.441538576997118,1.3956811340229806e-05
1733,0.052793387323617935,-12.774204719411745,0.05276263505220413,-12.776735231997955,0.8237749338150024,0.9912813901901245,31.663459759001853,1.3861351904027894e-05
1734,0.03873804584145546,-14.11862291238075,0.04866763949394226,-13.12759717639419,0.8168562650680542,0.9931098818778992,30.919027828000253,1.376622961010729e-05
1735,0.049192506819963455,-13.081010454876019,0.051534101366996765,-12.87905292613475,0.8097646236419678,0.9947623610496521,30.917739980999613,1.3671444693172854e-05
1736,0.044161662459373474,-13.549545860085528,0.043234776705503464,-13.641667796716781,0.8076944947242737,0.9938588738441467,31.185765657995944,1.3576997387096904e-05
1737,0.03155284374952316,-15.009614931709043,0.034788597375154495,-14.585630809987798,0.7941754460334778,0.9934418797492981,29.687953658009064,1.3482887924918772e-05
1738,0.046666499227285385,-13.309947772777566,0.04972706362605095,-13.034071850110786,0.790341317653656,0.9940565824508667,31.948097079002764,1.3389116538844252e-05
1739,0.05131774768233299,-12.897324129004879,0.04966731742024422,-13.03929296026772,0.7948930263519287,0.9932503700256348,41.199717751995195,1.3295683460244844e-05
1740,0.035694316029548645,-14.47400935515289,0.045738786458969116,-13.397153622638251,0.7980756163597107,0.9932594299316406,33.61985351500334,1.3202588919657413e-05
1741,0.03449524566531181,-14.62240757772215,0.03869462013244629,-14.123494124687586,0.790840208530426,0.9946102499961853,34.91322429200227,1.3109833146783552e-05
1742,0.03379909694194794,-14.710949032115135,0.0306048896163702,-15.142091825315138,0.8224253058433533,0.9934418797492981,33.4619112789951,1.3017416370488773e-05
1743,0.049755457788705826,-13.031592735524924,0.05144645273685455,-12.88644564720509,0.8516062498092651,0.9894942045211792,31.761760384993977,1.2925338818802436e-05
1744,0.031113093718886375,-15.070568028201453,0.040780168026685715,-13.895509891182913,0.8591393232345581,0.9910649657249451,31.520270781009458,1.2833600718916609e-05
1745,0.07595796883106232,-11.194266571106567,0.07820318639278412,-11.067755512234633,0.8573454022407532,0.9852449297904968,33.825692520011216,1.2742202297186018e-05
1746,0.03796244412660599,-14.206458342594608,0.040649134665727615,-13.909486951736096,0.8456788063049316,0.9918596148490906,32.59253284201259,1.265114377912716e-05
1747,0.074559785425663,-11.274953504951469,0.05508178845047951,-12.58991967071632,0.8585340976715088,0.989983081817627,31.98438065100345,1.2560425389417849e-05
1748,0.03176528215408325,-14.980472826913363,0.04060634225606918,-13.914061291781524,0.8551779389381409,0.9927777647972107,33.49464824500319,1.2470047351896756e-05
1749,0.0639648586511612,-11.940585554686116,0.068663090467453,-11.632766532378227,0.8720721006393433,0.990736186504364,32.84634867501154,1.2380009889562658e-05
1750,0.06359243392944336,-11.965945525548037,0.06565747410058975,-11.827158289603506,0.8566311597824097,0.9913445115089417,32.38865765801165,1.2290313224574061e-05
1751,0.04712296649813652,-13.267673775237368,0.04750904440879822,-13.232237048307475,0.8513221740722656,0.992242157459259,33.43179963900184,1.220095757824853e-05
1752,0.03965182974934578,-14.01736767182609,0.039054986089468,-14.083235125333655,0.8498906493186951,0.9922467470169067,32.43396384699736,1.2111943171062333e-05
1753,0.03696969896554947,-14.32154085745495,0.04423679783940315,-13.54216317747104,0.8530601859092712,0.9941860437393188,34.72558970100363,1.2023270222649566e-05
1754,0.04365454986691475,-13.599704855310936,0.04600955918431282,-13.371519276633343,0.8608882427215576,0.9902467727661133,32.70608313199773,1.1934938951801965e-05
1755,0.06426527351140976,-11.920236397653646,0.08898753672838211,-10.506708148009494,0.8552422523498535,0.9868660569190979,32.09710472000006,1.1846949576468165e-05
1756,0.06992299109697342,-11.553800021476775,0.08147400617599487,-10.889809283710047,0.8695393800735474,0.9814992547035217,32.56916266299959,1.1759302313753164e-05
1757,0.03537592664361,-14.512921753158512,0.03965193033218384,-14.017356655306447,0.8793831467628479,0.9862671494483948,37.873976081988076,1.1671997379917963e-05
1758,0.03385398909449577,-14.703901500190522,0.03133552521467209,-15.039630216802507,0.8408323526382446,0.991411030292511,37.217258182005025,1.1585034990378682e-05
1759,0.05884017422795296,-12.303260499730456,0.05035350099205971,-12.979703283058303,0.8555847406387329,0.9871924519538879,39.911219394998625,1.149841535970643e-05
1760,0.03721829503774643,-14.29243525676613,0.03643231466412544,-14.385132357205476,0.8559039831161499,0.9902691841125488,33.00712899400969,1.1412138701626585e-05
1761,0.04059246927499771,-13.915545293596761,0.03924981877207756,-14.061623441680048,0.8566164374351501,0.991915225982666,33.504239461006364,1.1326205229018126e-05
1762,0.06455744057893753,-11.900536958207383,0.06372459977865219,-11.956928834229855,0.8768078088760376,0.9885165095329285,32.09609078700305,1.1240615153913437e-05
1763,0.03402804210782051,-14.681630384386334,0.04265261068940163,-13.700543812904682,0.8857433199882507,0.9898719787597656,31.260791879001772,1.1155368687497484e-05
1764,0.03827330842614174,-14.171039948032448,0.031626518815755844,-14.99948608965617,0.8941088318824768,0.9885896444320679,30.931838037009584,1.1070466040107468e-05
1765,0.04135497659444809,-13.834722206243175,0.047220367938280106,-13.258706332383067,0.8709725737571716,0.9897610545158386,31.77139788099157,1.0985907421232207e-05
1766,0.05122288689017296,-12.905359486013845,0.05159853771328926,-12.873626059622032,0.8716118931770325,0.9871587157249451,31.85690336499829,1.0901693039511671e-05
1767,0.03844732791185379,-14.15133838256002,0.04371808096766472,-13.593389099202096,0.8671842813491821,0.9889660477638245,31.296707850007806,1.0817823102736522e-05
1768,0.06963121145963669,-11.57196048798387,0.058350056409835815,-12.339587197573794,0.8742639422416687,0.988211989402771,31.972771271000965,1.0734297817847477e-05
1769,0.024503057822585106,-16.107797151030784,0.03283749520778656,-14.836299775723813,0.8810206055641174,0.9930387139320374,32.107983164998586,1.0651117390934864e-05
1770,0.03195350244641304,-14.95481531551982,0.04031810909509659,-13.944998443300896,0.8976219296455383,0.9948286414146423,31.171911413999624,1.0568282027238105e-05
1771,0.06466134637594223,-11.893552567614412,0.07553869485855103,-11.218305230852971,0.8989515900611877,0.9905133843421936,31.702440462991945,1.0485791931145273e-05
1772,0.05383503809571266,-12.68934975279673,0.0534309558570385,-12.722070563961998,0.8847762942314148,0.9938628077507019,31.442069741009618,1.0403647306192438e-05
1773,0.06128525361418724,-12.12644012332886,0.04806079342961311,-13.182090637507475,0.9039115905761719,0.990445613861084,31.225349221000215,1.0321848355063272e-05
1774,0.033523935824632645,-14.746449993791483,0.05393087491393089,-12.681625341408292,0.9176265001296997,0.9862257838249207,30.30093657699763,1.0240395279588653e-05
1775,0.03586304560303688,-14.453528315372992,0.04378873109817505,-13.586376395215254,0.9259921312332153,0.9888602495193481,31.0156056190026,1.0159288280745845e-05
1776,0.06172150373458862,-12.095635016608508,0.055766817182302475,-12.536241415793334,0.9112849235534668,0.9884005784988403,31.086869847000344,1.0078527558658387e-05
1777,0.04176516830921173,-13.791857640833618,0.053386203944683075,-12.725709587834835,0.9050831198692322,0.9901543259620667,32.23579885199433,9.99811331259523e-06
1778,0.059003543108701706,-12.291219085817382,0.04817233607172966,-13.172022924670534,0.9211953282356262,0.9904846549034119,31.16267111999332,9.918045740970618e-06
1779,0.07072976976633072,-11.503977555884218,0.05264662578701973,-12.786294582601252,0.9206221699714661,0.9870843291282654,31.53526508399227,9.838325041343328e-06
1780,0.039699602872133255,-14.012138375912798,0.03241044655442238,-14.893149851597137,0.9387205243110657,0.9902344942092896,31.71031285400386,9.758951410416201e-06
1781,0.028247015550732613,-15.490274309554504,0.032320596277713776,-14.905206355779498,0.937735378742218,0.990291178226471,30.924780968998675,9.679925044035832e-06
1782,0.04120193049311638,-13.850824348576342,0.05544648319482803,-12.561259946380263,0.9376906156539917,0.9840855002403259,31.611686356001883,9.601246137191898e-06
1783,0.04581223055720329,-13.390185622833833,0.0557146854698658,-12.540303168847373,0.9583351016044617,0.9867436289787292,31.679449800009024,9.52291488401677e-06
1784,0.04625285044312477,-13.348614976490936,0.05040017142891884,-12.975679863532612,0.9880774021148682,0.9842894673347473,33.275557451997884,9.444931477785073e-06
1785,0.025675928220152855,-15.904738470865603,0.04363783821463585,-13.601367721596581,0.979525089263916,0.9910658001899719,31.945534917002078,9.367296110913093e-06
1786,0.03820012882351875,-14.179351724892522,0.043651681393384933,-13.599990232931278,0.9346191883087158,0.9931325912475586,30.887081933993613,9.290008974958359e-06
1787,0.06830618530511856,-11.65539968021407,0.06956522911787033,-11.57607780146677,0.9428536891937256,0.9872473478317261,32.12797030599904,9.213070260619213e-06
1788,0.05358393117785454,-12.70965427595021,0.04720743000507355,-13.259896421140036,0.9781137108802795,0.9841341972351074,30.969774798009894,9.136480157734267e-06
1789,0.04648436978459358,-13.326930526365073,0.057049527764320374,-12.437479461583756,0.9678394198417664,0.9890617728233337,34.397536395001225,9.060238855281993e-06
1790,0.043390724807977676,-13.626030952519741,0.04945475980639458,-13.057919030838763,0.9867350459098816,0.9900333285331726,33.56754954699136,8.98434654138024e-06
1791,0.06482718139886856,-11.882428605364538,0.06278406083583832,-12.02150597810948,0.9762101769447327,0.9900876879692078,33.43151321899495,8.908803403285752e-06
1792,0.04490770027041435,-13.476791846390771,0.05181227996945381,-12.855672964061707,0.9750112891197205,0.9907400608062744,35.24962260900065,8.833609627393673e-06
1793,0.06065099686384201,-12.171620566384272,0.05253991857171059,-12.795106046266495,0.9719115495681763,0.9871659278869629,35.547177111002384,8.758765399237246e-06
1794,0.0745798721909523,-11.273783652275597,0.06399580091238022,-11.938485213282346,1.0040225982666016,0.984183669090271,32.96134535000601,8.684270903487079e-06
1795,0.04949864372611046,-13.054067006604004,0.05006453022360802,-13.004698546372788,0.9865491390228271,0.9838511347770691,32.26042358799896,8.610126323950956e-06
1796,0.025584235787391663,-15.920275510522838,0.03568180650472641,-14.475531661903132,0.9671097993850708,0.9893769025802612,32.02520422000089,8.53633184357333e-06
1797,0.04791156202554703,-13.195596699172361,0.043809518218040466,-13.584315228081909,0.9521148800849915,0.9875359535217285,33.659839262996684,8.46288764443463e-06
1798,0.027410464361310005,-15.620836069894846,0.035526566207408905,-14.494467668649296,0.9505195021629333,0.9908430576324463,37.15161016699858,8.389793907751242e-06
1799,0.03198907524347305,-14.949983145275674,0.02752717025578022,-15.602384309978753,0.9612488150596619,0.9925844073295593,35.558231557995896,8.317050813874564e-06
1800,0.0752808228135109,-11.233156427443378,0.06317240744829178,-11.99472572179239,0.8984636664390564,0.9903854131698608,35.458812019991456,8.244658542291038e-06
1801,0.03974540904164314,-14.00713029085371,0.048366252332925797,-13.154575626787654,0.8805617094039917,0.9939401149749756,35.830912753997836,8.172617271621377e-06
1802,0.050996843725442886,-12.924567022276978,0.05380304157733917,-12.691931722267196,0.8760759830474854,0.9931825995445251,35.786518199995044,8.10092717962022e-06
1803,0.038771722465753555,-14.114849046623918,0.050159066915512085,-12.996505510604958,0.9190644025802612,0.9893866181373596,36.35724063699308,8.029588443175816e-06
1804,0.041514139622449875,-13.818039583588215,0.05097854882478714,-12.926125314780325,0.9298154711723328,0.9900660514831543,37.71235882899782,7.95860123830934e-06
1805,0.04461154341697693,-13.505527512861704,0.04721270874142647,-13.259410820059108,0.8826917409896851,0.9899619221687317,37.85233962000348,7.887965740174698e-06
1806,0.03644202649593353,-14.383974804376557,0.04974908009171486,-13.032149453574807,0.9019216299057007,0.9923866391181946,35.79229855700396,7.817682123057916e-06
1807,0.052468523383140564,-12.801011579313233,0.053928062319755554,-12.681851839862988,0.8774691224098206,0.9919326901435852,36.99577319699165,7.747750560376898e-06
1808,0.04471946880221367,-13.49503363824747,0.051407650113105774,-12.889722476365943,0.8704983592033386,0.9919615387916565,36.73013388000254,7.678171224680788e-06
1809,0.0359555147588253,-14.442344892566156,0.04801909253001213,-13.185860515363396,0.8504020571708679,0.9929629564285278,37.91501089200028,7.608944287649665e-06
1810,0.03658879175782204,-14.36651931621351,0.049595534801483154,-13.045574222584982,0.8283423781394958,0.9929562211036682,37.945625289998134,7.54006992009415e-06
1811,0.062349531799554825,-12.051668034075544,0.058546848595142365,-12.324964767511366,0.8224746584892273,0.9911141991615295,36.99122284199984,7.471548291954851e-06
1812,0.04362493008375168,-13.602652560518095,0.05797537788748741,-12.367564119120535,0.824733316898346,0.991815447807312,35.64802502800012,7.403379572302156e-06
1813,0.04925196245312691,-13.075764602725952,0.058349985629320145,-12.339592465710263,0.8291817903518677,0.991926908493042,35.7482258539967,7.335563929335495e-06
1814,0.038998425006866455,-14.089529320556725,0.045567844063043594,-13.413415185590596,0.8025053143501282,0.9941796660423279,36.04169763698883,7.2681015303832944e-06
1815,0.02198430337011814,-16.578872915577016,0.04441707208752632,-13.524500729308553,0.8368618488311768,0.9921561479568481,35.24616277500172,7.200992541902329e-06
1816,0.056473322212696075,-12.481566628273853,0.07116199284791946,-11.47751898261381,0.8392751812934875,0.990508496761322,34.625284566995106,7.134237129477308e-06
1817,0.02959081344306469,-15.288430960285229,0.044212229549884796,-13.544575837769683,0.8535037636756897,0.9904765486717224,34.54651815300167,7.067835457820622e-06
1818,0.021090226247906685,-16.759187612693015,0.029137128964066505,-15.355532437828273,0.8426191806793213,0.9917070865631104,33.503938338995795,7.001787690771751e-06
1819,0.0491923913359642,-13.08102065035613,0.049609337002038956,-13.0443657699215,0.8308335542678833,0.9921672344207764,33.984162278007716,6.936093991297028e-06
1820,0.0507633313536644,-12.944498849722489,0.03914055973291397,-14.073729679572205,0.8490177989006042,0.9909462332725525,33.74601860399707,6.870754521489125e-06
1821,0.03527645021677017,-14.525151233247426,0.04185597598552704,-13.782425268537768,0.8391392827033997,0.9926002025604248,31.266425848996732,6.8057694425666574e-06
1822,0.031110018491744995,-15.070997307333178,0.033419255167245865,-14.760032336743894,0.8435302972793579,0.9925116896629333,31.869074195987196,6.741138914873882e-06
1823,0.04179280623793602,-13.788984665408186,0.04039774462580681,-13.936428805199437,0.8431914448738098,0.9936068654060364,32.115349673011224,6.676863097880185e-06
1824,0.03856850787997246,-14.137671625753622,0.05187050253152847,-12.850795444481564,0.8335478901863098,0.9906012415885925,32.16450281899597,6.612942150179764e-06
1825,0.05050082504749298,-12.967015266124111,0.07033292204141617,-11.528413390698093,0.8496566414833069,0.9847874641418457,31.112512931009405,6.5493762294911635e-06
1826,0.06961753219366074,-11.572813756687488,0.07297847419977188,-11.368052208989173,0.8512237668037415,0.9863347411155701,31.18925118399784,6.486165492657047e-06
1827,0.03614377602934837,-14.419664775781275,0.042225465178489685,-13.744255572981581,0.8420276641845703,0.9907912015914917,31.089033440002822,6.423310095643562e-06
1828,0.06356284022331238,-11.96796705136979,0.05426923558115959,-12.654462957005688,0.8398197293281555,0.9889806509017944,32.37318586399488,6.3608101935401726e-06
1829,0.052479278296232224,-12.800121460730363,0.04676314815878868,-13.300962592210297,0.834609866142273,0.9926902055740356,31.809807915997226,6.298665940559217e-06
1830,0.02931668981909752,-15.328850679334609,0.05066022276878357,-12.953329048045505,0.8207129240036011,0.990458071231842,33.02899756099214,6.236877490035371e-06
1831,0.0470331609249115,-13.275958329368775,0.060777291655540466,-12.16258656754042,0.8113067150115967,0.992542028427124,30.91275589299039,6.175444994425568e-06
1832,0.050668902695178986,-12.952585008436214,0.06434150785207748,-11.915087655571803,0.830981433391571,0.9882845878601074,32.02673049000441,6.1143686053083655e-06
1833,0.04754489287734032,-13.228961267576068,0.05148587375879288,-12.883119125068,0.8366767764091492,0.9904478788375854,32.32118053900194,6.0536484733836525e-06
1834,0.03811760991811752,-14.188743386601699,0.0541067011654377,-12.667489437773803,0.8335144519805908,0.9926429986953735,32.105631499012816,5.993284748472392e-06
1835,0.0649028941988945,-11.877359363734644,0.0653834268450737,-11.8453232111664,0.8381761908531189,0.990470290184021,31.732347487995867,5.93327757951598e-06
1836,0.03837211802601814,-14.159842283737554,0.04129881411790848,-13.840624187796402,0.8176645040512085,0.9933182597160339,33.014691653996124,5.873627114576193e-06
1837,0.03837105259299278,-14.159962870802183,0.02830246277153492,-15.481757721793896,0.8128635883331299,0.995372474193573,31.230203129991423,5.814333500834642e-06
1838,0.02502266876399517,-16.01666372975885,0.035297829657793045,-14.522519970537363,0.8070896863937378,0.99488765001297,31.587516154002515,5.755396884592356e-06
1839,0.05086289346218109,-12.935989375274037,0.050695475190877914,-12.950308017493786,0.816794216632843,0.9913883805274963,31.35572262799542,5.696817411269665e-06
1840,0.0506293959915638,-12.955972537046321,0.05413142591714859,-12.665505326682737,0.827627956867218,0.992824375629425,31.29544004800846,5.6385952254055395e-06
1841,0.0331195667386055,-14.799153531621966,0.037871986627578735,-14.216819127508472,0.8215768933296204,0.9942728281021118,31.059199575989624,5.580730470657438e-06
1842,0.05455179139971733,-12.631909832484688,0.05901404842734337,-12.290445912620182,0.8382306694984436,0.9927827715873718,31.17274642799748,5.523223289800909e-06
1843,0.05165902152657509,-12.868538240473173,0.06585821509361267,-11.81390043819447,0.8349830508232117,0.9894945621490479,31.12451827400946,5.466073824729194e-06
1844,0.05704076588153839,-12.438146518741577,0.05317309871315956,-12.743080300140674,0.8477215766906738,0.9879640340805054,31.8861598319927,5.409282216452912e-06
1845,0.06091608107089996,-12.152680440030046,0.06632408499717712,-11.78328732796575,0.8459991812705994,0.98953777551651,30.857272820998332,5.352848605099726e-06
1846,0.03882114589214325,-14.109316495833028,0.056026481091976166,-12.51606653811115,0.8420999050140381,0.9898613095283508,31.422951390006347,5.296773129913964e-06
1847,0.04385734349489212,-13.579576777204046,0.05208917707204819,-12.8325250368186,0.8458929657936096,0.9898218512535095,31.36367164400872,5.24105592925625e-06
1848,0.04725855588912964,-13.255195535147006,0.044752005487680435,-13.491874977078117,0.856616199016571,0.990801215171814,31.59860971099988,5.185697140603308e-06
1849,0.05576261505484581,-12.536568676630388,0.04910720884799957,-13.088547495565638,0.868220865726471,0.9903619885444641,31.375678356998833,5.130696900547363e-06
1850,0.037036895751953125,-14.313654208523939,0.03783470392227173,-14.22109660268964,0.8675549626350403,0.9920949935913086,31.289264095001272,5.076055344796076e-06
1851,0.028854303061962128,-15.397894110300756,0.04454467073082924,-13.512042469627712,0.8755919337272644,0.9901002645492554,32.39825658799964,5.021772608172093e-06
1852,0.04314436390995979,-13.650759295487646,0.04482582211494446,-13.484717366315008,0.8725706934928894,0.993105411529541,30.318086138999206,4.967848824612618e-06
1853,0.03382357582449913,-14.707804807362024,0.042275529354810715,-13.739109456493638,0.8520632982254028,0.9936861395835876,31.384991851999075,4.914284127169258e-06
1854,0.0641462579369545,-11.928286737286362,0.05912850424647331,-12.282031070534035,0.843807578086853,0.9935896396636963,30.97081583799445,4.8610786480075305e-06
1855,0.07555800676345825,-11.21719507375599,0.06280412524938583,-12.020118289596422,0.8365358114242554,0.9932154417037964,31.02111673100444,4.808232518406711e-06
1856,0.027145225554704666,-15.663065453440568,0.0343354195356369,-14.642576416924289,0.8487347364425659,0.994938850402832,32.63259320700308,4.755745868759401e-06
1857,0.05155430734157562,-12.877350437274321,0.06082165986299515,-12.159417318417189,0.8414973020553589,0.9892505407333374,31.591856954008108,4.703618828571114e-06
1858,0.021286016330122948,-16.71905608984097,0.02898242138326168,-15.378653334992949,0.830147385597229,0.9950839281082153,29.92703111701121,4.651851526460178e-06
1859,0.04174681380391121,-13.793766650845484,0.03931049257516861,-14.054915142625447,0.8387977480888367,0.9922158718109131,32.70550828099658,4.6004440901572835e-06
1860,0.04305192083120346,-13.660074670159805,0.04937020316720009,-13.065350855686672,0.8533980250358582,0.9924818873405457,32.206392861000495,4.549396646505139e-06
1861,0.057474974542856216,-12.405212124112754,0.06741104274988174,-11.712689549046535,0.8431844711303711,0.9902190566062927,31.400613541001803,4.498709321458235e-06
1862,0.04776214063167572,-13.209162169681893,0.049247048795223236,-13.076197901393257,0.8512712717056274,0.9916819334030151,30.989314950013068,4.448382240082529e-06
1863,0.023781707510352135,-16.237569665324862,0.02464032545685768,-16.083535601594704,0.8615051507949829,0.9941685795783997,31.25593615298567,4.398415526555084e-06
1864,0.03980644419789314,-14.000466150250425,0.05465102195739746,-12.624017124564016,0.8782692551612854,0.9889024496078491,30.028237840000656,4.348809304163816e-06
1865,0.03190420940518379,-14.961520128277023,0.037073634564876556,-14.309348352132766,0.886388897895813,0.9921857118606567,31.200671163009247,4.299563695307112e-06
1866,0.10789553076028824,-9.669965442504491,0.07332149893045425,-11.347686652182055,0.8793307542800903,0.9864856600761414,31.124285564001184,4.250678821493618e-06
1867,0.06197359040379524,-12.077933425170773,0.04268686845898628,-13.697057041895476,0.8947356939315796,0.9916814565658569,31.04444684399641,4.202154803341935e-06
1868,0.03419988974928856,-14.659752939707214,0.0426269993185997,-13.703152379558857,0.8970485329627991,0.9887804985046387,31.08560375799425,4.153991760580226e-06
1869,0.07120169699192047,-11.475096554378839,0.06396573036909103,-11.940526369109058,0.8883763551712036,0.9895074963569641,31.111081459996058,4.106189812046013e-06
1870,0.058563485741615295,-12.323730816469007,0.04743943363428116,-13.238605045202778,0.8965080380439758,0.9909051060676575,30.98857785400469,4.058749075685895e-06
1871,0.02860371209681034,-15.435776018716078,0.04049822315573692,-13.925640308631719,0.8827997446060181,0.9925382733345032,30.95547412300948,4.011669668555103e-06
1872,0.048636045306921005,-13.130417456344237,0.05173156037926674,-12.86244421758727,0.8855218887329102,0.9902191758155823,30.52573084300093,3.964951706817446e-06
1873,0.04029744863510132,-13.947224495993053,0.03416677191853523,-14.663960514546323,0.888075590133667,0.9926802515983582,31.01973687300051,3.9185953057448345e-06
1874,0.041599076241254807,-13.809163132998366,0.036379456520080566,-14.391437932235737,0.893939197063446,0.9921615719795227,31.02122897199297,3.872600579717059e-06
1875,0.06357018649578094,-11.967465144716343,0.057469431310892105,-12.405631004011756,0.8922915458679199,0.9900950193405151,32.054801968013635,3.826967642221579e-06
1876,0.043722525238990784,-13.59294762867751,0.03789922595024109,-14.21369659914186,0.9011121988296509,0.9933081269264221,30.74683292899863,3.7816966058530723e-06
1877,0.06253102421760559,-12.039044577922919,0.056408245116472244,-12.486574111353267,0.8887785077095032,0.9931696653366089,31.878454798992607,3.7367875823133874e-06
1878,0.026438336819410324,-15.777658688701045,0.041808485984802246,-13.787355593072038,0.9008076786994934,0.9942582249641418,31.335960298994905,3.6922406824110252e-06
1879,0.05676158517599106,-12.45945484532269,0.04919568821787834,-13.08072959525478,0.8934382796287537,0.9941637516021729,32.61990107300517,3.6480560160610444e-06
1880,0.04564764350652695,-13.40581637365023,0.05642522871494293,-12.485266718625951,0.8747643232345581,0.9946603775024414,31.11781880700437,3.604233692284741e-06
1881,0.07321254909038544,-11.354144717553694,0.07155722379684448,-11.453465170798605,0.8787723779678345,0.990915060043335,31.764489488996333,3.560773819209321e-06
1882,0.03204505145549774,-14.94239026708871,0.05562741309404373,-12.547111360805726,0.8774459958076477,0.9919421672821045,30.404565114004072,3.517676504067699e-06
1883,0.04204316809773445,-13.763045658132,0.04444141313433647,-13.522121399399614,0.8846172094345093,0.9933749437332153,32.20105630399485,3.474941853198214e-06
1884,0.03341236338019371,-14.760928040054026,0.04397209361195564,-13.568228561244847,0.8833876252174377,0.994557797908783,31.31380984200223,3.4325699720444005e-06
1885,0.052200909703969955,-12.823219284842118,0.06030910834670067,-12.1961709239683,0.9020370244979858,0.988658607006073,32.37671780498931,3.3905609651546233e-06
1886,0.05744443088769913,-12.407520688302466,0.05058849975466728,-12.95948199767084,0.8961168527603149,0.9905151724815369,30.881776877999073,3.348914936181941e-06
1887,0.06676074862480164,-11.754788019773361,0.05482197552919388,-12.610453185520228,0.890041172504425,0.9909385442733765,31.555014878002112,3.3076319878838115e-06
1888,0.052127406001091,-12.829338861799782,0.0508023165166378,-12.941164840174647,0.8967673182487488,0.9906542301177979,30.96248402299534,3.266712222121773e-06
1889,0.03292473778128624,-14.824776751409583,0.032191649079322815,-14.922567751584353,0.8999048471450806,0.9908938407897949,31.56617534799443,3.226155739861315e-06
1890,0.06041191145777702,-12.188774227895507,0.06563426554203033,-11.828693702120326,0.8991024494171143,0.9889573454856873,30.84825950799859,3.1859626411714937e-06
1891,0.02807215042412281,-15.51724317611625,0.03393744304776192,-14.693208818664647,0.8975663185119629,0.9936994910240173,31.854325077001704,3.1461330252248e-06
1892,0.02233634702861309,-16.50987851569682,0.024604517966508865,-16.089851389047077,0.901070773601532,0.9915626645088196,31.324559083004715,3.1066669902968615e-06
1893,0.03254786878824234,-14.87477443451368,0.0379321314394474,-14.209927532155556,0.8891960382461548,0.9920726418495178,30.561361644999124,3.0675646337661743e-06
1894,0.030655747279524803,-15.134880928183405,0.02891577035188675,-15.388652330490867,0.8764103055000305,0.995282769203186,30.264426092006033,3.0288260521139418e-06
1895,0.047153063118457794,-13.264900897205408,0.04680989682674408,-13.296623160866321,0.8823692798614502,0.9906419515609741,31.893505656000343,2.9904513409237374e-06
1896,0.04498450830578804,-13.469370221185644,0.0539468452334404,-12.680339474098846,0.8801587224006653,0.9925121068954468,32.29396395001095,2.9524405948813594e-06
1897,0.053750429302453995,-12.696180626983743,0.04809414967894554,-13.179077493277022,0.8752531409263611,0.994137704372406,31.87933785999485,2.914793907774546e-06
1898,0.050495702773332596,-12.96745579124958,0.04692889004945755,-13.285597174828395,0.8792540431022644,0.9944082498550415,30.8752878660016,2.8775113724927446e-06
1899,0.05981357768177986,-12.232002199684327,0.07214871048927307,-11.417714266212617,0.8748472332954407,0.9903231859207153,32.40114308800548,2.8405930810269286e-06
1900,0.06267409771680832,-12.029119096074421,0.07150495052337646,-11.456638895137136,0.8716660737991333,0.990035891532898,30.30333450299804,2.804039124469282e-06
1901,0.06091044843196869,-12.153082031377693,0.06456884741783142,-11.899769658647045,0.8756622672080994,0.9884589314460754,31.80679626399069,2.767849593013083e-06
1902,0.046367816627025604,-13.337833537208692,0.05492301285266876,-12.602456471484304,0.8752632737159729,0.9915584921836853,31.485171070991782,2.7320245759523727e-06
1903,0.04144034907221794,-13.82576594963262,0.04330421984195709,-13.634697811243479,0.8776304721832275,0.9924224019050598,30.379158686992014,2.696564161681872e-06
1904,0.020467309281229973,-16.889392477472967,0.027912665158510208,-15.541986941882456,0.8846924304962158,0.9948509931564331,31.94174339500023,2.6614684376965825e-06
1905,0.02345910668373108,-16.29688529700393,0.025538068264722824,-15.928119564565355,0.8952783346176147,0.9939360618591309,32.283526631988934,2.6267374905917203e-06
1906,0.05681221932172775,-12.455582450338103,0.059126462787389755,-12.282181016779397,0.8772677183151245,0.991595983505249,32.17458058499324,2.5923714060624685e-06
1907,0.04969801381230354,-13.036609675475294,0.04298214614391327,-13.667119035113169,0.8676708340644836,0.9934009313583374,31.368612215999747,2.5583702689036928e-06
1908,0.037914011627435684,-14.212002610518441,0.0438450425863266,-13.580795037501403,0.872098445892334,0.9924659729003906,31.970327247996465,2.5247341630098435e-06
1909,0.024181367829442024,-16.165191367088397,0.036196984350681305,-14.413276099634851,0.8776348233222961,0.9922444224357605,30.265286691006622,2.4914631713746555e-06
1910,0.03730812668800354,-14.281965571519802,0.05214357376098633,-12.82799206924457,0.8805369138717651,0.9919520020484924,31.600937232011347,2.458557376091001e-06
1911,0.031859420239925385,-14.967621314996663,0.03522466495633125,-14.531531290312174,0.8762603998184204,0.992618203163147,31.503936081993743,2.426016858350655e-06
1912,0.0517297089099884,-12.862599654089566,0.04705032333731651,-13.274373876763812,0.8759748339653015,0.9932458996772766,31.71167395998782,2.3938416984441126e-06
1913,0.04996367171406746,-13.013456538247327,0.05793772637844086,-12.370385515940614,0.8773756623268127,0.9896548986434937,31.5095322910056,2.3620319757603756e-06
1914,0.0513751320540905,-12.892470488000905,0.058194246143102646,-12.351199533466312,0.8814698457717896,0.9928762912750244,30.15594153100392,2.330587768786785e-06
1915,0.05621103197336197,-12.501784414521826,0.049633026123046875,-13.04229245074487,0.8697992563247681,0.9933484196662903,32.48009305099549,2.2995091551087713e-06
1916,0.05262906104326248,-12.787743781668981,0.05615665018558502,-12.505988063068683,0.8702067136764526,0.9911670684814453,31.800518758012913,2.2687962114097557e-06
1917,0.03710271045565605,-14.305943628008148,0.042453985661268234,-13.720815311002461,0.8653240203857422,0.993955671787262,32.25777608399221,2.2384490134708684e-06
1918,0.05280878022313118,-12.772938637186046,0.056079477071762085,-12.511960447110253,0.8597841858863831,0.9908044934272766,31.609986982002738,2.208467636170782e-06
1919,0.035398975014686584,-14.51009312874662,0.04584681987762451,-13.386907833759388,0.8587645292282104,0.9913696646690369,30.700925814002403,2.1788521534855794e-06
1920,0.038154613226652145,-14.184529445193789,0.05286450311541557,-12.768358454548995,0.8553293347358704,0.9912957549095154,32.121576396995806,2.1496026384885197e-06
1921,0.048747941851615906,-13.120437155740738,0.04847097024321556,-13.14518286910383,0.863710343837738,0.9897328615188599,30.88128467000206,2.1207191633498577e-06
1922,0.05833972617983818,-12.340356135829884,0.07672476768493652,-11.150644178895392,0.8578321933746338,0.9864628314971924,30.99061365998932,2.092201799336727e-06
1923,0.06302670389413834,-12.004754045606226,0.05395756661891937,-12.67947644385065,0.8615409135818481,0.9888061285018921,32.0183460929984,2.0640506168128732e-06
1924,0.038287729024887085,-14.169403923562756,0.04237137734889984,-13.72927418327575,0.8467183113098145,0.9924753904342651,31.737975736003136,2.036265685238524e-06
1925,0.04547108709812164,-13.422646627839804,0.05199913680553436,-12.840038656588636,0.8500949144363403,0.9895040988922119,31.337501324000186,2.008847073170269e-06
1926,0.03430486470460892,-14.64644289141049,0.0448492057621479,-13.48245243494725,0.8547378778457642,0.9927701950073242,30.654603379007312,1.9817948482607813e-06
1927,0.03898003324866295,-14.09157794768449,0.0394376777112484,-14.040886664095728,0.8459551334381104,0.9943877458572388,30.495280577000813,1.9551090772587494e-06
1928,0.03700843080878258,-14.316993289848716,0.047844093292951584,-13.201716714333454,0.8575486540794373,0.9896985292434692,31.17275002799579,1.928789826008661e-06
1929,0.024469204246997833,-16.113801539143672,0.032375894486904144,-14.897782239672333,0.8587095737457275,0.9932453036308289,31.454952332001994,1.902837159450638e-06
1930,0.0316300168633461,-14.999005765290923,0.034713808447122574,-14.594977373147158,0.8574764132499695,0.9926983714103699,32.64425420000043,1.8772511416203203e-06
1931,0.04248511791229248,-13.717631720673541,0.04595576971769333,-13.376599554490138,0.8625807762145996,0.9913339018821716,32.513677946000826,1.852031835648665e-06
1932,0.06130625307559967,-12.124952263272373,0.05969048663973808,-12.24094880405935,0.8584874868392944,0.9917091727256775,31.865850606991444,1.8271793037617997e-06
1933,0.055899303406476974,-12.525936040665972,0.052282609045505524,-12.816427480572997,0.8635443449020386,0.9916704893112183,32.32815791199391,1.8026936072808707e-06
1934,0.03680096194148064,-14.34140829129439,0.0357392355799675,-14.46854740764846,0.8607397675514221,0.9945061802864075,31.02423881200957,1.778574806621895e-06
1935,0.06415171921253204,-11.927917003966854,0.06377895921468735,-11.953225721198999,0.8637250661849976,0.9904516935348511,31.441860341990832,1.7548229612956275e-06
1936,0.0433725006878376,-13.627855374072851,0.03655566647648811,-14.370452936948482,0.858289897441864,0.9930470585823059,32.453854656996555,1.731438129907394e-06
1937,0.0611368864774704,-12.136966823853701,0.05854485556483269,-12.325112610959719,0.861693799495697,0.9888736605644226,31.451850990008097,1.7084203701569093e-06
1938,0.054100822657346725,-12.667961309513958,0.052789971232414246,-12.774485746569855,0.8626644611358643,0.9917861223220825,31.37424889599788,1.6857697388382278e-06
1939,0.027351487427949905,-15.630190508800954,0.0337396115064621,-14.718599223733557,0.85945725440979,0.9934243559837341,30.486515337004676,1.6634862918395437e-06
1940,0.028156600892543793,-15.504197750369945,0.024909622967243195,-16.036328458898556,0.8537633419036865,0.9952405691146851,30.575552588008577,1.6415700841430249e-06
1941,0.02483411319553852,-16.049513436504835,0.03653848171234131,-14.372495028843385,0.8546487092971802,0.9938363432884216,31.109720291002304,1.6200211698247477e-06
1942,0.027000783011317253,-15.68623641285538,0.033863190561532974,-14.702721254230946,0.8531853556632996,0.9946901202201843,30.683421096997336,1.5988396020545126e-06
1943,0.04740339145064354,-13.241905858355219,0.05946953967213631,-12.257054231652678,0.8543413281440735,0.9885531663894653,31.478625100004137,1.578025433095713e-06
1944,0.03271767124533653,-14.85217615784883,0.030229249969124794,-15.19572628140641,0.8527305126190186,0.9938589334487915,32.30253765700036,1.5575787143052846e-06
1945,0.027340684086084366,-15.631906232162923,0.034650351852178574,-14.602923510343373,0.8480970859527588,0.9948277473449707,31.121197918997495,1.5374994961334398e-06
1946,0.042811084538698196,-13.684437699783466,0.05001303181052208,-13.009168175358361,0.8483578562736511,0.9906406998634338,31.692556064997916,1.5177878281236516e-06
1947,0.026893796399235725,-15.703478872784977,0.03778582811355591,-14.226710553400528,0.8435516357421875,0.9932052493095398,31.490230434006662,1.4984437589125368e-06
1948,0.04739535599946976,-13.242642102705808,0.05564536526799202,-12.545710024330411,0.835780918598175,0.9918752908706665,31.12140523000562,1.4794673362296244e-06
1949,0.049413103610277176,-13.061578674438984,0.054449696093797684,-12.640045398700192,0.8487793207168579,0.9903213381767273,31.31764445900626,1.4608586068973713e-06
1950,0.04884352162480354,-13.111930308959375,0.038252487778663635,-14.173403149196162,0.8450741171836853,0.9925564527511597,30.85348102399439,1.4426176168309642e-06
1951,0.025690920650959015,-15.902203322108317,0.028133820742368698,-15.507712840067398,0.8512974381446838,0.9923018217086792,32.19079091701133,1.4247444110382187e-06
1952,0.033045440912246704,-14.808884491222674,0.035185184329748154,-14.536401694165468,0.8425173759460449,0.9933428764343262,32.52884647100291,1.407239033619514e-06
1953,0.042804427444934845,-13.685113077183125,0.038729630410671234,-14.11956647370685,0.8459740281105042,0.992970883846283,30.82241328099917,1.3901015277676098e-06
1954,0.05124840512871742,-12.903196454749521,0.048702120780944824,-13.124521265914893,0.8487944602966309,0.9904147386550903,32.04775134699594,1.3733319357676301e-06
1955,0.05406766012310982,-12.67062424897761,0.0611630417406559,-12.13510924522505,0.8521162867546082,0.9901658296585083,31.285135441008606,1.3569302989968302e-06
1956,0.04454747214913368,-13.511769350029919,0.03767867758870125,-14.239043480653022,0.8635543584823608,0.9923360347747803,30.764606687007472,1.3408966579246635e-06
1957,0.04289552569389343,-13.675880054226779,0.04773315042257309,-13.21179900927681,0.8543795347213745,0.9911789894104004,30.833729482998024,1.3252310521124995e-06
1958,0.04569672793149948,-13.401148960293787,0.046397749334573746,-13.33503085713388,0.8524726629257202,0.9938003420829773,32.85076154398848,1.3099335202137068e-06
1959,0.031287334859371185,-15.046314296543974,0.032257597893476486,-14.913679760671839,0.8504403233528137,0.9948598146438599,30.40708958399773,1.295004099973403e-06
1960,0.0668187141418457,-11.751018861663084,0.06133212894201279,-12.123119599471794,0.8449816107749939,0.9928306341171265,30.813064658010262,1.2804428282284568e-06
1961,0.03555857762694359,-14.49055619487256,0.05305742099881172,-12.752538639046055,0.8464446067810059,0.9933059215545654,30.920673560001887,1.2662497409073365e-06
1962,0.04519742354750633,-13.448863211744186,0.06123167648911476,-12.130238496539558,0.8522660136222839,0.992420494556427,31.39802880199568,1.2524248730301112e-06
1963,0.06771039217710495,-11.693446707647723,0.07538550347089767,-11.227121603299073,0.8465162515640259,0.9883188009262085,31.166291140994872,1.2389682587082351e-06
1964,0.03957158699631691,-14.026165322369579,0.05166439712047577,-12.868086340835967,0.8457984328269958,0.9910827279090881,32.00317671499215,1.22587993114458e-06
1965,0.04286172240972519,-13.679303806940187,0.04279187321662903,-13.686387018247071,0.8462693691253662,0.993635892868042,30.54742618299497,1.2131599226332863e-06
1966,0.05852549150586128,-12.326549303383633,0.056944675743579865,-12.445468756734526,0.8517838716506958,0.9908560514450073,30.486717084000702,1.2008082645597299e-06
1967,0.08696243911981583,-10.60668287667676,0.05446428805589676,-12.638881689795952,0.848401665687561,0.9919084906578064,30.94031922800059,1.1888249874003894e-06
1968,0.041833147406578064,-13.784794591028204,0.037825945764780045,-14.222102044620922,0.8509781956672668,0.9926174879074097,32.18316236400278,1.1772101207227959e-06
1969,0.019323542714118958,-17.13913248490958,0.026335740461945534,-15.79454466391351,0.8515865802764893,0.9945947527885437,30.7753377140034,1.1659636931855e-06
1970,0.051215361803770065,-12.90599754914907,0.05086159706115723,-12.936100070310822,0.8491761684417725,0.9927692413330078,32.129989499997464,1.1550857325379067e-06
1971,0.035491134971380234,-14.498801121102733,0.038714319467544556,-14.121283704868116,0.8598414063453674,0.9938094019889832,30.339225684001576,1.1445762656203568e-06
1972,0.03786439076066017,-14.217690265847205,0.047022003680467606,-13.276988688464563,0.8580852746963501,0.9912943840026855,30.223897870004294,1.134435318363879e-06
1973,0.035577598959207535,-14.488233646702621,0.03595031797885895,-14.442972639379175,0.8634520769119263,0.9936869144439697,32.33539522199135,1.1246629157902566e-06
1974,0.02670828066766262,-15.733540685546643,0.0348392054438591,-14.579317582237355,0.8719072937965393,0.9930058121681213,32.648910285002785,1.1152590820119264e-06
1975,0.045920100063085556,-13.379971742417718,0.0358731634914875,-14.45230323163715,0.868405818939209,0.9941134452819824,31.169630520991632,1.106223840231914e-06
1976,0.03124009631574154,-15.052876358137873,0.0357564277946949,-14.466458753937427,0.8730425238609314,0.99233478307724,31.315273601998342,1.0975572127437662e-06
1977,0.06722618639469147,-11.724615246858336,0.06962978094816208,-11.57204971084937,0.8788498640060425,0.986785888671875,31.880380297996453,1.0892592209315518e-06
1978,0.05759132653474808,-12.39642917988231,0.05786959454417229,-12.375495604463927,0.8827897310256958,0.9910338521003723,30.86975183399045,1.0813298852697283e-06
1979,0.040341973304748535,-13.942428623246016,0.04359890893101692,-13.60524378867501,0.8836097717285156,0.9916481375694275,31.08491735201096,1.0737692253231258e-06
1980,0.042907778173685074,-13.674639732663545,0.04465503990650177,-13.50129518175322,0.8836025595664978,0.9895133376121521,31.22913927899208,1.0665772597469626e-06
1981,0.06339709460735321,-11.979306447124724,0.05193886160850525,-12.84507573423084,0.8762948513031006,0.9914766550064087,31.916070349005167,1.0597540062866476e-06
1982,0.04063120484352112,-13.911402992692352,0.042639218270778656,-13.70190766067905,0.8850061297416687,0.9909177422523499,31.97702814899094,1.0532994817779117e-06
1983,0.05460803583264351,-12.627434440824937,0.05908247455954552,-12.285413233552799,0.8765507936477661,0.9904987215995789,32.02139831999375,1.047213702146659e-06
1984,0.059822745621204376,-12.231336584860955,0.055301960557699203,-12.572594718647156,0.8735969662666321,0.991683304309845,31.278422269999282,1.0414966824089167e-06
1985,0.04239269345998764,-13.72708989233086,0.050011441111564636,-13.009306307909217,0.88214111328125,0.9909120202064514,32.2578681439918,1.0361484366708855e-06
1986,0.06268966197967529,-12.028040718474866,0.08155855536460876,-10.885304754184308,0.8746718764305115,0.987387478351593,31.734884693010827,1.0311689781288228e-06
1987,0.03325337544083595,-14.781642643049475,0.04151947796344757,-13.817481156264835,0.8816511034965515,0.9921556711196899,31.70862368500093,1.0265583190690596e-06
1988,0.04802365228533745,-13.185448141355995,0.0409046970307827,-13.882268196733218,0.885036051273346,0.9916718006134033,30.50633098599792,1.0223164708679176e-06
1989,0.08200772851705551,-10.861452171945574,0.09264387935400009,-10.331832676581412,0.8850368857383728,0.9836183190345764,30.918809191993205,1.018443443991742e-06
1990,0.06771937757730484,-11.692870422280443,0.06950386613607407,-11.57991037204152,0.8919141888618469,0.9871150255203247,31.1990078210074,1.014939247996852e-06
1991,0.054811980575323105,-12.611245048457429,0.058679088950157166,-12.315166376126115,0.8950157761573792,0.9897130727767944,32.208331898989854,1.0118038915294911e-06
1992,0.03805835545063019,-14.195499820425121,0.047929469496011734,-13.193973779307132,0.8929666876792908,0.9901080131530762,32.339072251998005,1.0090373823258435e-06
1993,0.07871722429990768,-11.039302282460799,0.07903391867876053,-11.021864842279953,0.8891639709472656,0.9886964559555054,31.747250865999376,1.0066397272120005e-06
1994,0.0617009699344635,-12.097080088304752,0.04596290737390518,-13.375925079005771,0.8967652320861816,0.9900630116462708,30.725751560006756,1.0046109321039453e-06
1995,0.028667636215686798,-15.426081152283082,0.03707266226410866,-14.30946225259073,0.8932796716690063,0.9914869666099548,31.081032443005824,1.0029510020075012e-06
1996,0.056491877883672714,-12.480139883474813,0.05076669529080391,-12.944211065037319,0.8841650485992432,0.9889727234840393,33.01638981599535,1.0016599410183998e-06
1997,0.033582814037799835,-14.738829153951718,0.038122475147247314,-14.18818910018786,0.8863422274589539,0.9894044995307922,31.652081230000476,1.000737752322197e-06
1998,0.02585686556994915,-15.874241224465461,0.04136065021157265,-13.834126425081,0.887067437171936,0.9920815825462341,31.753407832002267,1.0001844381943232e-06
1999,0.023555947467684746,-16.27899422856605,0.03636229783296585,-14.39348680315861,0.8934785723686218,0.98993980884552,30.877501194001525,1e-06
