iter,ss_mse,ss_mse_db,ep_mse,ep_mse_db,mean_mu,mean_lam,time_s,lr
0,0.06634026020765305,-11.782228293652171,0.07225586473941803,-11.411268970692374,0.5145489573478699,0.9855091571807861,8.593283999012783,0.00029999981556180566
1,0.03036901168525219,-15.175693413116043,0.043401118367910385,-13.624990793541107,0.5884462594985962,0.9946383237838745,8.276284231003956,0.0002999992622476778
2,0.03268187865614891,-14.856929868096728,0.04585931450128555,-13.385724413221675,0.6753388047218323,0.9844937920570374,8.02269991900539,0.0002999983400589816
3,0.04894794151186943,-13.102655675666616,0.07946521043777466,-10.998229621774612,0.8276625275611877,0.9796133041381836,8.227542977998382,0.0002999970489979925
4,0.0538153201341629,-12.690940718610847,0.04659394919872284,-13.316704781553245,0.8149380087852478,0.9877886176109314,7.999075828993227,0.00029999538906789607
5,0.060632724314928055,-12.172929178479352,0.06704305857419968,-11.736461809524886,0.8071566820144653,0.9815692901611328,8.054715056001442,0.00029999336027278803
6,0.07599124312400818,-11.192364508981928,0.06611229479312897,-11.797177679769788,0.9389133453369141,0.985470175743103,8.056184835993918,0.0002999909626176742
7,0.05057136341929436,-12.960953374900907,0.05523204430937767,-12.578088818843188,0.8072333335876465,0.9841234087944031,8.169436358002713,0.00029998819610847056
8,0.06738834083080292,-11.714152362601869,0.082365021109581,-10.842571859230052,0.7069658637046814,0.9837705492973328,8.196179628008395,0.0002999850607520032
9,0.06665802001953125,-11.761475905694038,0.06254848092794418,-12.03783233247751,0.515237033367157,0.9953081011772156,8.124296830996173,0.0002999815565560083
10,0.07429881393909454,-11.290181189902118,0.058086901903152466,-12.359217862335573,0.7802567481994629,0.9864261746406555,8.172911393005052,0.00029997768352913216
11,0.05031893402338028,-12.982685677264021,0.052984569221735,-12.758505922325545,0.9359831809997559,0.9751033186912537,8.644714873007615,0.000299973441680931
12,0.07194748520851135,-11.429843814177074,0.0735822319984436,-11.332270426758615,0.9366453289985657,0.972139835357666,8.215254528011428,0.0002999688310218713
13,0.09025988727807999,-10.445052131835233,0.1020263209939003,-9.912877734517089,0.9002310633659363,0.9657087922096252,8.006463111989433,0.0002999638515633292
14,0.06090883910655975,-12.153196778583794,0.07004573196172714,-11.546183220699477,0.9981060028076172,0.9571444988250732,8.101863831994706,0.0002999585033175912
15,0.056127406656742096,-12.508250237032101,0.07106853276491165,-11.48322650622662,1.0177690982818604,0.9747433066368103,8.048071518001962,0.0002999527862978534
16,0.05977433919906616,-12.234852162720149,0.06704745441675186,-11.73617706303212,0.8869194984436035,0.9775617718696594,8.366002687005675,0.00029994670051822214
17,0.07053709030151367,-11.515824592081582,0.0743183046579361,-11.289042059797922,0.9092211127281189,0.9720379114151001,8.306356765999226,0.0002999402459937134
18,0.07942230999469757,-11.000574856454016,0.06883648782968521,-11.621812963146185,0.6315913200378418,0.9857388138771057,8.026651600011974,0.0002999334227402531
19,0.05946480855345726,-12.257399749792263,0.06974287331104279,-11.565001642462558,0.883476972579956,0.9769929647445679,8.061341153006651,0.00029992623077467693
20,0.044620707631111145,-13.504635465962377,0.0520787239074707,-12.83339665881864,0.8429026007652283,0.9762189984321594,8.171225475001847,0.0002999186701147303
21,0.05915573984384537,-12.280031096666033,0.07401078939437866,-11.307049636026719,0.9079458713531494,0.9771592617034912,8.131237221998163,0.0002999107407790685
22,0.0381498746573925,-14.18506884583489,0.03234246373176575,-14.902269001751282,0.8741853833198547,0.9882789254188538,8.167444149003131,0.00029990244278725624
23,0.07240953296422958,-11.402042536695207,0.08718661218881607,-10.5955019738927,0.7415195107460022,0.9865044951438904,8.121077150004567,0.0002998937761597681
24,0.05139094963669777,-12.891133570452919,0.07134632021188736,-11.466284213222748,0.6735047698020935,0.9928821325302124,8.10881841200171,0.0002998847409179881
25,0.09274325519800186,-10.32717664854343,0.07801955193281174,-11.077965481697268,0.5871347784996033,0.9913405179977417,8.576210358995013,0.00029987533708420973
26,0.04674016684293747,-13.303097416812319,0.07099054008722305,-11.487995197486063,0.7866364121437073,0.9869606494903564,8.54889851299231,0.00029986556468163616
27,0.0728055089712143,-11.378357576963843,0.07858286798000336,-11.046721251094155,0.8402355909347534,0.9918444156646729,8.245458780991612,0.0002998554237343797
28,0.0669245794415474,-11.744143492610128,0.07394435256719589,-11.310949892414827,0.8299087285995483,0.9784715175628662,8.117260942002758,0.00029984491426746215
29,0.03995004668831825,-13.984827087930078,0.04424463212490082,-13.541394115087783,0.919919490814209,0.9916573762893677,8.024929653009167,0.0002998340363068146
30,0.05300784483551979,-12.756598527181875,0.07065259665250778,-11.508718721513528,0.8345038890838623,0.9897537231445312,8.143679008004256,0.0002998227898792773
31,0.03631015866994858,-14.399718532692383,0.05698981508612633,-12.44202752164105,0.5817267894744873,0.9946389198303223,8.13496213000326,0.0002998111750125997
32,0.07210153341293335,-11.420554988571574,0.0609750859439373,-12.148475788717848,0.5144186615943909,0.997096061706543,8.113312668996514,0.00029979919173544036
33,0.03273414075374603,-14.849990544783527,0.03128831461071968,-15.046178300958498,0.5517601370811462,0.9899384379386902,8.230085162998876,0.0002997868400773668
34,0.04322381690144539,-13.642768851511214,0.056911371648311615,-12.448009471179367,0.7955266237258911,0.9893770217895508,8.156905010997434,0.0002997741200688555
35,0.06558595597743988,-11.831891468139833,0.06878215074539185,-11.625242483644517,0.7575924396514893,0.9864813089370728,8.230192515009549,0.00029976103174129184
36,0.03550461679697037,-14.497151703388532,0.05433947220444679,-12.648845841620593,0.7125557065010071,0.9818607568740845,8.188822352996795,0.0002997475751269699
37,0.06382258236408234,-11.950256275286534,0.06332498788833618,-11.984248845945793,0.9057359099388123,0.9659620523452759,8.219331915999646,0.00029973375025909275
38,0.030627697706222534,-15.138856480066302,0.03579891100525856,-14.461301842825524,1.0596452951431274,0.9731443524360657,8.126813547991333,0.0002997195571717716
39,0.04429605230689049,-13.536349766503857,0.04598585516214371,-13.373757328677065,0.8564303517341614,0.9750985503196716,8.135625009002979,0.00029970499590002665
40,0.07521135360002518,-11.237165951252596,0.07917007803916931,-11.014389269638095,1.0357439517974854,0.9556880593299866,8.169439100995078,0.00029969006647978633
41,0.057234738022089005,-12.423403007085971,0.0571875162422657,-12.426987652345536,1.0364468097686768,0.9585276246070862,8.153677352995146,0.00029967476894788756
42,0.04191824048757553,-13.775969550830066,0.05954175814986229,-12.251783456391665,1.0428638458251953,0.9680259823799133,8.127801075999741,0.0002996591033420754
43,0.07539890706539154,-11.226349493354695,0.07722931355237961,-11.122178253364861,1.034833312034607,0.9753075242042542,8.119349424989196,0.00029964306970100315
44,0.04982244595885277,-13.025749552260205,0.07684752345085144,-11.143701238509722,0.8705118894577026,0.9837815165519714,8.211950858007185,0.00029962666806423235
45,0.05365977808833122,-12.703511276905093,0.049267563968896866,-13.07438910844359,0.8848536610603333,0.9863125681877136,8.193515528007993,0.0002996098984722323
46,0.04657307639718056,-13.318650736707479,0.05136692151427269,-12.893164613146354,0.9390187859535217,0.9787715077400208,8.092034331988543,0.0002995927609663804
47,0.04206094145774841,-13.761210106377284,0.06061425805091858,-12.174252064454091,0.6134808659553528,0.9925748705863953,8.216853502002778,0.00029957525558896173
48,0.0419929176568985,-13.76823949636776,0.052555203437805176,-12.793842784390728,0.5667543411254883,0.995851993560791,8.308290881002904,0.000299557382383169
49,0.03765019029378891,-14.242328244096843,0.026799309998750687,-15.718763875816016,0.7335518002510071,0.9920421242713928,8.216539999993984,0.0002995391413931026
50,0.06127029284834862,-12.127500438960174,0.05305741727352142,-12.752538943974761,0.727612316608429,0.9835937023162842,8.291947422010708,0.00029952053266377036
51,0.03501554951071739,-14.557390537217021,0.048205409198999405,-13.16904226202986,0.7422930002212524,0.9706180691719055,8.121544805995654,0.0002995015562410874
52,0.03444480895996094,-14.628762196048388,0.035402562469244,-14.509653021998936,0.7326891422271729,0.9871457815170288,8.065466301995912,0.00029948221217187626
53,0.09479223936796188,-10.232272168517998,0.06689391285181046,-11.74613399940874,0.9908685684204102,0.9793898463249207,8.128784696004004,0.0002994625005038665
54,0.0782698541879654,-11.064054752383345,0.0965423583984375,-10.152820961600517,1.0275754928588867,0.9540209770202637,8.562383901007706,0.00029944242128569467
55,0.0707671195268631,-11.501684813569224,0.08107586205005646,-10.911084249303325,1.0577471256256104,0.9579243659973145,8.551672828994924,0.00029942197456690425
56,0.0480903685092926,-13.179418949708296,0.06016156077384949,-12.20680905343409,1.0411865711212158,0.9731984734535217,8.511254530007136,0.0002994011603979455
57,0.046367302536964417,-13.337881688648793,0.056852634996175766,-12.45249401895975,0.8541877269744873,0.9877208471298218,8.592187179005123,0.00029937997883017523
58,0.05261746421456337,-12.788700856255444,0.06395655870437622,-11.941149122721605,0.8042320013046265,0.982840359210968,8.449429047992453,0.000299358429915857
59,0.054916996508836746,-12.602932229806838,0.051640834659338,-12.870067469352527,0.970064103603363,0.9787377119064331,8.450012099012383,0.00029933651370816046
60,0.04082320258021355,-13.890929278710303,0.05128399282693863,-12.900181692217949,0.8601771593093872,0.9746158719062805,8.429589053004747,0.00029931423026116177
61,0.05494219809770584,-12.600939695415516,0.06422203034162521,-11.92315968581723,0.7533791661262512,0.9826482534408569,8.575520031998167,0.0002992915796298431
62,0.051825348287820816,-12.854577705769916,0.04279403015971184,-13.68616811573115,0.6409136056900024,0.9898392558097839,8.407441107003251,0.00029926856187009266
63,0.02562027797102928,-15.914161626060263,0.037516795098781586,-14.257742686386287,0.9400474429130554,0.980645477771759,8.454865656007314,0.0002992451770387044
64,0.05925852432847023,-12.272491676306512,0.08169673383235931,-10.877953058482873,1.0287046432495117,0.9785451889038086,8.545613644004334,0.00029922142519337813
65,0.07759184390306473,-11.10183927370924,0.06887064129114151,-11.619658730428245,0.8854290843009949,0.9756408929824829,8.42787785299879,0.00029919730639271915
66,0.03743322193622589,-14.267427908567822,0.0589846707880497,-12.292608401668339,0.8264864087104797,0.9882645606994629,8.287540557998,0.00029917282069623824
67,0.059386659413576126,-12.263111037281963,0.062363091856241226,-12.050723613592087,0.5578433275222778,0.9954142570495605,8.354262712004129,0.0002991479681643514
68,0.09261101484298706,-10.333373567146797,0.06202637404203415,-12.074236062141905,0.49909520149230957,0.9961127042770386,8.083124858007068,0.00029912274885837974
69,0.05267226696014404,-12.784179896446325,0.057333219796419144,-12.415936678365878,0.6170148253440857,0.9939157366752625,8.098710297999787,0.00029909716284054943
70,0.02120872773230076,-16.73485383109061,0.039992861449718475,-13.980175214028929,0.7490736246109009,0.9878594279289246,8.06855920900125,0.0002990712101739914
71,0.054284945130348206,-12.653205968001933,0.06593449413776398,-11.808873214480569,0.6206706166267395,0.9916490316390991,8.630594853995717,0.00029904489092274133
72,0.047487422823905945,-13.234213992386387,0.06103047356009483,-12.144532601569182,0.6575135588645935,0.9971770644187927,8.28450290398905,0.0002990182051517393
73,0.05844845622777939,-12.332269551638435,0.09171129018068314,-10.375771969168659,0.711002767086029,0.9844855666160583,8.01306809100788,0.0002989911529268298
74,0.031981728971004486,-14.950980614558343,0.03882697969675064,-14.108663913652846,0.6881246566772461,0.9964914917945862,8.266038708999986,0.0002989637343147616
75,0.048569511622190475,-13.136362634287513,0.06222769618034363,-12.060162773419098,0.79319167137146,0.9798622131347656,8.095907330993214,0.0002989359493831872
76,0.05034549906849861,-12.980393496715312,0.05565570667386055,-12.54490298528967,0.83720862865448,0.9848175644874573,8.06859720799548,0.00029890779820066334
77,0.05759214982390404,-12.396367096335476,0.05397181957960129,-12.678329400875825,0.7037495970726013,0.9928753972053528,8.020138662002864,0.00029887928083665026
78,0.02757049724459648,-15.595554011386476,0.04109044000506401,-13.862592081861095,0.722730815410614,0.9932488203048706,7.996589267990203,0.0002988503973615116
79,0.05981038138270378,-12.232234282799183,0.05545996129512787,-12.560204378393681,0.7207250595092773,0.9807726740837097,8.154307303993846,0.00029882114784651455
80,0.048389140516519547,-13.152520917126926,0.05130145326256752,-12.898703320537093,0.8062472343444824,0.992247998714447,8.066375720009091,0.00029879153236382936
81,0.04059388488531113,-13.915393841606079,0.04140002653002739,-13.829993805632775,0.705391526222229,0.9944835901260376,8.142621260005399,0.0002987615509865293
82,0.06470215320587158,-11.890812663127118,0.06743832677602768,-11.710932135985955,0.6273650527000427,0.9953644275665283,8.120165741012897,0.00029873120378859033
83,0.033354561775922775,-14.768447608760212,0.04027906432747841,-13.949206265419162,0.7083437442779541,0.9967139959335327,8.112799807000556,0.0002987004908448913
84,0.03609372675418854,-14.42568273782731,0.04060445353388786,-13.914263299806034,0.7046101689338684,0.9962422251701355,8.136625346989604,0.0002986694122312133
85,0.05253029987215996,-12.795901199871654,0.06138370931148529,-12.119468714390603,0.7573592662811279,0.9991756081581116,8.204220639003324,0.0002986379680242397
86,0.07856936752796173,-11.047467428432363,0.0693313479423523,-11.590703561452486,0.7887476086616516,0.9926744103431702,8.139817906005192,0.0002986061583015559
87,0.05980122461915016,-12.232899223606195,0.07141147553920746,-11.462319932191757,0.715895414352417,0.9918147921562195,8.108486302997335,0.00029857398314164937
88,0.06061480939388275,-12.174212561517702,0.05632050335407257,-12.493334724143537,0.7629169225692749,0.989284336566925,8.143711655007792,0.00029854144262390903
89,0.04454054310917854,-13.512444916505313,0.04876672476530075,-13.118764111848755,0.6792164444923401,0.9932839870452881,8.211251774991979,0.00029850853682862534
90,0.05325496941804886,-12.736398603667151,0.05329490080475807,-12.733143417775725,0.5929361581802368,0.9967718124389648,8.108727740996983,0.00029847526583699015
91,0.052069492638111115,-12.834166540336966,0.05781591683626175,-12.379525829812138,0.6704210042953491,0.9961673617362976,8.278660477997619,0.0002984416297310963
92,0.059589337557554245,-12.248314425037849,0.04723603278398514,-13.257265846389581,0.6170998215675354,0.9919008612632751,8.248303024985944,0.0002984076285939376
93,0.05080098286271095,-12.941278851933076,0.06466763466596603,-11.893130238506417,0.7083315849304199,0.9904945492744446,8.284378880009172,0.0002983732625094083
94,0.06404157727956772,-11.935379803784185,0.06297488510608673,-12.008326161665506,0.7326087951660156,0.9915297031402588,8.075667778990464,0.0002983385315623035
95,0.09756875038146973,-10.106892572266439,0.09746598452329636,-10.111469259520064,0.7766158580780029,0.9853283166885376,8.098652678992948,0.00029830343583831816
96,0.035727694630622864,-14.469950062175513,0.0458185188472271,-13.389589541348103,0.785338282585144,0.9863702058792114,8.142963045989745,0.0002982679754240477
97,0.08431250602006912,-10.741080019694378,0.09999306499958038,-10.000301193642002,0.7919778823852539,0.975563645362854,8.111013504996663,0.000298232150406987
98,0.03892622888088226,-14.097576680804325,0.04145674407482147,-13.82404809464305,0.8266788721084595,0.9844253659248352,8.111287078994792,0.0002981959608755308
99,0.05687331408262253,-12.450914640936317,0.0714183822274208,-11.46189991684924,0.737384021282196,0.9859471917152405,8.307293720004964,0.00029815940691897317
100,0.06339580565690994,-11.979394746085282,0.05820562317967415,-12.35035056615255,0.7819979786872864,0.9862253665924072,8.164476771999034,0.00029812248862750733
101,0.05502086132764816,-12.594726151940447,0.049836598336696625,-13.0245160867603,0.9035989046096802,0.9879757761955261,8.310641814998235,0.00029808520609222555
102,0.08417081087827682,-10.748384889260487,0.08721092343330383,-10.59429114951266,0.7926985025405884,0.9771137833595276,8.24792616799823,0.00029804755940511876
103,0.03265602886676788,-14.860366287136626,0.040546540170907974,-13.92046198132344,0.9165075421333313,0.9828771352767944,8.115907560000778,0.00029800954865907635
104,0.06831991672515869,-11.65452671671976,0.06662315130233765,-11.76374828845648,0.8932757377624512,0.9880622029304504,8.099570314996527,0.00029797117394788616
105,0.036877695471048355,-14.332362263126615,0.05692358687520027,-12.447077419071293,0.7620400190353394,0.9781970381736755,8.12724390400399,0.00029793243536623394
106,0.03371362015604973,-14.721946105815086,0.046522483229637146,-13.32337111987867,0.8828651905059814,0.9884657263755798,8.256308975993306,0.00029789333300970323
107,0.04406111314892769,-13.559445351297727,0.049766991287469864,-13.03058614154757,0.8495097160339355,0.9845240712165833,8.125572414006456,0.0002978538669747753
108,0.08503757417201996,-10.703891372229773,0.0949186161160469,-10.226486022826737,0.7476952075958252,0.9860662817955017,8.038771884996095,0.0002978140373588286
109,0.04514561966061592,-13.453843815426339,0.05499659851193428,-12.596641703738493,0.7659666538238525,0.9893316030502319,8.056616027010023,0.0002977738442601388
110,0.046933215111494064,-13.285196938636288,0.05312586948275566,-12.746939490092634,0.6617058515548706,0.9917572736740112,8.13765230998979,0.0002977332877778783
111,0.0586940161883831,-12.314061724899794,0.06410302966833115,-11.931214441539009,0.9081887602806091,0.984092116355896,8.060611578010139,0.0002976923680121163
112,0.04548348858952522,-13.421462322536525,0.05985360965132713,-12.229096530300797,0.9589071273803711,0.9820602536201477,8.629841866990319,0.00029765108506381814
113,0.03602810204029083,-14.433586158875682,0.056920427829027176,-12.44731844295383,0.9212083220481873,0.9815037250518799,8.68674921199272,0.0002976094390348455
114,0.05958275869488716,-12.248793927177397,0.061034150421619415,-12.14427096300115,0.8350415825843811,0.9773209095001221,8.52351551000902,0.00029756743002795573
115,0.04986996576189995,-13.021609299366146,0.08220473676919937,-10.851031569868324,0.9202876687049866,0.9683015942573547,8.500255499995546,0.0002975250581468019
116,0.053104136139154434,-12.74871651557156,0.06834017485380173,-11.653239143523223,0.8356863856315613,0.9716005921363831,8.461204749997705,0.0002974823234959324
117,0.05070256441831589,-12.949700744932287,0.05986274778842926,-12.228433522736779,0.7196458578109741,0.9903295040130615,8.45712370700494,0.0002974392261807908
118,0.05216725543141365,-12.82602011311212,0.06782021373510361,-11.686408458722335,0.5873821377754211,0.988500714302063,8.445886054003495,0.0002973957663077154
119,0.07815210521221161,-11.070593187303128,0.07295053452253342,-11.369715215941,0.558208167552948,0.9962747097015381,7.944675107995863,0.00029735194398393915
120,0.027295850217342377,-15.639033736282608,0.04526817426085472,-13.44207020945245,0.5707620978355408,0.9986779689788818,8.126577458009706,0.0002973077593175892
121,0.03928811475634575,-14.057388103362054,0.06587632745504379,-11.812706203406687,0.8647783398628235,0.9881947040557861,8.041554750001524,0.0002972632124176868
122,0.12151579558849335,-9.15367265345657,0.1170894131064415,-9.314823708274979,0.7773681879043579,0.977294921875,8.016232729001786,0.0002972183033941471
123,0.06186119094491005,-12.085817232552746,0.05348290875554085,-12.717849809432973,0.8838571906089783,0.9750454425811768,8.048597150002024,0.00029717303235777864
124,0.06647022813558578,-11.773728306543187,0.054782088845968246,-12.61361412070807,1.0155049562454224,0.9777489900588989,8.291388014011318,0.0002971273994202832
125,0.07284848392009735,-11.375794820759111,0.07835713028907776,-11.059214777564936,0.8377981185913086,0.9687643647193909,8.624420256994199,0.0002970814046942554
126,0.03775395080447197,-14.230375944126523,0.051948245614767075,-12.844291147527525,0.846173107624054,0.9794102907180786,8.270621718009352,0.0002970350482931828
127,0.0564664863049984,-12.482092359109497,0.0742407739162445,-11.29357509496133,0.6144430041313171,0.99187833070755,8.128578158008168,0.0002969883303314451
128,0.041335780173540115,-13.836738610530194,0.0437866672873497,-13.586581087781845,0.6570248007774353,0.9965099096298218,8.012382038999931,0.00029694125092431437
129,0.05232033133506775,-12.813295143594345,0.06577528268098831,-11.819372767737859,0.8244290947914124,0.982231855392456,8.013613495000754,0.0002968938101879542
130,0.07344435900449753,-11.340415551748084,0.08810620754957199,-10.549934921556376,0.9120475053787231,0.9842468500137329,8.084564853008487,0.00029684600823942
131,0.05192362144589424,-12.84635024999014,0.04914097115397453,-13.085562649686999,0.8190827965736389,0.992201566696167,8.115189399992232,0.0002967978451966583
132,0.0640445128083229,-11.935180737056614,0.05428541451692581,-12.65316841594791,0.6907168626785278,0.9845422506332397,8.11845194498892,0.0002967493211785066
133,0.042508866637945175,-13.715204739322814,0.04811874032020569,-13.176857503826927,0.8300749063491821,0.9874948859214783,8.0647789890063,0.0002967004363046931
134,0.04932217299938202,-13.069577978247677,0.051830388605594635,-12.85415534956205,0.893191933631897,0.9855479001998901,8.042306734001613,0.0002966511906958364
135,0.04401440545916557,-13.564051601512961,0.046398673206567764,-13.33494438127673,0.8468592166900635,0.9811838269233704,8.262683041000855,0.0002966015844734451
136,0.04924171790480614,-13.076668041566917,0.08217161893844604,-10.852781565028064,0.9716719388961792,0.9764246344566345,8.29347573099949,0.00029655161775991764
137,0.07718457281589508,-11.124694951308552,0.08810967206954956,-10.549764151258929,0.8056140542030334,0.9858689308166504,8.529879182999139,0.00029650129067854196
138,0.0865975022315979,-10.624946343365082,0.08076027780771255,-10.928021957885347,0.8556114435195923,0.9785891771316528,8.506746109997039,0.00029645060335349506
139,0.05356414616107941,-12.71125813556593,0.05042170360684395,-12.973824848200888,0.8849416375160217,0.9806435108184814,8.512697550002486,0.00029639955590984293
140,0.054050546139478683,-12.671999134664906,0.062358271330595016,-12.051059326357814,0.922307550907135,0.9724904298782349,8.479221155997948,0.00029634814847354
141,0.07033839076757431,-11.528075718780876,0.09114877879619598,-10.402491456068317,0.9874587655067444,0.9694170355796814,8.561335985999904,0.0002962963811714291
142,0.07253219932317734,-11.394691536443771,0.07674643397331238,-11.149417948899709,0.7273984551429749,0.9890854954719543,8.054135338010383,0.0002962442541312408
143,0.03148702159523964,-15.018684179755017,0.048549167811870575,-13.138182099861664,0.692091166973114,0.9918115139007568,8.001425221998943,0.0002961917674815935
144,0.07993167638778687,-10.972810785756623,0.07936938852071762,-11.003469655765215,0.8179084658622742,0.9820115566253662,8.000051730006817,0.0002961389213519927
145,0.08494200557470322,-10.708774890460917,0.08486473560333252,-10.712727374828281,0.7186417579650879,0.9814178347587585,8.66816092999943,0.0002960857158728309
146,0.088774174451828,-10.517133576886774,0.10089833289384842,-9.961160093879592,0.7838391661643982,0.9790772199630737,8.53582183799881,0.00029603215117538753
147,0.0581243671476841,-12.356417626238063,0.0701378807425499,-11.540473607140942,0.8390325307846069,0.9859501123428345,8.517663830003585,0.0002959782273918281
148,0.055301547050476074,-12.572627192102859,0.054497070610523224,-12.636268417865326,0.7242335081100464,0.9909753799438477,8.55582627900003,0.00029592394465520407
149,0.059209004044532776,-12.276122441226473,0.06314972043037415,-11.996285677591697,0.8497484922409058,0.9894707798957825,8.085672079992946,0.0002958693030994528
150,0.06820181757211685,-11.662040512752396,0.06720183044672012,-11.726188974444236,0.8119127750396729,0.9844310283660889,8.472592429010547,0.00029581430285939683
151,0.05715946480631828,-12.429118462267038,0.07779659330844879,-11.090394202249776,0.8462803363800049,0.9804578423500061,8.47755128100107,0.0002957589440707439
152,0.06037197262048721,-12.19164633577858,0.06546562165021896,-11.83986703774812,0.8420155048370361,0.9849836826324463,8.358310520008672,0.0002957032268700862
153,0.06722881644964218,-11.724445343421772,0.08116989582777023,-10.90605011394226,0.7677690982818604,0.9830288290977478,7.893431780001265,0.0002956471513949004
154,0.044749483466148376,-13.492119732790604,0.05478588491678238,-12.613313191056548,0.7387599945068359,0.9871572852134705,8.07725892799499,0.00029559071778354726
155,0.06119275838136673,-12.132999696953192,0.06694049388170242,-11.743110877693812,0.7060142159461975,0.9874585270881653,8.108835211009136,0.000295533926175271
156,0.04518488422036171,-13.450068261881762,0.050759028643369675,-12.94486697421041,0.7487679719924927,0.9921064376831055,8.032550420000916,0.0002954767767101993
157,0.07082849740982056,-11.497919714320366,0.08119505643844604,-10.904704119709807,0.6042625904083252,0.9888467192649841,8.59021437499905,0.00029541926952934274
158,0.042862117290496826,-13.679263796007234,0.04776770994067192,-13.208655789706782,0.6983082890510559,0.9910504817962646,8.448290023996378,0.00029536140477459465
159,0.0651891827583313,-11.858244634350012,0.08272548764944077,-10.823606640802119,0.6161597371101379,0.9890621304512024,8.283616888002143,0.0002953031825887305
160,0.083061084151268,-10.80602404573664,0.08681930601596832,-10.613836899809144,0.6120232343673706,0.9955239295959473,8.154416619989206,0.0002952446031154078
161,0.06745625287294388,-11.70977787092375,0.06095478683710098,-12.149921831425317,0.5772645473480225,0.996269941329956,8.547772074001841,0.00029518566649916554
162,0.04328467324376106,-13.636658566157418,0.04537077993154526,-13.432237550630706,0.6755144596099854,0.9874866008758545,8.49593718299002,0.000295126372885424
163,0.06632864475250244,-11.78298876244341,0.0631263256072998,-11.997894888998161,0.6674672365188599,0.9874352812767029,8.578137361997506,0.0002950667224204842
164,0.04911995306611061,-13.087420568242303,0.05485304445028305,-12.607992632269191,0.7726265788078308,0.975365400314331,8.362225510994904,0.00029500671525152777
165,0.029698939993977547,-15.272590511052575,0.037888430058956146,-14.214933897216708,1.055980920791626,0.9661682844161987,7.978789419998066,0.00029494635152661644
166,0.04567971080541611,-13.40276654227516,0.07704781740903854,-11.132396593492235,1.000733494758606,0.9804677963256836,8.03444375199615,0.0002948856313946918
167,0.03687514737248421,-14.332662353293584,0.04213616997003555,-13.753449427677689,0.9525537490844727,0.9794209003448486,8.107910624996293,0.00029482455500557455
168,0.042441461235284805,-13.722096719919378,0.06864303350448608,-11.634035321875757,1.0288885831832886,0.9737926721572876,8.144482080999296,0.00029476312250996476
169,0.053595129400491714,-12.708746761685799,0.06129952892661095,-12.125428629191909,0.7792580127716064,0.9903421998023987,8.267730888997903,0.00029470133405944094
170,0.05311855673789978,-12.747537335053806,0.05857522785663605,-12.322860133221816,0.6194475293159485,0.9936912059783936,8.02345978100493,0.00029463918980645996
171,0.0599890872836113,-12.21927745668351,0.06754866987466812,-11.703831984013146,0.696485161781311,0.9846697449684143,8.162770276001538,0.0002945766899043566
172,0.05472796782851219,-12.617906778727452,0.07048197835683823,-11.519219142181145,0.7564533352851868,0.9844379425048828,8.597262423005304,0.0002945138345073431
173,0.04835852235555649,-13.155269779146161,0.06179526075720787,-12.090448308251345,0.7567334771156311,0.9896734952926636,8.076946286004386,0.00029445062377050896
174,0.06380094587802887,-11.951728826111623,0.07451562583446503,-11.277526466807346,0.7311701774597168,0.986262321472168,8.051425900004688,0.0002943870578498204
175,0.05132757127285004,-12.896492852681632,0.0558076947927475,-12.533059161866447,0.7627008557319641,0.9926284551620483,8.084417153004324,0.00029432313690211994
176,0.032088205218315125,-14.936545734980147,0.04559941217303276,-13.410407558272176,0.7868918180465698,0.9931102991104126,8.210107499005971,0.00029425886108512626
177,0.041622865945100784,-13.806680197100412,0.056120309978723526,-12.508799388177398,0.6949179768562317,0.9887346625328064,8.114571765996516,0.0002941942305574335
178,0.0506855808198452,-12.951155724338449,0.04782786965370178,-13.203189630087026,0.7304420471191406,0.9911729097366333,8.12758769899665,0.00029412924547851107
179,0.05307089537382126,-12.751435851977515,0.06539276242256165,-11.844703161015389,0.7295730113983154,0.9958560466766357,8.023133334994782,0.0002940639060087031
180,0.04120919853448868,-13.850058318476382,0.05145321041345596,-12.885875223245906,0.6237911581993103,0.9938618540763855,8.080244246011716,0.00029399821230922837
181,0.08109533786773682,-10.91004112448289,0.09234035760164261,-10.346084479075365,0.5791693329811096,0.9929562211036682,8.031605862997822,0.00029393216454217953
182,0.06409239768981934,-11.931934811946139,0.06372091174125671,-11.957180187811666,0.6032630801200867,0.99716717004776,8.540522958006477,0.0002938657628705228
183,0.05944182351231575,-12.259078760707773,0.08778151869773865,-10.565969097433088,0.588188886642456,0.9887937307357788,8.716467918013223,0.0002937990074580978
184,0.03762359917163849,-14.245396610437805,0.05219198018312454,-12.823962255295907,0.7078313231468201,0.9977982640266418,8.445063063991256,0.00029373189846961683
185,0.06244368106126785,-12.045115031447132,0.0552954263985157,-12.573107886156558,0.7439032793045044,0.9908541440963745,7.976058814005228,0.00029366443607066456
186,0.08554240316152573,-10.678185531724537,0.07889927923679352,-11.029269641477255,0.7352063655853271,0.9908567070960999,8.518642420996912,0.00029359662042769796
187,0.03738732263445854,-14.272756342381072,0.042902182787656784,-13.675206111030898,0.7657840847969055,0.9860560894012451,8.507865009989473,0.00029352845170804525
188,0.03599351644515991,-14.43775722156178,0.0505860410630703,-12.959693077688568,0.855315089225769,0.9849526882171631,8.466541058005532,0.0002934599300799059
189,0.04215662553906441,-13.751341598444135,0.06420404464006424,-11.924376119628377,0.8095748424530029,0.9867298007011414,8.408857030008221,0.00029339105571235037
190,0.057748474180698395,-12.384594861236614,0.0820947140455246,-10.856848055398945,0.6847155690193176,0.9856505393981934,7.999265086997184,0.0002933218287753193
191,0.05515028536319733,-12.584522360474423,0.054794810712337494,-12.61260568984159,0.738994300365448,0.9948793649673462,8.137423877997207,0.0002932522494396232
192,0.045087870210409164,-13.459402787160077,0.04567349702119827,-13.403357350691383,0.7376043796539307,0.9866747856140137,8.043190910000703,0.0002931823178769421
193,0.07629144191741943,-11.175241768034741,0.09513324499130249,-10.216676892280702,0.7434837818145752,0.9840238690376282,8.096090117003769,0.0002931120342598254
194,0.06464380025863647,-11.894731203139708,0.07331372052431107,-11.348147403546111,0.649042546749115,0.9908411502838135,8.043106623008498,0.00029304139876169073
195,0.05439954623579979,-12.644047228693907,0.07302867621183395,-11.365065717215803,0.634024441242218,0.9951883554458618,8.091607466005371,0.0002929704115568243
196,0.07630260288715363,-11.174606468330479,0.09416751563549042,-10.260988871527248,0.6464482545852661,0.993116021156311,8.12127758799761,0.00029289907282037983
197,0.03678898140788078,-14.342822364859796,0.04677740857005119,-13.299638414081492,0.7993031144142151,0.9927765727043152,8.282897721990594,0.00029282738272837873
198,0.05782226845622063,-12.379048742854222,0.05511796101927757,-12.587068566668485,0.7451384663581848,0.9886859655380249,8.106993767010863,0.000292755341457709
199,0.06395521759986877,-11.941240190847477,0.05775532126426697,-12.384079960301467,0.7114630341529846,0.9905223846435547,8.099573314000736,0.00029268294918612553
200,0.029752643778920174,-15.264744373970665,0.030493538826704025,-15.157921720871856,0.674343466758728,0.9930892586708069,8.117621184996096,0.0002926102060922489
201,0.08469202369451523,-10.721574896473523,0.10285920649766922,-9.877568303413781,0.8925325274467468,0.999162495136261,8.075508162000915,0.00029253711235556544
202,0.054515253752470016,-12.634819620524219,0.055349964648485184,-12.568826521572262,0.744544506072998,0.9849318861961365,8.043533707008464,0.0002924636681564268
203,0.041881754994392395,-13.779751281191427,0.04715511575341225,-13.264711847211043,0.7283643484115601,0.989393949508667,8.118964245004463,0.00029238987367604915
204,0.06621303409337997,-11.79056510891437,0.08286022394895554,-10.816538972494259,0.816753625869751,0.9791336059570312,8.371178774003056,0.000292315729096513
205,0.044772692024707794,-13.489867922200522,0.04736003279685974,-13.245880055265943,0.738293468952179,0.9900689125061035,8.12066641599813,0.00029224123460076286
206,0.06114748492836952,-12.136214013220464,0.07165530323982239,-11.447516617496232,0.7697924971580505,0.9892295002937317,8.678847848001169,0.0002921663903726064
207,0.06586696952581406,-11.813323175522372,0.0784531757235527,-11.053894718127433,0.732071578502655,0.9790428876876831,8.08081265501096,0.00029209119659671435
208,0.0531696155667305,-12.743364797538463,0.0574883371591568,-12.404202530623623,0.7571631669998169,0.9903140068054199,8.573508491987013,0.00029201565345861986
209,0.03669815883040428,-14.353557240154714,0.041117776185274124,-13.859703817595307,0.8774968385696411,0.9916536211967468,8.462849215997267,0.0002919397611447181
210,0.042595963925123215,-13.706315494337558,0.05489485338330269,-12.604683705147824,0.7883513569831848,0.9893692135810852,8.440422289000708,0.00029186351984226587
211,0.05054769292473793,-12.962986614871497,0.06021200120449066,-12.203169383457722,0.6988707780838013,0.9811215400695801,8.364082949003205,0.00029178692973938096
212,0.07678781449794769,-11.14707692933942,0.08260205388069153,-10.83009153909697,0.5859634280204773,0.9929085373878479,8.53267950899317,0.00029170999102504184
213,0.048446040600538254,-13.147417111863668,0.06143157556653023,-12.11608345961417,0.717857837677002,0.9729120135307312,8.1822950259957,0.0002916327038890871
214,0.03913886100053787,-14.073918171027648,0.054817602038383484,-12.610799663127807,0.6250777244567871,0.9881457090377808,7.97315724400687,0.0002915550685222151
215,0.08637914806604385,-10.63591083590284,0.07494913041591644,-11.252334016059029,0.5894890427589417,0.9892004132270813,8.159872812990216,0.00029147708511598344
216,0.051676325500011444,-12.86708374876927,0.058235980570316315,-12.348086075263595,0.5927413105964661,0.9855208992958069,8.383920792999561,0.00029139875386280834
217,0.06540049612522125,-11.844189571181952,0.07311169058084488,-11.3601317366807,0.646604061126709,0.9787664413452148,8.089874644007068,0.0002913200749559644
218,0.0988994762301445,-10.0480600840814,0.08463738858699799,-10.72437744875506,0.5855964422225952,0.9906737804412842,8.012673281002208,0.00029124104858958404
219,0.0411250963807106,-13.858930712183579,0.05281943082809448,-12.772062829684614,0.8495203256607056,0.9861419200897217,8.113594063004712,0.00029116167495865696
220,0.06596215814352036,-11.807051435835616,0.06840372085571289,-11.649202739584306,0.8074132204055786,0.9728319644927979,8.003726597991772,0.00029108195425902965
221,0.06619936972856522,-11.791461453680789,0.07382573932409286,-11.317921951153334,0.8056210875511169,0.9731461405754089,8.03687540399551,0.000291001886687405
222,0.030101018026471138,-15.214188161590913,0.034855857491493225,-14.577242286733565,1.0233711004257202,0.9560155868530273,8.15237121199607,0.0002909214724413419
223,0.07328466325998306,-11.349869033675473,0.06394790858030319,-11.941736545700351,1.0511269569396973,0.9585229754447937,8.105004133001785,0.0002908407117192544
224,0.07918570190668106,-11.013532293091917,0.09797749668359756,-10.088736609192292,0.9124490022659302,0.9703996777534485,8.016351165002561,0.0002907596047204116
225,0.03539250046014786,-14.510887536066953,0.04503101482987404,-13.464882655513385,0.9392971396446228,0.9838315844535828,8.224479580996558,0.0002906781516449369
226,0.0865008756518364,-10.629794961274396,0.08484074473381042,-10.713955278876883,0.8215121626853943,0.9839146733283997,8.211194675997831,0.00029059635269380776
227,0.046225227415561676,-13.351209435432647,0.05423163250088692,-12.65747322064822,0.8841249346733093,0.9849992990493774,8.543805770998006,0.00029051420806885497
228,0.03897637128829956,-14.091985962699894,0.04549407958984375,-13.42045116932395,0.8891170620918274,0.9889891147613525,8.558432436009753,0.0002904317179727621
229,0.06627009809017181,-11.786823865777103,0.06594919413328171,-11.807905069435886,0.9895299673080444,0.9808274507522583,8.53932397600147,0.0002903488826090654
230,0.0478220209479332,-13.203720746354637,0.042746346443891525,-13.691009987517127,0.9359124302864075,0.9908522963523865,8.354140392999398,0.0002902657021821527
231,0.06932326406240463,-11.591209968618728,0.07898591458797455,-11.02450348730915,0.7079740762710571,0.9875149130821228,8.318686447993969,0.00029018217689726365
232,0.04675739258527756,-13.301497151527272,0.05596242845058441,-12.521034478571371,0.8794733285903931,0.9967172145843506,8.023210168001242,0.00029009830696048847
233,0.05235670506954193,-12.810276924251031,0.05446920171380043,-12.638489895772011,0.8599771857261658,0.9869823455810547,8.372874510008842,0.00029001409257876795
234,0.06766104698181152,-11.69661286250378,0.0647064670920372,-11.890523115652822,0.903078556060791,0.9784263968467712,8.512087109993445,0.0002899295339598927
235,0.051471367478370667,-12.884342933613404,0.03768456354737282,-14.23836510235125,0.6703904867172241,0.9906692504882812,8.369129957995028,0.00028984463131250264
236,0.07005085051059723,-11.545865874267275,0.08240389078855515,-10.840522821312607,0.7082219123840332,0.9868412613868713,7.925253296009032,0.0002897593848460867
237,0.05485893785953522,-12.607526051488069,0.07233226299285889,-11.406679473130696,0.7006433606147766,0.9872445464134216,8.056754399003694,0.000289673794770982
238,0.0402606837451458,-13.951188537728337,0.058808159083127975,-12.305624154307868,0.844939112663269,0.9752459526062012,8.194167754001683,0.0002895878612983736
239,0.04924861341714859,-13.076059924419813,0.05651836842298508,-12.47810383884479,1.0135318040847778,0.9776168465614319,8.634816955003771,0.0002895015846402937
240,0.05481938272714615,-12.610658589692537,0.05430550128221512,-12.651561730644712,0.8899502158164978,0.9828694462776184,8.564549365997664,0.0002894149650096215
241,0.04272903501987457,-13.69276915042423,0.06477444618940353,-11.885962914641745,0.691919207572937,0.9889256358146667,8.529319349996513,0.00028932800262008226
242,0.05473893880844116,-12.6170362624762,0.07049667835235596,-11.518313455163065,0.575333833694458,0.9930172562599182,8.513523075002013,0.000289240697686247
243,0.060827016830444336,-12.159034823273366,0.0689457505941391,-11.614924959849247,0.6206418871879578,0.9885961413383484,8.47447570800432,0.000289153050423532
244,0.04025159776210785,-13.952168758941506,0.04830765351653099,-13.159840573000182,0.7480357885360718,0.9907148480415344,8.44303617499827,0.0002890650610481982
245,0.07056483626365662,-11.514116618462477,0.06620964407920837,-11.790787467270041,0.8485360741615295,0.9862681031227112,8.482423016990651,0.0002889767297773506
246,0.06696242094039917,-11.741688533647904,0.07283902168273926,-11.376358959387169,0.7216693162918091,0.9865153431892395,8.476134287004243,0.0002888880568289379
247,0.03442680835723877,-14.631032380172261,0.04670394957065582,-13.30646391282993,0.7203719615936279,0.9801444411277771,8.57072233899089,0.0002887990424217516
248,0.05837384611368179,-12.337816911107023,0.06505507230758667,-11.867188360778144,0.7527244687080383,0.9811003804206848,8.479820537002524,0.0002887096867754262
249,0.03337925300002098,-14.765233866850718,0.04173673316836357,-13.79481547173831,0.7621394991874695,0.991294264793396,8.32276905499748,0.0002886199901104376
250,0.06402565538883209,-11.936459672409342,0.07057607173919678,-11.51342518107442,0.8589107990264893,0.9758238196372986,8.442234599991934,0.0002885299526481035
251,0.04811789095401764,-13.176934163835428,0.049242980778217316,-13.076556662040723,0.7994090914726257,0.9864528179168701,8.449844493996352,0.00028843957461058246
252,0.04413609206676483,-13.552061231122948,0.1074909195303917,-9.686282219248955,0.7855333685874939,0.9922428131103516,8.44255516899284,0.00028834885622087313
253,0.05454189330339432,-12.632697905348454,0.06221790984272957,-12.060845827255767,0.6231709122657776,0.990959107875824,8.50480595701083,0.0002882577977028143
254,0.06585873663425446,-11.81386604592835,0.058063805103302,-12.360945068844295,0.6099976897239685,0.9869768023490906,8.449377358992933,0.0002881663992810837
255,0.059364184737205505,-12.264754920846158,0.06549939513206482,-11.83762710566769,0.6071004867553711,0.9942916631698608,8.409115565998945,0.0002880746611811979
256,0.04751326143741608,-13.231851574129887,0.05669788271188736,-12.464331588015993,0.6093512177467346,0.9947444200515747,8.185878005999257,0.00028798258362951147
257,0.06844774633646011,-11.646408465704269,0.058486200869083405,-12.329465884972668,0.8186578750610352,0.9861229658126831,8.247411293006735,0.0002878901668532167
258,0.0781465619802475,-11.070901237921618,0.08085484057664871,-10.922939748517917,0.7617790699005127,0.985852837562561,7.934350404990255,0.0002877974110803428
259,0.04439257085323334,-13.526897034657981,0.04826218634843826,-13.163930077900822,0.700337827205658,0.9906972050666809,7.930858733001514,0.00028770431653975535
260,0.05685074254870415,-12.452638584497207,0.06160387024283409,-12.103920025638054,0.6488808989524841,0.9924213290214539,8.107369263001601,0.00028761088346115595
261,0.029401669278740883,-15.316280118191335,0.04082999750971794,-13.890206465546296,0.7887222170829773,0.9883784651756287,8.287774620999699,0.0002875171120750814
262,0.031928300857543945,-14.958241928728098,0.038493480533361435,-14.146128187436084,0.7563652992248535,0.987143874168396,8.206700231996365,0.0002874230026129033
263,0.05547041445970535,-12.559385891720956,0.06323491781949997,-11.990430415103086,0.6812006235122681,0.991540789604187,7.985315090991207,0.0002873285553068274
264,0.05165476351976395,-12.868896223459117,0.07361627370119095,-11.330261693877684,0.6868117451667786,0.990358829498291,7.989522438001586,0.00028723377038989296
265,0.061235517263412476,-12.1299660926356,0.06973541527986526,-11.565466084896148,0.637917160987854,0.991101861000061,8.054594507004367,0.0002871386480959724
266,0.055756762623786926,-12.537024503872217,0.06815192103385925,-11.665218979645909,0.7747572660446167,0.9904606342315674,8.57363492299919,0.0002870431886597705
267,0.07219361513853073,-11.415012100797385,0.061335597187280655,-12.122874019019687,0.9232646822929382,0.9863128066062927,8.614472365996335,0.00028694739231682395
268,0.03936116769909859,-14.04932026140417,0.045792173594236374,-13.392087415342605,0.9428309798240662,0.9792869091033936,8.457268643003772,0.0002868512593035007
269,0.05071577802300453,-12.948569076735676,0.05317409709095955,-12.742998757798894,0.6761032938957214,0.9868850111961365,8.501977306004846,0.0002867547898569993
270,0.05344124510884285,-12.721234319315611,0.06638339906930923,-11.779405139086602,0.6813721656799316,0.9915305376052856,8.433427252006368,0.0002866579842153487
271,0.06560114771127701,-11.830885624421983,0.08127380907535553,-10.900493856012181,0.6898850202560425,0.9928070306777954,8.447761011004332,0.0002865608426174071
272,0.04739266261458397,-13.242888910733011,0.05515199899673462,-12.584387418284674,0.6119245886802673,0.9965068697929382,8.380829695001012,0.00028646336530286173
273,0.05989215523004532,-12.226300584618116,0.06164117902517319,-12.101290630155262,0.6672777533531189,0.9895186424255371,8.402674965996994,0.00028636555251222826
274,0.053371530026197433,-12.726903468901655,0.05590474605560303,-12.525513209382924,0.8552048206329346,0.9802606701850891,8.415615915000672,0.00028626740448684993
275,0.05970669910311699,-12.23976938205156,0.060321565717458725,-12.19527394358742,0.65925133228302,0.9898875951766968,8.461935383995296,0.00028616892146889723
276,0.04598391428589821,-13.37394063061392,0.05328454077243805,-12.733987727863381,0.8060911297798157,0.9862714409828186,8.447079001998645,0.00028607010370136735
277,0.05523683875799179,-12.577711843441548,0.05186969041824341,-12.850863440560683,0.8956688642501831,0.9809955954551697,8.400147893989924,0.00028597095142808316
278,0.05195610970258713,-12.84363374872235,0.06185079365968704,-12.086547231933825,1.020613431930542,0.9672902226448059,8.404008615005296,0.0002858714648936931
279,0.0628533661365509,-12.0167145853782,0.07207806408405304,-11.42196886408427,0.8835141658782959,0.9732691645622253,8.370348313997965,0.00028577164434367026
280,0.07475825399160385,-11.263408502872185,0.07576759904623032,-11.205164746228174,0.9522993564605713,0.9587897062301636,8.375182192001375,0.00028567149002431196
281,0.03658819571137428,-14.366590065144882,0.05242062732577324,-12.804977860806474,0.8823763728141785,0.9827237129211426,8.485758562004776,0.000285571002182739
282,0.03636155650019646,-14.393575345421379,0.07483522593975067,-11.25893925791492,0.7339411377906799,0.9869626760482788,8.370288356003584,0.00028547018106689516
283,0.04487976059317589,-13.479494684387415,0.07007671147584915,-11.544262867053883,0.7363178133964539,0.9907467365264893,8.369797779989312,0.0002853690269255466
284,0.07849673181772232,-11.05148424562282,0.09094949811697006,-10.411996931392284,0.716289222240448,0.9938213229179382,8.355450197006576,0.000285267540008281
285,0.048409853130578995,-13.150662349431128,0.041317958384752274,-13.838611460998418,0.6911481022834778,0.9948593378067017,8.49241335199622,0.0002851657205655073
286,0.04334309697151184,-13.630800604822916,0.04460631310939789,-13.506036714452332,0.6933355331420898,0.9906466603279114,8.384717577995616,0.00028506356884845484
287,0.0924060195684433,-10.342997367816167,0.06628946959972382,-11.785554558715992,0.7312294840812683,0.9908159375190735,8.372995197001728,0.00028496108510917277
288,0.0560830719769001,-12.511682056956293,0.06462875753641129,-11.89574193138645,0.7893374562263489,0.9875632524490356,8.503669628000353,0.0002848582696005296
289,0.04688481613993645,-13.289677827408115,0.0554935447871685,-12.557575326597767,0.676604151725769,0.9909147024154663,8.363858317999984,0.0002847551225762123
290,0.06708070635795593,-11.734023729266902,0.08710695803165436,-10.59947152518254,0.7007689476013184,0.9881017208099365,8.042231072991854,0.000284651644290726
291,0.052598897367715836,-12.790233598710042,0.05921947583556175,-12.275354409571264,0.7226705551147461,0.9867810606956482,7.881040760999895,0.000284547834999393
292,0.04254588484764099,-13.71142439667652,0.038043312728405,-14.197216726636626,0.8503453731536865,0.9891656637191772,7.943756248001591,0.0002844436949583524
293,0.0695866197347641,-11.574742594348633,0.10409131646156311,-9.825854988246173,0.808011531829834,0.9704839587211609,8.05239380900457,0.00028433922442455955
294,0.04600076004862785,-13.372349926090257,0.052936188876628876,-12.762473287882624,0.912976861000061,0.9839673638343811,8.044677247991785,0.00028423442365578495
295,0.04704093560576439,-13.275240490744732,0.05262128636240959,-12.78838539494291,0.8586663603782654,0.9738253951072693,8.068424923010753,0.00028412929291061416
296,0.07194943726062775,-11.42972598462964,0.060146771371364594,-12.207876802576243,0.9113283753395081,0.9856411814689636,8.001157203005278,0.00028402383244844676
297,0.056203823536634445,-12.502341384378513,0.04855677857995033,-13.137501335251544,0.8759795427322388,0.9786874055862427,8.057092807997833,0.000283918042529496
298,0.06046616658568382,-12.184875637741166,0.060173969715833664,-12.205913368672148,0.7981131672859192,0.9793150424957275,8.18425965300412,0.000283811923414788
299,0.060449350625276566,-12.18608360162011,0.05806879699230194,-12.360571711180878,0.77080899477005,0.9833130240440369,8.066057326999726,0.0002837054753661612
300,0.023464638739824295,-16.295861277533955,0.03469393774867058,-14.597464050902243,0.893096387386322,0.9876853823661804,8.186284292998607,0.00028359869864626544
301,0.04391198977828026,-13.574168833104892,0.04413704201579094,-13.551967758148544,0.7932122945785522,0.9883149266242981,8.270291312001063,0.00028349159351856174
302,0.06860272586345673,-11.636586276697422,0.08621733635663986,-10.644053985900877,0.7215247750282288,0.9883585572242737,8.11160890798783,0.0002833841602473213
303,0.03813314437866211,-14.186973822313648,0.040532201528549194,-13.921998066661875,0.6389934420585632,0.996601402759552,8.236552579008276,0.0002832763990976251
304,0.04810019209980965,-13.178531891530913,0.049482423812150955,-13.05549035338489,0.7699875831604004,0.9894310832023621,8.019688717002282,0.0002831683103353631
305,0.048829805105924606,-13.113150091001916,0.050577182322740555,-12.960453690473097,0.8473318219184875,0.9837689399719238,8.110072866998962,0.00028305989422723344
306,0.06188910827040672,-12.083857747897746,0.07178103923797607,-11.439902582835607,0.7007441520690918,0.9767637252807617,8.068446809003945,0.0002829511510407421
307,0.09032870829105377,-10.441742001699286,0.09067706018686295,-10.425025684405929,0.7558234333992004,0.9870580434799194,8.472965507011395,0.0002828420810442023
308,0.06118210032582283,-12.133756181540152,0.05567144230008125,-12.54367527116148,0.8566011190414429,0.985582709312439,8.536560289998306,0.00028273268450673314
309,0.029977932572364807,-15.231983215524338,0.027009405195713043,-15.684849797751442,0.8750460147857666,0.9925609230995178,8.618124003012781,0.0002826229616982599
310,0.06215992569923401,-12.064895133190737,0.07763806730508804,-11.099252843185592,0.7464951276779175,0.9866995811462402,8.488188502000412,0.0002825129128895125
311,0.07413685321807861,-11.299658517916614,0.06953714042901993,-11.577831727410231,0.692613422870636,0.9894850850105286,8.488985525007593,0.0002824025383520257
312,0.059875816106796265,-12.227485541001846,0.09006225317716599,-10.454571920543703,0.6461751461029053,0.9887750744819641,8.466457364993403,0.00028229183835813747
313,0.059166692197322845,-12.279227099214227,0.06928165256977081,-11.593817616690153,0.575113832950592,0.9938919544219971,8.547742024995387,0.0002821808131809892
314,0.043863747268915176,-13.57894269395172,0.040805183351039886,-13.892846663658178,0.6667612791061401,0.9969615936279297,8.199965908992453,0.00028206946309452445
315,0.056527964770793915,-12.477366505613007,0.06369107216596603,-11.959214401977462,0.7066119909286499,0.9886958003044128,7.898706759995548,0.00028195778837348834
316,0.038796424865722656,-14.112082932767185,0.0507194921374321,-12.94825103757648,0.7621292471885681,0.9935944080352783,8.0937967189966,0.0002818457892934273
317,0.0514221154153347,-12.888500612065052,0.05400605872273445,-12.675575156828856,0.8565173745155334,0.9815584421157837,8.498504879011307,0.00028173346613068786
318,0.06150675565004349,-12.110771804711224,0.05876675248146057,-12.308683082292138,0.9217211008071899,0.9788330793380737,8.49015171600331,0.0002816208191624163
319,0.05307130888104439,-12.75140201361765,0.06561166793107986,-11.830189217840639,0.6546157598495483,0.9909498691558838,8.466652973991586,0.0002815078486665577
320,0.06574655324220657,-11.821270100882849,0.07072561979293823,-11.50423237976198,0.6002346277236938,0.9930835366249084,8.472769010986667,0.0002813945549218557
321,0.0773383229970932,-11.116052493895445,0.08214755356311798,-10.854053657581282,0.5409768223762512,0.9915581345558167,8.549289361006231,0.0002812809382078513
322,0.05758584290742874,-12.396842718276924,0.10126188397407532,-9.945539968349381,0.6706343293190002,0.9883311986923218,8.436674470998696,0.00028116699880488245
323,0.054029665887355804,-12.673677180668022,0.06767335534095764,-11.695822900397863,0.9836567044258118,0.9881633520126343,8.546218670002418,0.0002810527369940832
324,0.033291734755039215,-14.776635741630654,0.040058594197034836,-13.973042957501034,0.7249757647514343,0.9931890368461609,8.405693160006194,0.00028093815305738334
325,0.04481690376996994,-13.485581505147158,0.05858311802148819,-12.322275171896862,0.6820691227912903,0.9950369596481323,8.452717590000248,0.00028082324727750726
326,0.04956699162721634,-13.048074389506626,0.055071234703063965,-12.590751864722202,0.5941652059555054,0.9931883215904236,8.437086606005323,0.00028070801993797354
327,0.058636173605918884,-12.31834377992109,0.07916519790887833,-11.014656981762801,0.6344074010848999,0.9892063736915588,8.42568027600646,0.00028059247132309424
328,0.03375275805592537,-14.716907336488516,0.05818586423993111,-12.351825106734717,0.6364656090736389,0.9964147210121155,8.491065802998492,0.00028047660171797405
329,0.039922915399074554,-13.987777515546735,0.03671422600746155,-14.35165622945676,0.6411107778549194,0.9972600936889648,8.440662041000905,0.00028036041140850975
330,0.04768854007124901,-13.215859727699765,0.037738505750894547,-14.232152996282688,0.7204313278198242,0.9959068894386292,8.445743742006016,0.00028024390068138934
331,0.03988176956772804,-13.99225580127582,0.0654565840959549,-11.840466624339347,0.6603501439094543,0.9879018664360046,8.498331384995254,0.0002801270698240914
332,0.04877350479364395,-13.118160355036906,0.06228812411427498,-12.055947482501532,0.6882666349411011,0.9947665333747864,8.38137374400685,0.0002800099191248846
333,0.07317329943180084,-11.356473618976914,0.09408164024353027,-10.264951195955431,0.6229528784751892,0.9884613752365112,8.375691480992828,0.0002798924488728265
334,0.034040551632642746,-14.680034107053723,0.03769835829734802,-14.236775621945457,0.7629883885383606,0.994107723236084,8.453856280000764,0.00027977465935776337
335,0.04936676844954491,-13.065653007737863,0.06509184837341309,-11.864733958815224,0.7992780208587646,0.9868603348731995,8.404432671988616,0.00027965655087032904
336,0.0666256919503212,-11.763582675101363,0.07540209591388702,-11.22616582092838,0.7874733209609985,0.9856769442558289,8.389635689003626,0.0002795381237019446
337,0.07386412471532822,-11.3156644415967,0.06737285107374191,-11.715150738462468,0.731160044670105,0.985364556312561,8.518179580991273,0.00027941937814481715
338,0.055340252816677094,-12.569588611496876,0.0868823453783989,-10.610684638650064,0.6474458575248718,0.9827435612678528,8.390602722007316,0.0002793003144919396
339,0.025685492902994156,-15.903120957589627,0.03559483587741852,-14.486130051784905,0.6985924243927002,0.993534505367279,8.392220751993591,0.0002791809330370897
340,0.05319850891828537,-12.741005402087406,0.05772755295038223,-12.386168516861238,0.7048479318618774,0.9938517808914185,8.404423664003843,0.0002790612340748294
341,0.07064149528741837,-11.50940116499628,0.07604379951953888,-11.189361917858236,0.6891592144966125,0.9866012930870056,8.542290557001252,0.00027894121790050385
342,0.03593004122376442,-14.445422845020737,0.03888507932424545,-14.102170107507435,0.8742451667785645,0.9813573360443115,8.386604604995227,0.00027882088481024107
343,0.0389334037899971,-14.096776260011525,0.045109279453754425,-13.4573410997441,0.871942937374115,0.9893231391906738,8.358720296993852,0.0002787002351009511
344,0.04659105837345123,-13.316974238947026,0.06968683004379272,-11.5684929047172,0.6793023347854614,0.9901820421218872,8.491683129002922,0.000278579269070325
345,0.06290730088949203,-12.012989483154303,0.06348530948162079,-11.973267589402328,0.8485194444656372,0.9813410043716431,8.373514218008495,0.00027845798701683444
346,0.0461016483604908,-13.362835461612963,0.041525132954120636,-13.816889683507934,0.9446182250976562,0.9790104031562805,8.371380298005533,0.00027833638923973085
347,0.03748653084039688,-14.26124749126361,0.04670378193259239,-13.306479501322386,0.871477484703064,0.9831451773643494,8.408778942000936,0.00027821447603904465
348,0.04205908626317978,-13.761401666172485,0.04148239269852638,-13.821362015059485,0.988745391368866,0.9873883128166199,8.263015770004131,0.00027809224771558456
349,0.06336813420057297,-11.981290799647136,0.0628276839852333,-12.018489493647168,0.7913181781768799,0.9885939359664917,7.822399986005621,0.0002779697045709368
350,0.04669743403792381,-13.307069826748412,0.04783858358860016,-13.202216874713017,0.7124704718589783,0.9893918633460999,7.902619379994576,0.0002778468469074644
351,0.07255156338214874,-11.3935322469614,0.06960218399763107,-11.573771327504627,0.7855255603790283,0.9921390414237976,8.101347600997542,0.00027772367502830643
352,0.047895267605781555,-13.197073958504555,0.05985822528600693,-12.228761635313361,0.7815645933151245,0.9885243773460388,8.150257831002818,0.00027760018923737726
353,0.04960409551858902,-13.044824648781656,0.05684000253677368,-12.453459113543307,0.7696458697319031,0.991215169429779,8.00264396199782,0.0002774763898393658
354,0.07647983729839325,-11.164530446342951,0.0796729326248169,-10.986891968953149,0.7435123920440674,0.9828997254371643,8.08939168600773,0.0002773522771397348
355,0.06686124205589294,-11.748255599384175,0.07245627045631409,-11.399240241724966,0.7077314853668213,0.991899847984314,8.10773436499585,0.0002772278514447199
356,0.058170564472675323,-12.352967218881899,0.07086702436208725,-11.495558024553908,0.8313897252082825,0.986768364906311,8.038314422999974,0.00027710311306132924
357,0.08391275256872177,-10.76172032618328,0.08305399119853973,-10.806394924806542,0.7875640988349915,0.977766215801239,8.060977612010902,0.00027697806229734235
358,0.05578390881419182,-12.534910577036722,0.06064039096236229,-12.172380073647311,0.7848456501960754,0.9864204525947571,8.09106658201199,0.0002768526994613096
359,0.03354464843869209,-14.743767553308711,0.03792480751872063,-14.210766147161912,0.7825790047645569,0.9845004081726074,8.206050919994595,0.0002767270248625512
360,0.05906529352068901,-12.286676334928721,0.06529820710420609,-11.850987429975932,0.6850576400756836,0.9816019535064697,8.232106066003325,0.00027660103881115683
361,0.05563753843307495,-12.546320927013168,0.05481284111738205,-12.611176865237265,0.7022160291671753,0.984510064125061,8.189044534999994,0.00027647474161798455
362,0.06760575622320175,-11.700163249166655,0.07411210983991623,-11.301108229601276,0.9104360938072205,0.9703711867332458,8.112097492994508,0.0002763481335946601
363,0.05089947581291199,-12.932866902034718,0.06541614234447479,-11.843150702304682,0.876760721206665,0.9743697643280029,8.137128294998547,0.00027622121505357624
364,0.044217921793460846,-13.544016727570156,0.05394462123513222,-12.680518518878703,0.9249973297119141,0.9770514369010925,8.156241008997313,0.00027609398630789174
365,0.06876396387815475,-11.626390964814153,0.0748252123594284,-11.259520419206963,0.9918404221534729,0.9643787145614624,8.320560462001595,0.00027596644767153097
366,0.044596292078495026,-13.507012488295068,0.052025385200977325,-12.837846955377897,0.910881757736206,0.975669264793396,8.095313769008499,0.00027583859945918285
367,0.0569678358733654,-12.443702784487638,0.06740118563175201,-11.71332463861818,0.7996171116828918,0.985647976398468,8.226056530009373,0.0002757104419863001
368,0.061838652938604355,-12.087399794271905,0.07731208950281143,-11.117525889502035,0.6946404576301575,0.9985155463218689,8.016873492990271,0.00027558197556909854
369,0.06495191901922226,-11.874080130654525,0.0739019364118576,-11.313441818703858,0.8174706101417542,0.9939674139022827,8.364202633005334,0.0002754532005245563
370,0.03345850482583046,-14.754934704257936,0.04299893602728844,-13.66542290531112,0.6264936923980713,0.9885958433151245,8.591617240002961,0.00027532411717041304
371,0.06459598243236542,-11.897944922414228,0.06229459494352341,-12.055496337196683,0.518380880355835,0.9981052875518799,8.495835212001111,0.00027519472582516905
372,0.060891155153512955,-12.154457869493848,0.0593835785984993,-12.263336343050529,0.6142479777336121,0.9840101599693298,8.597750711007393,0.00027506502680808457
373,0.07427141070365906,-11.29178327054773,0.07162602245807648,-11.449291654410914,0.929487943649292,0.9744274020195007,8.475043197002378,0.0002749350204391791
374,0.06676236540079117,-11.75468284593947,0.07728508114814758,-11.119043327300616,0.7439927458763123,0.9804505109786987,8.424494542006869,0.00027480470703923046
375,0.044565532356500626,-13.510009012455797,0.05241909250617027,-12.805105019422578,0.918231725692749,0.9862427711486816,8.428167085003224,0.0002746740869297739
376,0.06839673221111298,-11.64964647053991,0.08797001838684082,-10.556653172512597,0.8718204498291016,0.9857677817344666,8.406984994988306,0.0002745431604331017
377,0.047167498618364334,-13.263571545919472,0.07320038229227066,-11.354866508073954,0.7206583023071289,0.9904602766036987,8.430586385991774,0.0002744119278722618
378,0.05248022824525833,-12.800042848009374,0.05134889855980873,-12.894688676284012,0.5860301852226257,0.9958884716033936,8.415260711990413,0.00027428038957105766
379,0.057150211185216904,-12.42982160424619,0.061942607164382935,-12.080105191324433,0.6433510780334473,0.9866449236869812,8.227187205004157,0.0002741485458540469
380,0.05805032700300217,-12.361953294889956,0.06932462006807327,-11.59112501877863,0.7108370065689087,0.9823002815246582,7.889048010998522,0.0002740163970465408
381,0.0798337459564209,-10.978134922939084,0.07545749098062515,-11.22297639513381,0.7481906414031982,0.9760979413986206,8.25214824800787,0.0002738839434746034
382,0.0450412891805172,-13.463891875082545,0.04948921129107475,-13.05489467470501,0.5975069999694824,0.9923980236053467,8.3828709639929,0.0002737511854650506
383,0.05153167247772217,-12.879257621286193,0.050342291593551636,-12.98067019136947,0.754352331161499,0.983637273311615,8.209843584991177,0.0002736181233454498
384,0.04589483141899109,-13.382362210459265,0.042083654552698135,-13.758865529895694,0.7808759808540344,0.9804365634918213,8.340126983996015,0.00027348475744411844
385,0.038303080946207047,-14.167662917087565,0.062181051820516586,-12.063419359368108,0.769783616065979,0.9711371064186096,8.581371043997933,0.00027335108809012365
386,0.0720532089471817,-11.42346672761798,0.07106775045394897,-11.483274312926854,0.7828387022018433,0.9730415940284729,8.482938447996275,0.00027321711561328123
387,0.06186990812420845,-12.085205288926325,0.05010592192411423,-13.0011094264749,0.8934959173202515,0.9834168553352356,8.58042452900554,0.00027308284034415506
388,0.04267876595258713,-13.697881465881425,0.05107314512133598,-12.91807397143134,0.7626914381980896,0.9642956256866455,9.07524442000431,0.0002729482626140559
389,0.035829562693834305,-14.457584924305781,0.03915693610906601,-14.071912975264244,0.6916089057922363,0.9857620000839233,10.110004971007584,0.00027281338275504094
390,0.03868419677019119,-14.124664162927697,0.04975612089037895,-13.031534856552165,0.6456294655799866,0.994311511516571,9.842467009002576,0.00027267820109991287
391,0.0348300039768219,-14.580464759423952,0.04020589962601662,-13.95710215883974,0.6203634142875671,0.9887270927429199,9.792649787006667,0.00027254271798221895
392,0.052020035684108734,-12.83829354219337,0.08172965049743652,-10.876203582563493,0.5812351107597351,0.9923616051673889,9.433370415994432,0.0002724069337362503
393,0.05223272368311882,-12.82057327214089,0.05978710576891899,-12.233924698040816,0.7027865648269653,0.9812668561935425,9.46474598700297,0.0002722708486970411
394,0.05684187263250351,-12.453316228451916,0.06917651742696762,-11.600413055752998,0.7854361534118652,0.9768092632293701,9.071273641995504,0.00027213446320036765
395,0.05090776085853577,-12.932160046663286,0.05304000899195671,-12.753964109684578,1.0301570892333984,0.9736835360527039,9.483943190993159,0.0002719977775827475
396,0.05563146620988846,-12.546794937369208,0.05293352156877518,-12.762692122349584,1.0139670372009277,0.9752652049064636,10.32788160299242,0.00027186079218143895
397,0.04878634214401245,-13.117017427770337,0.07609494775533676,-11.186441767955518,0.7616555690765381,0.9833724498748779,9.208481158013456,0.00027172350733443984
398,0.043868761509656906,-13.578446262898352,0.06442701816558838,-11.909319683550946,0.6944165229797363,0.9913602471351624,9.261720787995728,0.0002715859233804868
399,0.0820673331618309,-10.858296790598123,0.08069084584712982,-10.93175731983573,0.9399464130401611,0.9754893183708191,9.135669180002878,0.00027144804065905466
400,0.06493930518627167,-11.874923623830718,0.06780806183815002,-11.687186689040951,1.0737717151641846,0.9742445349693298,9.094043918987154,0.00027130985951035526
401,0.0963902622461319,-10.159668381505714,0.09498505294322968,-10.223447308644921,1.0388294458389282,0.9759347438812256,8.281093933008378,0.00027117138027533684
402,0.04341258481144905,-13.623843552264127,0.05574044957756996,-12.538295327754824,0.7652595639228821,0.9893609285354614,8.863375971006462,0.00027103260329568326
403,0.050918497145175934,-12.93124422982929,0.06074845418334007,-12.164647687214622,0.7652906775474548,0.9892852902412415,9.048666287999367,0.00027089352891381273
404,0.031903959810733795,-14.961554104331714,0.042411889880895615,-13.725123748642304,1.0130647420883179,0.9817560315132141,10.688249328988604,0.0002707541574728776
405,0.0465133897960186,-13.324220088760491,0.07478728145360947,-11.261722532549726,0.8631711602210999,0.9785420298576355,9.798722722000093,0.00027061448931676313
406,0.04292086884379387,-13.673314952177266,0.06144164130091667,-12.11537191432847,0.8135650753974915,0.9905382394790649,8.706309228000464,0.0002704745247900864
407,0.06102481111884117,-12.144935561096704,0.07226672023534775,-11.410616549205418,0.7013479471206665,0.9929922819137573,9.811032161989715,0.0002703342642381961
408,0.03892447426915169,-14.097772444788914,0.05257384851574898,-12.792302305446055,0.8111897706985474,0.983090877532959,9.047173738013953,0.0002701937080071712
409,0.0897597074508667,-10.46918571554124,0.08440941572189331,-10.73609105881266,0.861754298210144,0.9750861525535583,8.62078821999603,0.00027005285644382017
410,0.05842325836420059,-12.3341422533979,0.05233021825551987,-12.81247453920672,0.930382251739502,0.9765183925628662,9.368024495997815,0.0002699117098956802
411,0.05591471493244171,-12.524738848967491,0.06726852804422379,-11.721880753472401,1.0702779293060303,0.9661279916763306,9.36849498700758,0.00026977026871101645
412,0.05929834768176079,-12.269574078542352,0.07503067702054977,-11.247611347787213,0.9967196583747864,0.9809138774871826,8.906106830996578,0.000269628533238821
413,0.03900347277522087,-14.088967227067313,0.039929915219545364,-13.987016119015404,0.852518618106842,0.9897172451019287,9.11240388599981,0.000269486503828812
414,0.04584050178527832,-13.387506370742827,0.043033111840486526,-13.661972477654283,0.8845909237861633,0.9878653883934021,8.856864087007125,0.00026934418083143286
415,0.0686541199684143,-11.63333395407658,0.07900072634220123,-11.02368915729886,0.5646100640296936,0.989594042301178,9.011344045007718,0.0002692015645978515
416,0.045808643102645874,-13.390525722563709,0.047205399721860886,-13.260083205245255,0.5042887330055237,0.9956084489822388,9.172539486011374,0.0002690586554799593
417,0.0830153375864029,-10.8084166166966,0.09074998646974564,-10.421534310376455,0.5697411894798279,0.9896692037582397,8.861392021994106,0.0002689154538303702
418,0.056637439876794815,-12.468963858280889,0.05628276988863945,-12.496245374244882,0.775406002998352,0.9851699471473694,8.712563234992558,0.0002687719600024201
419,0.0730598121881485,-11.363214485396686,0.09422601014375687,-10.258291980233052,0.6709935069084167,0.9871923327445984,9.136582875988097,0.0002686281743501658
420,0.044864993542432785,-13.480923904127602,0.06158030778169632,-12.105581447931229,0.9124652147293091,0.979149580001831,12.889073254002142,0.0002684840972283841
421,0.06180565059185028,-12.089718176440115,0.053621042519807816,-12.70664746551709,0.8837859034538269,0.9843196272850037,11.399319515010575,0.0002683397289925708
422,0.06650256365537643,-11.771616124358847,0.07752199470996857,-11.105750610240957,0.9305545687675476,0.9710427522659302,9.612052778000361,0.00026819506999894044
423,0.1112932339310646,-9.535312377792959,0.11618200689554214,-9.348611259096591,0.7883155345916748,0.9727889895439148,9.839370613990468,0.00026805012060442454
424,0.06913799047470093,-11.60283247558976,0.059983447194099426,-12.21968579343573,0.9443454742431641,0.9797429442405701,9.454281810991233,0.0002679048811666714
425,0.043212130665779114,-13.643943193399686,0.057027965784072876,-12.439121196313451,0.8291246891021729,0.9818431735038757,9.215595171990572,0.0002677593520440448
426,0.034561656415462494,-14.614054515145956,0.04709332436323166,-13.270406511991872,0.6440682411193848,0.9947179555892944,9.183512592004263,0.0002676135335956235
427,0.07477428764104843,-11.262477157035471,0.0687393844127655,-11.62794361446711,0.6475054621696472,0.9931140542030334,9.365707791992463,0.00026746742618119994
428,0.056645046919584274,-12.468380591298427,0.06309696286916733,-11.999915447253022,0.5587759017944336,0.9934179186820984,9.699749904000782,0.00026732103016127967
429,0.05391628295183182,-12.682800561744873,0.048198144882917404,-13.169696771591289,0.8521156311035156,0.9864829778671265,10.440902283007745,0.0002671743458970803
430,0.055131711065769196,-12.585985285560223,0.0675441324710846,-11.704123719665231,0.8537463545799255,0.9839091300964355,9.286492525003268,0.0002670273737505307
431,0.10817493498325348,-9.658733571506241,0.12211819738149643,-9.132196150564155,0.6763294339179993,0.9800216555595398,9.963104012000258,0.00026688011408427007
432,0.05972852557897568,-12.238182058352807,0.07090883702039719,-11.492996374477958,0.6926578879356384,0.9953922033309937,9.782760250003776,0.0002667325672616469
433,0.05405920743942261,-12.671303257622327,0.06852034479379654,-11.64180460328524,0.6773690581321716,0.9842627644538879,10.066031551992637,0.00026658473364671835
434,0.04945091903209686,-13.058256327362912,0.04497729614377022,-13.470066561636514,0.634495735168457,0.9899031519889832,10.080009437995614,0.00026643661360424917
435,0.0329875648021698,-14.816497436114116,0.047589875757694244,-13.224854289979213,0.6587902903556824,0.9957784414291382,9.72876501501014,0.0002662882074997108
436,0.08237798511981964,-10.84188834637565,0.07690919190645218,-11.140217517964782,0.7713593244552612,0.9778112173080444,9.352643593010725,0.0002661395156992806
437,0.07320762425661087,-11.35443686693236,0.08717335760593414,-10.59616226217141,0.8099479675292969,0.9748423099517822,8.6957881339913,0.0002659905385698408
438,0.048867154866456985,-13.10982945631807,0.05537687987089157,-12.566715175791384,0.6691040992736816,0.9909024834632874,9.281920888999593,0.0002658412764789777
439,0.05183376744389534,-12.853872240937882,0.05238213762640953,-12.808167827178568,0.7469901442527771,0.984338641166687,9.728040777001297,0.00026569172979498055
440,0.0347641184926033,-14.588687784520321,0.053666483610868454,-12.702968600509992,0.5715699791908264,0.9945382475852966,12.165874084006646,0.0002655418988868411
441,0.042080432176589966,-13.759198085078655,0.03725128248333931,-14.288587708006865,0.7375392317771912,0.9825395941734314,9.2299117710063,0.00026539178412425204
442,0.04258345440030098,-13.707591111792398,0.07644687592983246,-11.166402577169702,0.9400969743728638,0.9678844213485718,8.581482790992595,0.0002652413858776067
443,0.06228901818394661,-12.055885145299431,0.07593971490859985,-11.195310376073362,0.8237647414207458,0.9839078783988953,8.475437668006634,0.00026509070451799787
444,0.04349885880947113,-13.6152213658137,0.046558864414691925,-13.31997620798311,0.902002215385437,0.9872468113899231,8.310793312004535,0.00026493974041721675
445,0.0735132247209549,-11.336345261249239,0.0957670509815216,-10.187838858883113,0.754562258720398,0.9759117960929871,8.318257406994235,0.00026478849394775223
446,0.07147351652383804,-11.458548499155892,0.07992969453334808,-10.972918467611441,0.5584117770195007,0.9928585886955261,8.208569996000733,0.00026463696548279
447,0.07990729063749313,-10.974135944079249,0.0587635301053524,-12.308921226901665,0.7136727571487427,0.9752422571182251,8.300475128009566,0.0002644851553962115
448,0.05376778542995453,-12.694778507262024,0.07411638647317886,-11.3008576275546,0.7254170179367065,0.9864519238471985,8.250547326999367,0.0002643330640625929
449,0.0289449505507946,-15.384271880250093,0.05220684036612511,-12.822725901190232,0.7641047835350037,0.9823037385940552,8.474567443990964,0.00026418069185720465
450,0.0763380378484726,-11.1725900710762,0.09160757064819336,-10.380686338069737,0.6818076372146606,0.9846363663673401,8.265828852992854,0.0002640280391560098
451,0.03127149119973183,-15.048514086576773,0.045246947556734085,-13.444107137747359,0.618652880191803,0.9944827556610107,8.20366352700512,0.0002638751063356639
452,0.08532381057739258,-10.689297571113357,0.07593271881341934,-11.195710496814094,0.8832460641860962,0.9851333498954773,8.21258720899641,0.0002637218937735134
453,0.03234442323446274,-14.902005887772942,0.049648433923721313,-13.040944460322166,0.8218169212341309,0.9872042536735535,9.107656466003391,0.00026356840184759507
454,0.0514308325946331,-12.887764449816077,0.06071030721068382,-12.167375694660151,0.725925624370575,0.9860746264457703,9.236349022990908,0.0002634146309366349
455,0.07200224697589874,-11.426539503126032,0.09201283752918243,-10.36151576137339,0.5999100208282471,0.9891870021820068,10.14606600299885,0.0002632605814200475
456,0.03212316334247589,-14.931816939360152,0.03756836801767349,-14.251776704111652,0.6717207431793213,0.9859225153923035,9.031688023998868,0.0002631062536779346
457,0.0450357086956501,-13.464429986663596,0.05318313091993332,-12.742260990905848,0.7298825979232788,0.987852156162262,8.490674422995653,0.00026295164809108463
458,0.0341237336397171,-14.669434566707045,0.04178411886096001,-13.78988751745543,0.7490389943122864,0.9878231287002563,9.044483671998023,0.00026279676504097153
459,0.06310992687940598,-11.999023230014974,0.051018841564655304,-12.92269406709279,0.765685498714447,0.9923322796821594,8.27440604000003,0.0002626416049097537
460,0.05773705244064331,-12.38545391238196,0.054298873990774155,-12.6520917638223,0.676927387714386,0.9869696497917175,8.302313092994154,0.0002624861680802735
461,0.06282196193933487,-12.01888504636716,0.0729004368185997,-11.372698693806074,0.8054767847061157,0.9862073063850403,8.278511944998172,0.00026233045493605564
462,0.05095146968960762,-12.92843284291208,0.06700071692466736,-11.73920550206704,0.8318002223968506,0.9849382638931274,8.317777039002976,0.00026217446586130705
463,0.04983051121234894,-13.025046573603966,0.04600220173597336,-13.372213818111412,0.8426257967948914,0.9877436757087708,8.506582485992112,0.0002620182012409152
464,0.06585457175970078,-11.814140700336338,0.06746585667133331,-11.709159606553749,0.9945356249809265,0.9711070656776428,9.197642971994355,0.00026186166146044746
465,0.06126582622528076,-12.127817052505081,0.06278001517057419,-12.02178583683282,0.765647292137146,0.9888235330581665,9.143501589001971,0.0002617048469061502
466,0.06637699156999588,-11.779824351712191,0.07831888645887375,-11.061334959721574,0.8692066073417664,0.9809016585350037,8.255361970994272,0.0002615477579649478
467,0.04538952186703682,-13.430443920790703,0.06010960042476654,-12.21056158963033,0.9826610684394836,0.9796754121780396,8.243783464989974,0.0002613903950244415
468,0.06422238051891327,-11.923136005524274,0.06715627014636993,-11.729134325369369,0.9217355847358704,0.9887822270393372,8.155888212000718,0.0002612327584729088
469,0.05201112478971481,-12.839037540867587,0.06453844159841537,-11.901815256526868,0.7079092264175415,0.9927384257316589,8.165999407996424,0.0002610748486993021
470,0.06781062483787537,-11.687022538116734,0.07096236199140549,-11.489719373815744,0.5977818369865417,0.9955494999885559,8.196231150999665,0.00026091666609324825
471,0.06497949361801147,-11.872236774066403,0.07707010209560394,-11.131140656933434,0.5677323937416077,0.9939184784889221,8.623341449012514,0.000260758211045047
472,0.02800064906477928,-15.528319014285238,0.0413348563015461,-13.836835678250027,0.6157251000404358,0.9894929528236389,8.359020939999027,0.0002605994839456704
473,0.055129747837781906,-12.586139939614352,0.052059322595596313,-12.835014872923665,0.7186052203178406,0.9972672462463379,8.260535709996475,0.0002604404851867619
474,0.026068340986967087,-15.838866068331072,0.02632136270403862,-15.79691630257216,0.8574953079223633,0.9878905415534973,8.422238657003618,0.000260281215160635
475,0.03073412925004959,-15.123790866531355,0.038001786917448044,-14.201959815259361,0.8174520134925842,0.9878844618797302,8.513071321998723,0.0002601216742602727
476,0.039092935621738434,-14.079017156796532,0.05362068489193916,-12.706676431072507,0.9182795882225037,0.976953387260437,8.141710651005269,0.00025996186287932633
477,0.0840836688876152,-10.752883466549184,0.08783125877380371,-10.563508930074775,0.7090223431587219,0.9867636561393738,8.224730455985991,0.00025980178141211464
478,0.06505006551742554,-11.867522616807754,0.06311656534671783,-11.998566424209221,0.6847516298294067,0.9902440905570984,8.254855271006818,0.0002596414302536226
479,0.05793850123882294,-12.37032743369284,0.0567794144153595,-12.45809090800214,0.834237277507782,0.9840752482414246,8.145034275003127,0.000259480809799501
480,0.06068537384271622,-12.169159683049477,0.060838159173727036,-12.158239351902589,0.9167488813400269,0.9840912818908691,8.076248077995842,0.00025931992044606457
481,0.04387099668383598,-13.578224989479724,0.04484504833817482,-13.482855035160563,1.0294443368911743,0.9736230373382568,8.177313174994197,0.0002591587625902919
482,0.06146547570824623,-12.113687528271074,0.05385721102356911,-12.687561401187338,0.7936956286430359,0.9781306385993958,8.202887669001939,0.000258997336629824
483,0.05431915074586868,-12.650470286545035,0.058873340487480164,-12.300813215081147,0.7085428833961487,0.9927787184715271,8.290422324003885,0.0002588356429629634
484,0.08354677259922028,-10.780703221797758,0.08490655571222305,-10.710587761852477,0.7167552709579468,0.9881972074508667,8.472027638010331,0.0002586736819886731
485,0.08606070280075073,-10.651951116385908,0.07304155081510544,-11.364300144479223,0.5803539156913757,0.9906908273696899,8.097998465003911,0.00025851145410657575
486,0.07424081116914749,-11.293572915737531,0.06899915635585785,-11.611562192888494,0.6402840614318848,0.9892197847366333,8.114782471995568,0.0002583489597169525
487,0.0257710088044405,-15.888685806706345,0.04235530272126198,-13.730922099176524,0.7056503295898438,0.9857916235923767,8.202510199000244,0.000258186199220742
488,0.07736923545598984,-11.114316947082658,0.08434122055768967,-10.739601183073049,0.6772598028182983,0.9906747937202454,8.137129298993386,0.0002580231730195398
489,0.05499813333153725,-12.596520504536832,0.050473880022764206,-12.969333089350005,0.7391369938850403,0.9830631613731384,8.072220731002744,0.00025785988151559667
490,0.04424585774540901,-13.541273812844137,0.04719517007470131,-13.26102444518482,0.8906904458999634,0.9716519117355347,8.0528657350078,0.00025769632511181824
491,0.07046710699796677,-11.520135579361831,0.06325880438089371,-11.988790206917631,1.0070499181747437,0.9729249477386475,8.202806749992305,0.00025753250421176364
492,0.042326685041189194,-13.733857434385751,0.044206615537405014,-13.54512733437476,0.8370082378387451,0.9867859482765198,8.072494035994168,0.00025736841921964474
493,0.05910002440214157,-12.284123397930673,0.07694371044635773,-11.138268745933,0.6457471251487732,0.9916389584541321,8.041178389001288,0.00025720407054032486
494,0.0418824777007103,-13.779676340526228,0.05331012234091759,-12.731903208072675,0.6056199073791504,0.9966300129890442,8.105633831000887,0.0002570394585793181
495,0.04686961695551872,-13.29108595751179,0.06490867584943771,-11.876972504700756,0.7165041565895081,0.9883921146392822,8.072697875002632,0.0002568745837427881
496,0.05228399857878685,-12.816312058135523,0.059023432433605194,-12.289755382440033,0.7521347999572754,0.9927398562431335,8.085402763987076,0.000256709446437547
497,0.07067694514989853,-11.507222301440407,0.07384150475263596,-11.316994617716617,0.7641071081161499,0.981116771697998,8.01957962999586,0.00025654404707105483
498,0.038952045142650604,-14.094697351342973,0.08608479052782059,-10.65073572970178,0.6919182538986206,0.9880183339118958,8.095055056997808,0.0002563783860514181
499,0.02810901403427124,-15.511543876387641,0.03372026979923248,-14.721089591871701,0.9108101725578308,0.9767416715621948,8.19042026498937,0.0002562124637873888
500,0.04308173805475235,-13.65706784185658,0.04687976837158203,-13.29014542782585,0.9077593088150024,0.9831001162528992,8.071126277995063,0.0002560462806883637
501,0.08917125314474106,-10.497751300671618,0.0825137197971344,-10.834738340290798,0.5797675848007202,0.9944995641708374,8.00195552399964,0.000255879837164383
502,0.04682038351893425,-13.295650331872594,0.049563825130462646,-13.048351839468708,0.55497807264328,0.9926697015762329,8.003665270996862,0.0002557131336261296
503,0.09643307328224182,-10.157739922276289,0.0796964168548584,-10.985612040080282,0.5542050004005432,0.994056224822998,8.013184155992349,0.00025554617048492793
504,0.041097331792116165,-13.861863733828608,0.060232263058423996,-12.201708191180431,0.5253410935401917,0.9933756589889526,8.053665482002543,0.0002553789481527429
505,0.0283622145652771,-15.47259861769487,0.04324282333254814,-13.640859586097635,0.5053945183753967,0.9941052198410034,8.21038214500004,0.000255211467042179
506,0.03827301040291786,-14.171073765423952,0.046934712678194046,-13.285058364158415,0.5378220677375793,0.9935253858566284,7.981879243001458,0.0002550437275664793
507,0.04832538217306137,-13.158247027328356,0.06314197182655334,-11.996818598772157,0.6377679705619812,0.9937211275100708,8.084676059996127,0.00025487573013952415
508,0.0824848860502243,-10.836256212182944,0.08933714032173157,-10.489679533857242,0.6127225756645203,0.9907253980636597,8.075783463005791,0.00025470747517583055
509,0.03463147208094597,-14.605290474780265,0.034536682069301605,-14.617193873178763,0.6620578765869141,0.9960923194885254,8.138380025993683,0.00025453896309055095
510,0.04947792366147041,-13.055885337974072,0.04830791801214218,-13.159816794434757,0.8560466766357422,0.9863815307617188,8.108470974999364,0.00025437019429947215
511,0.0599324069917202,-12.223382799096447,0.0888075903058052,-10.515499138668268,0.58189857006073,0.9874826669692993,8.087697381008184,0.0002542011692190143
512,0.06727378070354462,-11.721541648103882,0.06074349582195282,-12.165002178025055,0.5362367033958435,0.9972734451293945,8.197253603997524,0.00025403188826623004
513,0.06890161335468292,-11.617706088141864,0.06199336796998978,-12.076547686898387,0.7975808382034302,0.9815369248390198,8.028220532010891,0.0002538623518588033
514,0.06511753797531128,-11.863020280131355,0.05879741162061691,-12.306417920053487,0.9698877930641174,0.9632296562194824,8.158399993000785,0.0002536925604150483
515,0.07396679371595383,-11.309632065139104,0.07332716882228851,-11.347350828778335,1.0020134449005127,0.9709383845329285,8.05415805800294,0.0002535225143539086
516,0.04954550415277481,-13.049957480362641,0.05056969076395035,-12.96109702082035,0.8367058634757996,0.9896100163459778,8.06367814699479,0.00025335221409495583
517,0.06090695783495903,-12.153330919786448,0.06685540825128555,-11.748634548325123,0.8150519728660583,0.9798386096954346,7.97654178099765,0.0002531816600583891
518,0.04037869721651077,-13.93847697288701,0.04889329895377159,-13.107506587983917,0.8293097615242004,0.9863055348396301,8.18554585101083,0.0002530108526650333
519,0.0458785817027092,-13.383900163979192,0.049737125635147095,-13.03319316702402,0.7133221626281738,0.987878143787384,8.622134724995703,0.000252839792336339
520,0.06523874402046204,-11.854944086035434,0.06813385337591171,-11.666370484155806,0.8127602338790894,0.9849453568458557,8.35287873299967,0.00025266847949438035
521,0.023981506004929543,-16.20123547278548,0.023203331977128983,-16.344496463240997,1.0662435293197632,0.9908439517021179,7.975190763012506,0.0002524969145618548
522,0.0508476197719574,-12.937293720168434,0.07656126469373703,-11.159909011793697,0.8689658641815186,0.986707329750061,8.105386779003311,0.00025232509796208177
523,0.07307643443346024,-11.362226510186751,0.07525338977575302,-11.234739325689151,0.5626787543296814,0.9981149435043335,8.487401636011782,0.00025215303011900166
524,0.07115360349416733,-11.478031006613865,0.07092150300741196,-11.492220691604766,0.6740538477897644,0.9825156331062317,8.447063489991706,0.0002519807114571748
525,0.07682201266288757,-11.145143189181734,0.15775901079177856,-8.02005825581012,0.9198111295700073,0.9723533987998962,8.364723947001039,0.00025180814240178027
526,0.04495469108223915,-13.472249823453666,0.05094073340296745,-12.92934806702533,0.7656711935997009,0.9895300269126892,8.36613842000952,0.0002516353233786151
527,0.053463954478502274,-12.71938921652981,0.06570100784301758,-11.82427968374187,0.7683921456336975,0.9913915991783142,8.497281246993225,0.0002514622548140931
528,0.07336346805095673,-11.345201468005824,0.08825549483299255,-10.542582456932063,0.7102053761482239,0.9904248714447021,8.353316777996952,0.0002512889371352437
529,0.032595645636320114,-14.868404122630505,0.05335959047079086,-12.727875122347594,0.7076714634895325,0.987193763256073,8.34175836299255,0.00025111537076971105
530,0.04450148344039917,-13.516255117229823,0.050993189215660095,-12.924878255323504,0.8830774426460266,0.9767383337020874,8.257685057003982,0.0002509415561457529
531,0.06721679866313934,-11.725221755262696,0.061197876930236816,-12.132636440806145,0.8024382591247559,0.9847208261489868,8.22792660399864,0.0002507674936922396
532,0.05438647046685219,-12.645091247861068,0.053470343351364136,-12.718870271291651,0.7245960235595703,0.9831677675247192,7.77878315099224,0.00025059318383865287
533,0.07164453715085983,-11.448169186685996,0.0665593147277832,-11.767911580370454,0.7019122838973999,0.9874175190925598,8.059607075992972,0.000250418627015085
534,0.043471865355968475,-13.61791724040653,0.05978319048881531,-12.234209113919665,0.7928125262260437,0.9848387837409973,8.409976101000211,0.00025024382365223765
535,0.04433821141719818,-13.532218300955506,0.04227939620614052,-13.73871223488062,0.883441150188446,0.9806839823722839,8.346450222001295,0.0002500687741814206
536,0.05212079733610153,-12.829889491287789,0.06072244420647621,-12.16650755484524,0.5975097417831421,0.9896376132965088,8.307995148992632,0.0002498934790345511
537,0.05956621095538139,-12.250000247638667,0.06118610501289368,-12.133471922488972,0.7469884753227234,0.988842785358429,8.425854788001743,0.0002497179386441526
538,0.0592445470392704,-12.273516166141151,0.07782207429409027,-11.088971975504515,1.0453243255615234,0.9739277958869934,8.028880891011795,0.00024954215344335335
539,0.0328577421605587,-14.833622826680116,0.044099610298871994,-13.555652482954944,0.9623734354972839,0.9845796227455139,7.996154328997363,0.00024936612386588597
540,0.03534000739455223,-14.517333639450671,0.048556581139564514,-13.137518994463482,0.7415468096733093,0.9871749877929688,8.449060767990886,0.000249189850346086
541,0.059015993028879166,-12.290302808422958,0.06983151286840439,-11.559485490556902,0.7283292412757874,0.9915944337844849,8.000449575993116,0.00024901333331889074
542,0.0293196402490139,-15.328413627618897,0.03505533188581467,-14.552459168439213,0.9345174431800842,0.9898873567581177,8.133635897989734,0.0002488365732198384
543,0.04446686804294586,-13.519634583435602,0.06732001155614853,-11.718558181387955,0.7627207636833191,0.9834839105606079,7.813095489007537,0.000248659570485067
544,0.04067210480570793,-13.90703352004423,0.05369444936513901,-12.70070606930804,0.9773427248001099,0.9879333972930908,7.977439767011674,0.0002484823255513132
545,0.06687803566455841,-11.747164914323331,0.05508403107523918,-12.589742853703127,0.8663866519927979,0.9779204726219177,8.393886090008891,0.00024830483885591125
546,0.03747674077749252,-14.262381852192409,0.048935599625110626,-13.1037508574064,0.94984370470047,0.9858095049858093,8.046896307991119,0.00024812711083679195
547,0.04461639001965523,-13.505055720515939,0.05448123440146446,-12.637530610052297,0.537178099155426,0.9950320720672607,7.896159898999031,0.0002479491419324814
548,0.0365697480738163,-14.368780314610802,0.05145959556102753,-12.885336313761568,0.5776979923248291,0.990039587020874,7.829097927999101,0.0002477709325821003
549,0.068841852247715,-11.621474531240514,0.04758918657898903,-13.224917183330202,0.5204370617866516,0.995939314365387,7.907513739002752,0.00024759248322536254
550,0.06446101516485214,-11.907028592727043,0.06744374334812164,-11.710583329451431,0.6505931615829468,0.9894671440124512,7.858557300991379,0.00024741379430257406
551,0.06501083821058273,-11.870142343863272,0.05642092227935791,-12.485598189605803,0.6264201998710632,0.9926475882530212,7.902918628999032,0.00024723486625463203
552,0.05649325251579285,-12.48003420671145,0.05668541043996811,-12.465287044281641,0.7389997839927673,0.9857010841369629,7.85912462399574,0.00024705569952302364
553,0.07930653542280197,-11.00691022246799,0.08163338154554367,-10.881322130977043,0.7394304871559143,0.9843294620513916,7.879599248000886,0.000246876294549825
554,0.06374944001436234,-11.955236257850853,0.07231747359037399,-11.407567543315109,0.9877384305000305,0.9524978399276733,7.974098145990865,0.00024669665177770003
555,0.057741984724998474,-12.385082924896704,0.0789494588971138,-11.026508422024715,1.0730559825897217,0.9671298861503601,8.056618778995471,0.0002465167716498994
556,0.0432710200548172,-13.638028667751378,0.04728563874959946,-13.252707399894998,1.043121099472046,0.9807841181755066,7.986946327990154,0.0002463366546102595
557,0.05494678020477295,-12.600577514631492,0.05431371554732323,-12.650904865290642,0.9088988900184631,0.977074384689331,8.025903617992299,0.0002461563011032012
558,0.07494167238473892,-11.252766194915685,0.07326715439558029,-11.350906755807104,0.731907844543457,0.9914348721504211,7.968960361002246,0.00024597571157372887
559,0.043909333646297455,-13.574431535468891,0.04257054999470711,-13.708907388630875,0.8394554853439331,0.9896920919418335,7.969145189999836,0.00024579488646742916
560,0.059788331389427185,-12.233835669685785,0.06574501097202301,-11.82137197805411,0.7294278740882874,0.9903876185417175,8.373815331011428,0.0002456138262304701
561,0.055106256157159805,-12.587990933309577,0.06060393154621124,-12.174992010173034,0.8053253889083862,0.9877257943153381,8.541504684006213,0.0002454325313095998
562,0.09129934757947922,-10.395323258962609,0.08898716419935226,-10.506726328942083,0.7056193947792053,0.9890077114105225,8.37897892598994,0.0002452510021521454
563,0.04075374826788902,-13.89832441460614,0.04701223224401474,-13.277891270573136,0.7673625946044922,0.9883179068565369,8.35763186699478,0.00024506923920601214
564,0.08580514043569565,-10.664866935450164,0.11443140357732773,-9.41454775112878,0.9504414796829224,0.9718621969223022,8.101154022995615,0.000244887242919682
565,0.07532854378223419,-11.230404280674641,0.07713469117879868,-11.127502549003445,0.599950909614563,0.9896254539489746,7.962660770994262,0.0002447050137422127
566,0.07840985804796219,-11.056293323777659,0.07701543718576431,-11.134222149175148,0.5924171209335327,0.9941410422325134,8.111354909997317,0.0002445225521232367
567,0.05798312649130821,-12.366983708756534,0.07537268847227097,-11.227859935741346,0.6545988321304321,0.9901360273361206,7.996487270997022,0.0002443398585129598
568,0.08035872131586075,-10.949669824445659,0.08757408708333969,-10.576243812874635,0.5472710132598877,0.9947990775108337,7.948168205999536,0.0002441569333621604
569,0.060855165123939514,-12.157025548199325,0.060997698456048965,-12.14686551321373,0.5381559133529663,0.9923967123031616,8.041878408010234,0.00024397377712218803
570,0.06567711383104324,-11.825859404555812,0.06488750129938126,-11.878389494095936,0.6022358536720276,0.9876810908317566,8.39301076400443,0.0002437903902449626
571,0.06098469719290733,-12.147791282351388,0.059985317289829254,-12.21955039614967,0.6780276894569397,0.9914794564247131,8.422233593999408,0.00024360677318297294
572,0.05629371851682663,-12.495400627906042,0.05754837393760681,-12.399669430935653,0.7815209031105042,0.987113356590271,8.3439506089926,0.00024342292638927592
573,0.024322986602783203,-16.139830993867,0.042968977242708206,-13.668449833582198,0.761969804763794,0.9938306212425232,8.289725800001179,0.00024323885031749527
574,0.05813421308994293,-12.355682018011374,0.05021296441555023,-12.991841384793442,0.7327615022659302,0.9870897531509399,8.317931547993794,0.00024305454542182032
575,0.06829195469617844,-11.656304564418061,0.06779950112104416,-11.687735017190793,0.7933017611503601,0.9842774868011475,8.460586307992344,0.0002428700121570051
576,0.05648529902100563,-12.480645678332674,0.047390781342983246,-13.243061309169095,0.7453978061676025,0.9856998920440674,8.316955813992536,0.00024268525097836716
577,0.06411745399236679,-11.930237311492178,0.058991655707359314,-12.292094143934381,0.7753651738166809,0.9861359000205994,8.28898737099371,0.00024250026234178625
578,0.06718103587627411,-11.727533039728346,0.07219162583351135,-11.415131772889486,0.9490965008735657,0.9763939380645752,8.273954176998814,0.0002423150467037035
579,0.041106387972831726,-13.860906830822529,0.04989995062351227,-13.01899884106319,0.8702739477157593,0.9861770272254944,7.75646680999489,0.0002421296045211201
580,0.06788486987352371,-11.682270101408868,0.07585535198450089,-11.200137720852751,0.8981865644454956,0.9840307235717773,7.794516758993268,0.00024194393625159616
581,0.04421159625053406,-13.544638046888306,0.055313631892204285,-12.571678248178852,0.8649688959121704,0.983542799949646,7.8960100910044275,0.00024175804235324966
582,0.0405653715133667,-13.91844542220319,0.057902880012989044,-12.372998344923083,0.8491811752319336,0.9841410517692566,7.9137879780028015,0.0002415719232847554
583,0.04917354881763458,-13.082684478673707,0.053376879543066025,-12.72646819016202,0.7889605164527893,0.9875487685203552,8.028717005989165,0.0002413855795053436
584,0.051469478756189346,-12.884502299239642,0.0638505071401596,-11.948356489450846,0.7593628168106079,0.9906789064407349,7.978680654996424,0.00024119901147479902
585,0.06349366158246994,-11.972696270972849,0.060626812279224396,-12.173352660962795,0.6413928270339966,0.9925870895385742,8.091879789004452,0.00024101221965345978
586,0.053659770637750626,-12.70351187991658,0.061718203127384186,-12.095867265296159,0.6661975979804993,0.9904956817626953,8.670477256004233,0.0002408252045022161
587,0.05456557124853134,-12.630812937877295,0.054344311356544495,-12.648459101853975,0.7627444267272949,0.9902350306510925,9.293525240005692,0.0002406379664825093
588,0.056462612003088,-12.482390349258495,0.047218043357133865,-13.258920133685077,0.8553652167320251,0.9885714650154114,10.213900663002278,0.0002404505060563305
589,0.04786112532019615,-13.200170943761469,0.05415131524205208,-12.663909906386044,0.8113516569137573,0.9891167283058167,9.837967011000728,0.00024026282368621975
590,0.0636635273694992,-11.961093023297881,0.07366708666086197,-11.327265050018486,0.7593591809272766,0.9867183566093445,9.269358414996532,0.00024007491983526463
591,0.05948001891374588,-12.25628902043687,0.06226149946451187,-12.057804242613434,0.9004178643226624,0.9731093049049377,9.31492039099976,0.00023988679496709918
592,0.06799733638763428,-11.675080992698646,0.0841054692864418,-10.751757615846888,0.8979496359825134,0.9786814451217651,9.150427215994569,0.00023969844954590283
593,0.053695376962423325,-12.700631043507967,0.06647998094558716,-11.773091136943613,0.804492175579071,0.9852225184440613,9.297622458005208,0.00023950988403639915
594,0.05187971889972687,-12.85002385714286,0.06011776253581047,-12.209971913585685,0.9180783629417419,0.9858811497688293,9.661183131989674,0.00023932109890385488
595,0.033173251897096634,-14.792119534978386,0.05697827413678169,-12.442907096032009,0.8088647723197937,0.9859563708305359,9.260077186991111,0.00023913209461407848
596,0.0670536682009697,-11.735774588817623,0.07114248722791672,-11.478709554151926,0.672714352607727,0.9871472716331482,9.0718249539932,0.00023894287163341927
597,0.0571066178381443,-12.433135603271278,0.05851560831069946,-12.327282758065659,0.8626314997673035,0.9878273010253906,8.81270011900051,0.0002387534304287662
598,0.04627317562699318,-13.346706947860628,0.058749228715896606,-12.309978306084737,0.9073487520217896,0.9764768481254578,9.225945240992587,0.0002385637714675465
599,0.09381277859210968,-10.277380006989107,0.09417948126792908,-10.260437059368524,0.7325170040130615,0.984812319278717,9.119722418006859,0.00023837389521772488
600,0.06937944144010544,-11.58769200890935,0.07056929171085358,-11.513842414602584,0.5840713381767273,0.9926164150238037,9.185204663997865,0.0002381838021478021
601,0.06177997961640358,-12.091522393180032,0.059797145426273346,-12.233195476967676,0.6016994714736938,0.9928908348083496,8.960471892001806,0.00023799349272681392
602,0.06757422536611557,-11.70218924108193,0.07431075721979141,-11.289483132452236,0.6809180378913879,0.991782546043396,9.09465935199114,0.0002378029674243299
603,0.06720636785030365,-11.725895752845528,0.07796935737133026,-11.080760452432344,0.7101813554763794,0.9855354428291321,9.295175438994193,0.0002376122267104523
604,0.04817143827676773,-13.172103865530593,0.05864007771015167,-12.318054628297187,0.7581406831741333,0.9872082471847534,8.946642570008407,0.00023742127105581484
605,0.049198850989341736,-13.080450398013637,0.050521042197942734,-12.965276989603078,0.7775170207023621,0.9909312129020691,8.852469335004571,0.00023723010093158167
606,0.06741555780172348,-11.712398677350143,0.06585627794265747,-11.814028183281756,0.6990865468978882,0.9913216829299927,8.83872387300653,0.000237038716809446
607,0.060884829610586166,-12.154909050142626,0.07312366366386414,-11.359420575699822,0.7153341770172119,0.985181450843811,8.989523302996531,0.00023684711916162918
608,0.06854818761348724,-11.640040232877812,0.060179200023412704,-12.205535897314054,0.755891740322113,0.9914981126785278,8.982373872000608,0.00023665530846087932
609,0.07090529054403305,-11.493213590511633,0.07174405455589294,-11.44214083167062,0.7506318688392639,0.9884129166603088,8.984467513000709,0.00023646328518047032
610,0.04591459408402443,-13.380492507766533,0.051457181572914124,-12.885540047641777,0.7504754066467285,0.9806344509124756,9.090478254001937,0.00023627104979420048
611,0.07380194216966629,-11.319322091403086,0.06899123638868332,-11.61206072006507,0.8301972150802612,0.9781591296195984,9.067314986008569,0.00023607860277639152
612,0.04553550109267235,-13.41649879884901,0.04604766145348549,-13.367924206940904,0.884236752986908,0.9755570888519287,8.998430080988328,0.00023588594460188732
613,0.0325017049908638,-14.880938559707918,0.031715791672468185,-14.987244434931439,0.8379559516906738,0.9822251200675964,9.21385556999303,0.00023569307574605278
614,0.0430745892226696,-13.657788554642456,0.05386831611394882,-12.686665999768918,0.8226791024208069,0.9790000319480896,9.157693318004021,0.00023549999668477263
615,0.04214266315102577,-13.75278023173011,0.05299926921725273,-12.757301186382367,0.868445098400116,0.9909913539886475,8.992946025988203,0.00023530670789445027
616,0.04536978527903557,-13.432332760991228,0.052845943719148636,-12.769883420852747,0.6176813840866089,0.992591381072998,9.026102035000804,0.00023511320985200655
617,0.07007979601621628,-11.54407170948513,0.10086999088525772,-9.962380184108552,0.7462599277496338,0.9850007891654968,9.320394134992966,0.00023491950303487872
618,0.03958943486213684,-14.024206977318311,0.050907839089632034,-12.932153372767843,0.790554940700531,0.9855758547782898,9.550488505003159,0.000234725587921019
619,0.05703333392739296,-12.438712406473329,0.06518146395683289,-11.858758896261879,0.7687956690788269,0.9938059449195862,8.999599853996187,0.00023453146498889372
620,0.036062516272068024,-14.429439735264797,0.03988698497414589,-13.991687904172665,0.7663131356239319,0.9896973371505737,8.960141274001217,0.0002343371347174819
621,0.05329746752977371,-12.732934263118885,0.05057810619473457,-12.96037436046181,0.747074544429779,0.9898449182510376,9.095665675995406,0.00023414259758627417
622,0.04319358989596367,-13.645806994567508,0.049343373626470566,-13.06771160932482,0.7232645750045776,0.9874182343482971,9.294294927996816,0.00023394785407527155
623,0.04140966013073921,-13.828983339389636,0.03981342539191246,-13.999704557933583,0.7217243909835815,0.9925954937934875,9.10112130100606,0.00023375290466498433
624,0.04740482568740845,-13.24177446022717,0.059641990810632706,-12.244478685041445,0.7586545944213867,0.9862882494926453,9.131454583999584,0.00023355774983643073
625,0.058014001697301865,-12.364671766708229,0.0751655176281929,-11.239813474118721,0.8974210023880005,0.9739776849746704,9.079569185996661,0.00023336239007113596
626,0.050886306911706924,-12.933990670208386,0.04970471188426018,-13.036024392592132,0.9609997272491455,0.97385573387146,8.982374380997499,0.00023316682585113082
627,0.05308282747864723,-12.750459523090335,0.062087222933769226,-12.069977650385052,0.7405301928520203,0.9800925254821777,9.26089580199914,0.00023297105765895053
628,0.05444267392158508,-12.640605528054829,0.06659428030252457,-11.76563070218431,0.8733992576599121,0.9925311803817749,9.202889716994832,0.00023277508597763366
629,0.050300586968660355,-12.984269470276274,0.05888410285115242,-12.300019373938625,0.7953035831451416,0.9886568784713745,9.360895726000308,0.0002325789112907209
630,0.058675143867731094,-12.315458368581396,0.08196325600147247,-10.863807975156018,0.6952481865882874,0.9873789548873901,9.419075129000703,0.00023238253408225374
631,0.047453105449676514,-13.237353609825018,0.0532522089779377,-12.736623723499674,0.7333887219429016,0.9888222217559814,9.32994275400415,0.0002321859548367734
632,0.040133580565452576,-13.9649209242455,0.04892967641353607,-13.104276563399207,0.6879172921180725,0.9863463640213013,9.314705554003012,0.0002319891740393197
633,0.07519297301769257,-11.2382274347485,0.07279647141695023,-11.378896712481271,0.6179590225219727,0.9844361543655396,9.307001968991244,0.00023179219217542966
634,0.05591094121336937,-12.525031966920286,0.05221743509173393,-12.821844644247875,0.8979845643043518,0.9690310955047607,9.171761570993112,0.00023159500973113644
635,0.043365832418203354,-13.628523127903925,0.05486717075109482,-12.606874337975878,0.8569630980491638,0.9825341105461121,9.22321713999554,0.0002313976271929681
636,0.07934405654668808,-11.004855995356717,0.07762975245714188,-11.099717986908201,0.6958873867988586,0.9876898527145386,8.955599209992215,0.00023120004504794647
637,0.06823258846998215,-11.660081530152603,0.0759005919098854,-11.19754837245113,0.7520669102668762,0.9797958135604858,9.254703792001237,0.00023100226378358586
638,0.055969372391700745,-12.52049562986339,0.05718151479959488,-12.427443438918875,0.5809594392776489,0.9933118224143982,9.241852929000743,0.00023080428388789188
639,0.04720934480428696,-13.259720268812421,0.053492333739995956,-12.717084544750062,0.635159969329834,0.9901371598243713,9.283056878004572,0.00023060610584936015
640,0.06254391372203827,-12.038149460042149,0.05366035923361778,-12.703464242266966,0.8550411462783813,0.9875733852386475,8.973102686999482,0.0002304077301569754
641,0.043416187167167664,-13.623483191711824,0.06173902377486229,-12.094402419110665,0.9029527902603149,0.9819852709770203,9.100253919998067,0.00023020915730020988
642,0.053632475435733795,-12.705721574709575,0.056245356798172,-12.499133238784669,0.7565364241600037,0.9912634491920471,9.058835403993726,0.00023001038776902235
643,0.04964517429471016,-13.041229602320424,0.058887217193841934,-12.2997896844277,0.7095956802368164,0.9888420701026917,9.014742176994332,0.00022981142205385694
644,0.016928864642977715,-17.713721674309106,0.026708761230111122,-15.733462543585885,0.6760436296463013,0.9951741099357605,9.292030500990222,0.00022961226064564168
645,0.08076750487089157,-10.927633334503163,0.06392603367567062,-11.943222407526303,0.7150909900665283,0.9914977550506592,9.444776078002178,0.00022941290403578763
646,0.06784851849079132,-11.684596309499256,0.06692399829626083,-11.744181205105157,0.7213966250419617,0.983534038066864,9.136936992988922,0.00022921335271618731
647,0.05062921345233917,-12.955988195127826,0.06538069248199463,-11.845504838787653,0.7685887217521667,0.9862173199653625,9.001059781003278,0.00022901360717921391
648,0.03906525671482086,-14.082093173956672,0.037113744765520096,-14.304652232479633,0.7430254220962524,0.9927160739898682,9.015708494000137,0.00022881366791771952
649,0.06595887988805771,-11.807267281356424,0.05844520777463913,-12.332510930892976,0.7462874054908752,0.9899095892906189,9.570658626995282,0.00022861353542503454
650,0.05602721497416496,-12.516009650922925,0.05111129954457283,-12.914830766206538,0.766170084476471,0.9820132851600647,9.068096319009783,0.00022841321019496596
651,0.06280597299337387,-12.019990518815371,0.054849229753017426,-12.60829466829994,0.7999023795127869,0.986038863658905,9.250912308008992,0.00022821269272179626
652,0.05919178947806358,-12.277385302911103,0.056529633700847626,-12.477238286524182,0.7661566138267517,0.9927293062210083,9.682689966997714,0.00022801198350028254
653,0.05422627180814743,-12.657902533623169,0.08468716591596603,-10.721824006936696,0.5865826606750488,0.9904153943061829,9.00353500599158,0.00022781108302565473
654,0.05142948776483536,-12.887878012005702,0.054178860038518906,-12.661701370613388,0.5165314078330994,0.9970515370368958,9.000939612989896,0.00022760999179361483
655,0.07749350368976593,-11.107347030356971,0.08346092700958252,-10.7851679583633,0.561834990978241,0.9866538643836975,9.021849277996807,0.0002274087103003355
656,0.06469549238681793,-11.891259774347605,0.06256531924009323,-12.03666335094468,0.6138212084770203,0.9886521697044373,9.21898796899768,0.0002272072390424587
657,0.051770567893981934,-12.859170710176759,0.03888511657714844,-14.102165946856939,0.830202043056488,0.9895690083503723,9.587643160004518,0.00022700557851709484
658,0.05913196876645088,-12.281776611563803,0.06905654072761536,-11.60795180694091,0.7325465679168701,0.9832093715667725,10.069918265988235,0.00022680372922182114
659,0.077311210334301,-11.117575276371046,0.07696940749883652,-11.136818565682574,0.7100909948348999,0.991025447845459,9.39249003698933,0.00022660169165468076
660,0.04427514225244522,-13.538400347728498,0.04365064203739166,-13.600093640619617,0.7452473044395447,0.9912847280502319,9.65813844501099,0.00022639946631418124
661,0.06378290802240372,-11.952956840625363,0.06659937649965286,-11.765298366494203,0.7167962789535522,0.9895686507225037,9.87681419099681,0.00022619705369929355
662,0.04855940490961075,-13.137266441243472,0.06081974878907204,-12.159553779983783,0.6922029256820679,0.992411732673645,9.508988665998913,0.0002259944543094507
663,0.06594351679086685,-11.808278954917027,0.06245799735188484,-12.044119450583462,0.6271762847900391,0.9863579273223877,9.44218382499821,0.00022579166864454645
664,0.06590578705072403,-11.810764492256588,0.06550291925668716,-11.837393444471013,0.6619791984558105,0.98716139793396,9.424136063011247,0.00022558869720493442
665,0.05990774184465408,-12.225170503387746,0.05523653328418732,-12.577735861100319,0.7014026045799255,0.9881877899169922,9.603569961996982,0.00022538554049142637
666,0.07708138227462769,-11.130505058835421,0.06848747283220291,-11.64388858827975,0.7389965653419495,0.9856426119804382,9.721292061003624,0.0002251821990052913
667,0.05112457647919655,-12.913702766975694,0.06701187044382095,-11.738482598058031,0.8264079689979553,0.9857711791992188,9.717999660002533,0.0002249786732482541
668,0.059499651193618774,-12.254855802327336,0.0839034765958786,-10.762200435150593,0.8327328562736511,0.9813492894172668,9.75931546499487,0.00022477496372249443
669,0.042319364845752716,-13.734608590640914,0.0552629716694355,-12.57565765359207,1.0141698122024536,0.9786832332611084,9.622102038993035,0.00022457107093064516
670,0.08194132894277573,-10.864969968355451,0.09951671957969666,-10.021039482831052,0.8897362351417542,0.98018878698349,9.748232341997209,0.0002243669953757916
671,0.05639743432402611,-12.487406528221271,0.05519014224410057,-12.581384865982146,0.8249415755271912,0.9898487329483032,9.491119458994945,0.0002241627375614698
672,0.08346692472696304,-10.784855874365768,0.07627958059310913,-11.175917034887066,0.6728663444519043,0.9917156100273132,9.601087620001636,0.0002239582979916657
673,0.07324764132499695,-11.352063556236391,0.06160799041390419,-12.103629571853595,0.5932502150535583,0.9942269325256348,9.60347853100393,0.0002237536771708136
674,0.0661768987774849,-11.792935888677487,0.08706363290548325,-10.601632149833407,0.8324045538902283,0.9825354218482971,9.647362609000993,0.000223548875603795
675,0.053859200328588486,-12.687400990311783,0.05602399259805679,-12.516259440317095,0.8603199124336243,0.9790355563163757,9.550956718987436,0.0002233438937959374
676,0.06612507998943329,-11.79633789597472,0.0704241693019867,-11.522782670863387,0.7013823390007019,0.98201984167099,9.36068748201069,0.00022313873225301308
677,0.06641847640275955,-11.777110910536404,0.07238276302814484,-11.40364842816549,0.7182729840278625,0.9903748631477356,9.672983851007302,0.00022293339148123776
678,0.04701671749353409,-13.277476947298636,0.05379413813352585,-12.692650461649995,0.907217800617218,0.9833706617355347,9.321554232999915,0.00022272787198726927
679,0.06646369397640228,-11.7741552478738,0.06410116702318192,-11.931340636551493,0.8861352801322937,0.98208087682724,9.53512017299363,0.00022252217427820665
680,0.07168073952198029,-11.44597522750328,0.07403159141540527,-11.305829147278263,0.6601004004478455,0.9899430871009827,9.600326927989954,0.00022231629886158852
681,0.03997817263007164,-13.981770610027812,0.05368727818131447,-12.701286131789702,0.6323238015174866,0.9991303086280823,9.488560099998722,0.000222110246245392
682,0.05947428569197655,-12.256707652883689,0.052819713950157166,-12.772039550747664,0.6972346901893616,0.9897165894508362,10.774379989001318,0.00022190401693803142
683,0.035518720746040344,-14.495426842928188,0.0414574071764946,-13.82397862968605,0.848322331905365,0.9879328012466431,9.559183395002037,0.00022169761144835712
684,0.05443265661597252,-12.641404691748164,0.054752614349126816,-12.615951391229729,0.8448130488395691,0.9860323071479797,9.688852239996777,0.00022149103028565412
685,0.031085187569260597,-15.074465077237367,0.03641032427549362,-14.387754531488726,0.9311060309410095,0.987322211265564,9.502334122007596,0.0002212842739596409
686,0.04562294855713844,-13.408166502047402,0.062015872448682785,-12.07497142193803,0.7836201786994934,0.9853928685188293,9.397104342991952,0.00022107734298046813
687,0.05684428662061691,-12.453131794089094,0.05606350302696228,-12.513197696120564,0.7513014674186707,0.9877132773399353,9.427647440010333,0.00022087023785871741
688,0.06756328046321869,-11.70289271876035,0.06959466636180878,-11.574240428313917,0.6609629392623901,0.99056476354599,9.834957857994596,0.00022066295910540013
689,0.04853777587413788,-13.139201280305555,0.04651278257369995,-13.324276785342873,0.6353471279144287,0.9892148971557617,9.518412689008983,0.00022045550723195594
690,0.04555085301399231,-13.415034857330163,0.0711725652217865,-11.476873809199608,0.7917183041572571,0.9875988364219666,9.344717036990914,0.00022024788275025171
691,0.055031370371580124,-12.593896723998268,0.05776732787489891,-12.383177210095969,0.7545435428619385,0.9862268567085266,9.537533900002018,0.00022004008617258023
692,0.03156345337629318,-15.008154864305109,0.05064050480723381,-12.95501973718631,0.9100021719932556,0.9752697944641113,9.397754717996577,0.00021983211801165892
693,0.058282092213630676,-12.34464866288463,0.06519018858671188,-11.858177625940488,0.8972378373146057,0.9762353897094727,10.63866213199799,0.00021962397878062844
694,0.04528383910655975,-13.440567613129236,0.03260983154177666,-14.866514446847361,0.9817820191383362,0.9881289005279541,9.713903470008518,0.00021941566899305183
695,0.05588996037840843,-12.526661982568877,0.061293307691812515,-12.125869413175765,0.8829452395439148,0.9782391786575317,9.476981247004005,0.00021920718916291267
696,0.05274801701307297,-12.77793862400571,0.06020158529281616,-12.20392072275539,0.6949167847633362,0.9899956583976746,9.495425378991058,0.00021899853980461418
697,0.06881463527679443,-11.62319187571898,0.08937305212020874,-10.487934105025175,0.6457012295722961,0.9919313192367554,9.250547574993107,0.000218789721432978
698,0.07834380120038986,-11.059953605295545,0.08512485027313232,-10.699436389578699,0.5946870446205139,0.9912734627723694,9.532366558007197,0.00021858073456324268
699,0.03550899401307106,-14.496616312840352,0.04196136072278023,-13.77150436940651,0.7638553977012634,0.9919662475585938,9.68414704099996,0.00021837157971106247
700,0.04931299760937691,-13.070385970211467,0.0557427741587162,-12.538114214806914,0.7749775648117065,0.9877704381942749,9.540087831002893,0.00021816225739250628
701,0.06827665865421295,-11.657277406784294,0.08119018375873566,-10.904964756441117,0.6846980452537537,0.9862222075462341,9.715552667999873,0.0002179527681240561
702,0.062120646238327026,-12.067640349667588,0.053992580622434616,-12.676659145414735,0.7573914527893066,0.9934127926826477,9.532284871005686,0.00021774311242260582
703,0.06059163436293602,-12.175873329356218,0.05212341248989105,-12.829671590099371,0.6783056855201721,0.9908256530761719,10.159326522989431,0.0002175332908054601
704,0.028569556772708893,-15.440964971820312,0.04740132763981819,-13.24209494211853,0.7119429111480713,0.9890144467353821,10.877474326000083,0.00021732330379033288
705,0.061691347509622574,-12.097757434529527,0.06827898323535919,-11.657129547237714,0.7010696530342102,0.990602970123291,10.164739975007251,0.00021711315189534624
706,0.03745005279779434,-14.265475656758934,0.03526104986667633,-14.52704761096518,0.7025121450424194,0.9887161254882812,9.615075942012481,0.00021690283563902916
707,0.04416780173778534,-13.548942153323438,0.049364056438207626,-13.065891598180158,0.7384016513824463,0.994670569896698,10.102932933004922,0.00021669235554031604
708,0.023005954921245575,-16.38159735498302,0.0389547124505043,-14.094399970956829,0.6890425086021423,0.9938307404518127,9.825345816992922,0.0002164817121185456
709,0.0466744638979435,-13.309206616395738,0.055399928241968155,-12.564907977932878,0.7276090979576111,0.9881399273872375,10.223486285991385,0.00021627090589345957
710,0.06597542017698288,-11.806178352057028,0.07108702510595322,-11.482096600110069,0.7323434948921204,0.9901474118232727,9.645091733997106,0.00021605993738520136
711,0.04901576414704323,-13.096642223906816,0.06297772377729416,-12.00813040244266,0.6765975952148438,0.9906261563301086,9.326863113994477,0.0002158488071143147
712,0.035480793565511703,-14.50006675263567,0.04863603040575981,-13.130418786940306,0.5684762001037598,0.9957936406135559,9.32881167299638,0.0002156375156017427
713,0.04470758140087128,-13.496188240311554,0.057946957647800446,-12.369693605808411,0.6638390421867371,0.9923822283744812,9.507015531009529,0.00021542606336882604
714,0.05651993677020073,-12.477983326680294,0.0671669989824295,-11.728440555133135,0.6570296287536621,0.9923385381698608,9.275355796009535,0.00021521445093730212
715,0.045561786741018295,-13.413992530524688,0.059837114065885544,-12.230293605822741,0.6095207929611206,0.993738055229187,9.399878832991817,0.0002150026788293036
716,0.06385783106088638,-11.947858364049516,0.06403962522745132,-11.935512183156956,0.7054198384284973,0.9873139262199402,9.295547349000117,0.00021479074756735713
717,0.0449611060321331,-13.471630137606528,0.06020750850439072,-12.203493443050364,0.961058497428894,0.9774923324584961,9.386347198989824,0.00021457865767438193
718,0.05918145924806595,-12.278143305575448,0.05822308361530304,-12.349047971438461,0.7646468281745911,0.9855163097381592,9.852737613997306,0.00021436640967368879
719,0.05222661793231964,-12.821080970895625,0.0500686913728714,-13.004337594405868,0.9201388359069824,0.9859171509742737,9.455808856990188,0.00021415400408897857
720,0.08200941234827042,-10.861363000947804,0.08472966402769089,-10.719645156605655,0.7844579219818115,0.9790910482406616,9.38212738299626,0.00021394144144434092
721,0.021693233400583267,-16.63675711065209,0.029555078595876694,-15.293678813787224,0.8381798267364502,0.9856863021850586,9.30710477300454,0.0002137287222642531
722,0.0303811002522707,-15.173965021891092,0.03755494952201843,-14.25332817411354,0.8787004947662354,0.9821889996528625,9.447305105990381,0.00021351584707357839
723,0.06309938430786133,-11.99974878356002,0.0626455545425415,-12.03109741999581,0.8015443682670593,0.9856286644935608,9.719070653998642,0.00021330281639756523
724,0.08452194184064865,-10.730305338461186,0.1058681532740593,-9.752346625267382,0.818354070186615,0.9836172461509705,10.770514946998446,0.00021308963076184571
725,0.06660086661577225,-11.765201197120799,0.08127005398273468,-10.900694517664224,0.6565037369728088,0.9883002042770386,10.153072155007976,0.00021287629069243413
726,0.0820997878909111,-10.85657964896291,0.07810436934232712,-11.073246699816252,0.6481487154960632,0.989256739616394,10.25063536199741,0.0002126627967157259
727,0.055019062012434006,-12.59486817906025,0.055675555020570755,-12.543354448533485,0.7139100432395935,0.9904882311820984,9.831633006004267,0.00021244914935849625
728,0.07273747026920319,-11.382418073065493,0.07234209030866623,-11.406089465442925,0.7427113652229309,0.988275408744812,9.707206569990376,0.00021223534914789868
729,0.06756744533777237,-11.70262501028379,0.08377325534820557,-10.768946079582546,0.7077821493148804,0.9890235066413879,9.705322096997406,0.00021202139661146398
730,0.042424604296684265,-13.723821997382453,0.04972552880644798,-13.034205896628432,0.7099545001983643,0.9906845688819885,9.408457230994827,0.00021180729227709885
731,0.05917787551879883,-12.278406300268491,0.07129636406898499,-11.469326174778052,0.7924749255180359,0.9852291941642761,9.838741612999002,0.00021159303667308443
732,0.07610321044921875,-11.185970219231878,0.07498709112405777,-11.25013493084031,0.7499338984489441,0.9859695434570312,9.986910820996854,0.0002113786303280751
733,0.06346708536148071,-11.974514455974383,0.06964731961488724,-11.57095592785302,0.7187903523445129,0.9895321130752563,10.482472147006774,0.00021116407377109713
734,0.05496230721473694,-12.599350446888346,0.05461237207055092,-12.627089596077967,0.7448369264602661,0.9896842837333679,10.416813149000518,0.00021094936753154764
735,0.06320464611053467,-11.99250995982845,0.0729265958070755,-11.371140587018278,0.6543717384338379,0.9777923822402954,10.897009180000168,0.00021073451213919284
736,0.06890005618333817,-11.617804239481348,0.08448001742362976,-10.732460052337977,0.7686271667480469,0.9772871732711792,10.225231723001343,0.00021051950812416703
737,0.03913257643580437,-14.074615577867263,0.03839823231101036,-14.156887682056482,0.7518737316131592,0.9909937977790833,9.460923420992913,0.0002103043560169713
738,0.07663953304290771,-11.155471500290941,0.07812066376209259,-11.072340753249957,0.6776555180549622,0.992499053478241,10.179620807000902,0.00021008905634847214
739,0.07566655427217484,-11.210960426178554,0.08938446640968323,-10.487379480751908,0.6596080660820007,0.9908708333969116,9.482478927006014,0.00020987360964989994
740,0.053915683180093765,-12.682848873496123,0.05536189675331116,-12.567890389302825,0.7377890944480896,0.9850577712059021,9.627675965006347,0.0002096580164528481
741,0.06096069514751434,-12.14950089282587,0.06154822185635567,-12.10784489421429,0.772102952003479,0.9880156517028809,9.988765004993184,0.00020944227728927136
742,0.08812081813812256,-10.549214793871695,0.07616578787565231,-11.182400611127743,0.7283601760864258,0.984484076499939,10.039391621001414,0.00020922639269148476
743,0.03121403232216835,-15.056501242349325,0.049409449100494385,-13.061899883189392,0.7010180950164795,0.9824951887130737,9.874425871006679,0.00020901036319216198
744,0.05859428644180298,-12.321447301822232,0.04854259639978409,-13.138769982476619,0.6086342334747314,0.989280641078949,9.907567362010013,0.00020879418932433436
745,0.052175503224134445,-12.825333535352424,0.051753222942352295,-12.860625992443978,0.8839884400367737,0.961039125919342,9.982668138007284,0.00020857787162138945
746,0.09577148407697678,-10.187637826866903,0.0707348957657814,-11.503662820997135,1.0645525455474854,0.9757702946662903,10.824038702994585,0.00020836141061706968
747,0.032624877989292145,-14.864511038143352,0.060028597712516785,-12.216418017781411,0.8984948992729187,0.9829498529434204,10.453753787005553,0.00020814480684547097
748,0.05952652171254158,-12.252894936408996,0.058568164706230164,-12.323383848163424,0.8481256365776062,0.9896572232246399,10.361543659004383,0.00020792806084104175
749,0.05177375301718712,-12.858903523831737,0.04633967950940132,-13.340469741572976,0.9289754629135132,0.9800009727478027,9.655598209996242,0.00020771117313858115
750,0.04359558969736099,-13.605574434503417,0.05448213219642639,-12.637459043357905,0.9397309422492981,0.9847391843795776,10.583608090993948,0.00020749414427323804
751,0.0700291320681572,-11.547212562010811,0.08727499842643738,-10.591101503391089,0.7994644045829773,0.9812712669372559,10.486803960986435,0.00020727697478050954
752,0.036599572747945786,-14.365239843831377,0.04040687531232834,-13.935447324984047,0.7955580949783325,0.9897030591964722,10.350157634995412,0.0002070596651962398
753,0.056318607181310654,-12.493480942870473,0.06395798921585083,-11.941051985492129,0.7384375333786011,0.9902384281158447,10.571591810992686,0.00020684221605661858
754,0.0613071508705616,-12.124888663798695,0.05915839597582817,-12.279836099938802,0.7057515978813171,0.9870359301567078,9.633901613997295,0.0002066246278981801
755,0.0663493424654007,-11.78163376712565,0.05054260045289993,-12.963424170713193,0.8715705275535583,0.9690388441085815,10.80780223698821,0.00020640690125780142
756,0.034786805510520935,-14.58585450884991,0.035146232694387436,-14.5412121992692,0.8962886929512024,0.979783833026886,8.756965506996494,0.00020618903667270148
757,0.07344432920217514,-11.340417314032754,0.06411679834127426,-11.930281721725224,0.8176674842834473,0.9801217913627625,9.439334255992435,0.00020597103468043943
758,0.06082918122410774,-12.158880292022218,0.06134485825896263,-12.12221832658344,0.7930792570114136,0.9784466028213501,9.123831436008913,0.00020575289581891348
759,0.05120556801557541,-12.90682811926599,0.05435625836253166,-12.647504457584917,0.9067450165748596,0.9738534688949585,9.03105765300279,0.00020553462062635963
760,0.05830073356628418,-12.34325980708922,0.05359607934951782,-12.708669785667905,0.8334993720054626,0.9874981045722961,8.99563807999948,0.00020531620964135024
761,0.05645810812711716,-12.482736788508982,0.0637693852186203,-11.953877698876624,0.7724171280860901,0.9882469773292542,9.067531292996136,0.00020509766340279267
762,0.07554371654987335,-11.218016528440618,0.06819573044776917,-11.662428145016312,0.8157486915588379,0.9908010959625244,8.92563936499937,0.00020487898244992802
763,0.0397137776017189,-14.010588005718251,0.08227670192718506,-10.847231253766502,0.838154673576355,0.9791105389595032,8.710178863009787,0.00020466016732232986
764,0.04756411537528038,-13.227205760910476,0.05539125204086304,-12.565588181223763,0.779856264591217,0.9893938899040222,8.414879675008706,0.00020444121855990274
765,0.050459880381822586,-12.970537833297733,0.0641116201877594,-11.930632477591192,0.8724121451377869,0.9909573197364807,9.290872049998143,0.00020422213670288095
766,0.0547172948718071,-12.618753815155134,0.06447692960500717,-11.905956518313378,0.7910260558128357,0.9901326894760132,9.606779205001658,0.00020400292229182717
767,0.05874788761138916,-12.310077446268847,0.0671115443110466,-11.732027674646869,0.6747190356254578,0.9942249059677124,9.884018757002195,0.00020378357586763125
768,0.06687112897634506,-11.747613445959391,0.0840926542878151,-10.752419392932339,0.7171627283096313,0.9896904230117798,9.615510079005617,0.00020356409797150864
769,0.04692824184894562,-13.28565716172546,0.07529079169034958,-11.232581361788096,0.8389838337898254,0.9823800325393677,8.89277323501301,0.00020334448914499921
770,0.04595832899212837,-13.376357702852427,0.05203823372721672,-12.836774526005925,0.7528886795043945,0.9895997643470764,9.053131633001612,0.00020312474992996597
771,0.07439184933900833,-11.284746448380938,0.06063607335090637,-12.172689303445804,0.9171455502510071,0.9840760231018066,9.814076262991875,0.0002029048808685935
772,0.05855380371212959,-12.324448874752012,0.0686192512512207,-11.635540251140482,0.8819471001625061,0.9801961779594421,10.933753215998877,0.0002026848825033869
773,0.08220318704843521,-10.85111344368082,0.07708392292261124,-11.130361915162673,0.8087559938430786,0.9842157363891602,11.53189796199149,0.00020246475537717026
774,0.04349397495388985,-13.615708999435869,0.062415048480033875,-12.047106878119928,0.7611076235771179,0.9865100383758545,11.745228938001674,0.00020224450003308544
775,0.07860235124826431,-11.045644626207931,0.08536946773529053,-10.686974263200693,0.7634229063987732,0.9878220558166504,11.044172962006996,0.00020202411701459054
776,0.06880633533000946,-11.623715723367669,0.08493097126483917,-10.709339093194206,0.5152907371520996,0.994150698184967,12.417681377002737,0.00020180360686545878
777,0.08059138804674149,-10.937113641895861,0.0895473062992096,-10.47947473763025,0.48200827836990356,0.9988350868225098,11.73348658400937,0.00020158297012977695
778,0.05378562584519386,-12.693337735858801,0.06201860308647156,-12.074780200760403,0.4884190261363983,0.9857391715049744,9.597863970993785,0.0002013622073519444
779,0.05544109642505646,-12.561681895239982,0.047255776822566986,-13.255450932024644,0.5403599143028259,0.992495059967041,9.729700641997624,0.0002011413190766713
780,0.08099552989006042,-10.915389489882138,0.07196392863988876,-11.42885135758857,0.6035596132278442,0.9935454726219177,9.82697737000126,0.0002009203058489774
781,0.04802210256457329,-13.185588290220975,0.054271914064884186,-12.654248614204738,0.617026686668396,0.9951820969581604,9.781269999992219,0.00020069916821419101
782,0.039267633110284805,-14.05965275395923,0.05446769297122955,-12.63861019267878,0.6949748992919922,0.9870743155479431,9.30038300200249,0.0002004779067179472
783,0.04942130669951439,-13.060857760257935,0.046731993556022644,-13.30385691855058,0.7452095150947571,0.9920789003372192,9.65322931499395,0.0002002565219061867
784,0.04907061904668808,-13.091784631664428,0.06250332295894623,-12.040968929790361,0.7379351258277893,0.9883700609207153,9.180368027999066,0.00020003501432515453
785,0.06887224316596985,-11.61955771825598,0.05482153221964836,-12.610488304223257,0.7750768661499023,0.9900227189064026,9.755112465994898,0.00019981338452139868
786,0.05397605150938034,-12.677988883970173,0.05548318848013878,-12.558385890555897,0.752545177936554,0.9840183258056641,9.753003535995958,0.00019959163304176863
787,0.033756889402866364,-14.716375791368959,0.04994461312890053,-13.01511346559507,0.7946921586990356,0.9927455186843872,9.597808544000145,0.00019936976043341412
788,0.04885522648692131,-13.11088969029196,0.03376355767250061,-14.715517979301424,0.8657653331756592,0.9907357692718506,9.911646410997491,0.00019914776724378367
789,0.07259254157543182,-11.391079980133338,0.06508716940879822,-11.865046151755179,0.7496156096458435,0.9868004322052002,10.190274031992885,0.00019892565402062352
790,0.0369953028857708,-14.318534126857305,0.04184674099087715,-13.78338359041259,0.6864113807678223,0.9943585395812988,10.088421327003743,0.00019870342131197592
791,0.041977398097515106,-13.769844839641227,0.04398883134126663,-13.566575758350655,0.7071436047554016,0.9897515177726746,11.228563641998335,0.00019848106966617794
792,0.047024890780448914,-13.276722044552898,0.07386020570993423,-11.315894871128872,0.6608819961547852,0.9888938069343567,10.470381036997424,0.00019825859963186032
793,0.08135011792182922,-10.89641813185673,0.07396888732910156,-11.309509140820788,0.6426407098770142,0.9935654997825623,10.828661898005521,0.00019803601175794562
794,0.04832376167178154,-13.158392662299509,0.060198940336704254,-12.204111534188884,0.7207353711128235,0.9882396459579468,13.327113434002968,0.0001978133065936473
795,0.08162256330251694,-10.881897706128267,0.07248364388942719,-11.397599819740918,0.7589107751846313,0.982591986656189,11.968653137999354,0.00019759048468846822
796,0.05700027570128441,-12.441230437013473,0.06186949834227562,-12.085234053575727,0.8150576949119568,0.9745501279830933,9.898149581000325,0.00019736754659219931
797,0.03958338126540184,-14.024871105182225,0.04397570341825485,-13.567872049993795,0.9819059371948242,0.9752830266952515,9.72446139800013,0.00019714449285491818
798,0.07285819947719574,-11.375215655446407,0.07191791385412216,-11.431629188047093,0.8688229322433472,0.9741374850273132,9.577062828000635,0.00019692132402698772
799,0.07331879436969757,-11.347846850417655,0.09244386851787567,-10.341218887960537,0.6506038904190063,0.9827080965042114,9.442877223002142,0.00019669804065905477
800,0.051687005907297134,-12.866186246356776,0.0500422939658165,-13.0066279021972,0.6898952722549438,0.988472044467926,12.139645685005235,0.00019647464330204898
801,0.0675840750336647,-11.701556256461672,0.059725407510995865,-12.238408783364381,0.6651714444160461,0.9907358884811401,10.239696518008714,0.00019625113250718102
802,0.04770902544260025,-13.21399454721508,0.04673884063959122,-13.303220645077294,0.8032969236373901,0.9857597947120667,9.774208851988078,0.00019602750882594157
803,0.0723465159535408,-11.405823786866275,0.07802925258874893,-11.077425529935041,0.8690938353538513,0.9778400659561157,11.43878534999385,0.00019580377281009986
804,0.04852455481886864,-13.140384402808953,0.06113846227526665,-12.136854886280918,0.8642523884773254,0.9799563884735107,9.777570513993851,0.00019557992501170228
805,0.05720968917012215,-12.425304118154049,0.0647393986582756,-11.88831338918173,0.7349616885185242,0.9905043244361877,9.29862021500594,0.000195355965983071
806,0.08147026598453522,-10.890008657948973,0.06737185269594193,-11.715215095718412,0.6925442218780518,0.9931522607803345,8.692391958989901,0.0001951318962768026
807,0.04626227915287018,-13.347729751199491,0.0549638606607914,-12.5992277003099,0.74553382396698,0.9808713793754578,8.646854914011783,0.00019490771644576686
808,0.04939768463373184,-13.062934068238274,0.06504376232624054,-11.867943457857248,0.8065881729125977,0.9878036379814148,8.48509731599188,0.00019468342704310527
809,0.05422710254788399,-12.657836000758586,0.04596683010458946,-13.375554443705832,0.7241074442863464,0.9873810410499573,8.829722861992195,0.0001944590286222296
810,0.06068108603358269,-12.169466550671519,0.07065369188785553,-11.508651399008237,0.7369978427886963,0.9882484674453735,9.267500059999293,0.00019423452173682063
811,0.06526810675859451,-11.85298984757464,0.04394178092479706,-13.571223454452639,0.8077224493026733,0.9921293258666992,10.056040213996312,0.0001940099069408268
812,0.0682845488190651,-11.656775557815065,0.05529722943902016,-12.572966276293613,0.8653293251991272,0.9886055588722229,10.030932406007196,0.0001937851847884628
813,0.05598540976643562,-12.519251387631869,0.056662674993276596,-12.467029266770222,0.8001439571380615,0.9858700037002563,9.738998633998563,0.0001935603558342081
814,0.05294928699731827,-12.76139883616568,0.07439633458852768,-11.284484610503043,0.7241945266723633,0.9856417179107666,9.034114840003895,0.00019333542063280595
815,0.06463983654975891,-11.89499750395494,0.07984679192304611,-10.977425282126973,0.704088568687439,0.9864692091941833,10.949581434993888,0.00019311037973926155
816,0.029259460046887398,-15.337336925779905,0.03534191474318504,-14.517099251091832,0.7805446982383728,0.987549364566803,10.875855977996252,0.00019288523370884094
817,0.04759448766708374,-13.224433437913106,0.05654819682240486,-12.475812390520664,0.8298537135124207,0.9876792430877686,11.510986791996402,0.00019265998309706946
818,0.052985262125730515,-12.758449127976077,0.07721465080976486,-11.12300288231718,0.79081130027771,0.9853073954582214,10.76764859900868,0.00019243462845973077
819,0.07760687917470932,-11.100997806021875,0.0844544842839241,-10.73377285720046,0.726990818977356,0.986786425113678,10.940685983005096,0.00019220917035286491
820,0.0772014781832695,-11.123743841056427,0.06230497360229492,-12.05477283641783,0.7424802184104919,0.9892361164093018,11.271856969993678,0.0001919836093327674
821,0.1018848642706871,-9.91890328766114,0.09440629929304123,-10.249990262806591,0.7062263488769531,0.9837861061096191,10.747202398997615,0.00019175794595598761
822,0.05401986464858055,-12.674465083013619,0.06647656112909317,-11.773314549407504,0.7858414649963379,0.9802725315093994,11.400065067005926,0.00019153218077932752
823,0.05031003803014755,-12.983453543754786,0.055181849747896194,-12.582037456423702,0.8691658973693848,0.9824556708335876,12.016496545998962,0.00019130631435984024
824,0.0453781858086586,-13.431528709148093,0.052734751254320145,-12.7790309817338,0.9917095899581909,0.9779475331306458,12.018526903993916,0.0001910803472548287
825,0.048167672008275986,-13.172443430556529,0.05371769145131111,-12.698826596493687,0.842552661895752,0.9837279319763184,10.9020330140047,0.0001908542800218443
826,0.04210193455219269,-13.756979481910838,0.05150504410266876,-12.881502366070148,0.7688288688659668,0.9833865761756897,10.579918565010303,0.00019062811321868546
827,0.030354440212249756,-15.177777718352871,0.03979139029979706,-14.002108864526086,0.8172286152839661,0.9916497468948364,10.774685866010259,0.00019040184740339627
828,0.06803474575281143,-11.672692338342756,0.0644000843167305,-11.911135640268164,0.746971070766449,0.9897961020469666,10.914200045997859,0.0001901754831342651
829,0.08558271825313568,-10.676139236942966,0.06133083626627922,-12.123211135158552,0.7429935336112976,0.9913058280944824,10.859875643000123,0.00018994902096982336
830,0.05680442973971367,-12.456177956809775,0.06479741632938385,-11.884423104230377,0.7453683614730835,0.9891422390937805,11.081136592998519,0.0001897224614688439
831,0.07714265584945679,-11.127054134173058,0.06922578066587448,-11.597321379673053,0.7594197392463684,0.9839947819709778,10.970843163013342,0.00018949580519033967
832,0.05225535109639168,-12.81869229942734,0.05569863319396973,-12.541554619746666,0.7998498678207397,0.9828983545303345,10.9984022849967,0.00018926905269356264
833,0.058523405343294144,-12.326704112000499,0.05216125771403313,-12.826519454181337,0.797667384147644,0.9871782064437866,11.18383368999639,0.00018904220453800204
834,0.042874593287706375,-13.677999866764809,0.041910260915756226,-13.776796354115689,0.8452531099319458,0.988876461982727,11.519723240999156,0.0001888152612833831
835,0.04557303339242935,-13.412920633160926,0.045468080788850784,-13.422933770015833,0.8087309002876282,0.9855994582176208,11.985577639003168,0.00018858822348966572
836,0.04489357769489288,-13.478157830663744,0.047389231622219086,-13.243203329655346,0.8398699164390564,0.9857581257820129,11.610691312002018,0.00018836109171704312
837,0.06307733803987503,-12.001266428408,0.0749531015753746,-11.252103912395206,0.7474290728569031,0.9837862849235535,11.910006498990697,0.00018813386652594038
838,0.029858803376555443,-15.249276010630343,0.03268439322710037,-14.856595731161086,0.7738438248634338,0.9873387217521667,11.78289597001276,0.00018790654847701307
839,0.0460345521569252,-13.369160774780205,0.05250886455178261,-12.797673727583161,0.766811728477478,0.9886622428894043,12.250210725993384,0.00018767913813114585
840,0.0319545678794384,-14.954670510119996,0.03943531960248947,-14.041146350847061,0.7497101426124573,0.9908772110939026,12.083412596010021,0.0001874516360494512
841,0.0595439150929451,-12.251626132936506,0.06286812573671341,-12.015694869044975,0.758606493473053,0.9893972873687744,11.364795386005426,0.00018722404279326784
842,0.07968971878290176,-10.985977057486618,0.07829003036022186,-11.062935385139227,0.7893142700195312,0.9808805584907532,10.331536785000935,0.0001869963589241595
843,0.07905302196741104,-11.020815235923669,0.07884065806865692,-11.032497593947765,0.6358837485313416,0.9905784130096436,10.296715454998775,0.0001867685850039135
844,0.05529395863413811,-12.573223167016428,0.06085215508937836,-12.157240365417913,0.6718840599060059,0.9914394021034241,9.482138541003224,0.00018654072159453937
845,0.08011440187692642,-10.96289405340353,0.07003552466630936,-11.546816135079258,0.7683534622192383,0.9869329333305359,9.421661735003,0.0001863127692582674
846,0.05071074515581131,-12.94900007769744,0.06196453049778938,-12.078568365762614,0.7213456630706787,0.9862803220748901,9.015442553005414,0.00018608472855754732
847,0.04368693754076958,-13.596483983054535,0.04464074596762657,-13.502685567373387,0.7741001844406128,0.9838383197784424,9.310442098998465,0.00018585660005504691
848,0.05623908340930939,-12.499617661014735,0.07039369642734528,-11.524662290532714,0.9390645027160645,0.9632929563522339,9.223524909000844,0.00018562838431365056
849,0.05536546930670738,-12.567610144177884,0.058678850531578064,-12.315184021949436,1.0401363372802734,0.9602236151695251,9.494191956007853,0.00018540008189645794
850,0.0466340035200119,-13.312972988400036,0.041058387607336044,-13.865981096793053,0.8221231698989868,0.9862509369850159,9.558467940994888,0.0001851716933667825
851,0.046074528247117996,-13.365391027781897,0.047841109335422516,-13.201987585116795,0.6904021501541138,0.9949065446853638,9.313068256000406,0.00018494321928815035
852,0.052836399525403976,-12.770667845300851,0.06929950416088104,-11.592698727551392,0.7857524752616882,0.9839538931846619,9.380903135010158,0.0001847146602242985
853,0.05395548418164253,-12.679644058613022,0.04677778109908104,-13.29960382758713,0.6903162002563477,0.9885378479957581,9.730159540995373,0.0001844860167391737
854,0.07247839868068695,-11.39791410411121,0.06802765280008316,-11.673145135039832,0.7496076226234436,0.9840503931045532,8.77409464000084,0.00018425728939693107
855,0.057230282574892044,-12.423741097469026,0.05897919088602066,-12.293011896633741,0.6602849960327148,0.9909823536872864,8.755768991992227,0.00018402847876193253
856,0.04186664894223213,-13.781317991685993,0.05604011192917824,-12.515010059592427,0.7390503287315369,0.9884828329086304,8.59984558299766,0.00018379958539874563
857,0.09723049402236938,-10.121975076135683,0.08241824805736542,-10.839766213895807,0.7900647521018982,0.9838639497756958,8.59561040000699,0.00018357060987214197
858,0.05969206616282463,-12.240833883052142,0.0688662901520729,-11.61993311953628,0.8540526628494263,0.9803035855293274,8.54245915399224,0.00018334155274709596
859,0.03562683239579201,-14.482227893174722,0.046435777097940445,-13.331472821724189,0.8945810198783875,0.9877987504005432,8.723171259000083,0.00018311241458878318
860,0.049064017832279205,-13.092368904676908,0.06031892076134682,-12.195464375486026,0.7255167365074158,0.9896978735923767,9.50825770899246,0.0001828831959625793
861,0.07230444997549057,-11.408349732343446,0.06877420097589493,-11.625744465702851,0.7438544631004333,0.9837960600852966,9.319213424008922,0.00018265389743405848
862,0.06099884957075119,-12.146783556343424,0.0679931491613388,-11.67534843630219,0.7604122757911682,0.9882218241691589,9.15861188499548,0.00018242451956899212
863,0.049963321536779404,-13.01348697648207,0.05686638131737709,-12.45144407117323,0.7167913913726807,0.9913564324378967,9.685482906003017,0.00018219506293334724
864,0.05963999405503273,-12.244624085026164,0.08356622606515884,-10.779692105604932,0.7590980529785156,0.9867031574249268,11.285123778012348,0.00018196552809328522
865,0.0436394140124321,-13.601210897161785,0.04674459621310234,-13.302685873591923,0.7556636333465576,0.9932367205619812,10.575804913998581,0.00018173591561516058
866,0.05037415400147438,-12.977922344516733,0.051291968673467636,-12.899506316410147,0.706282913684845,0.989688515663147,10.699977890995797,0.00018150622606551926
867,0.0619317926466465,-12.080863489309554,0.05812777951359749,-12.356162668075246,0.7451509833335876,0.9859999418258667,10.926983887009555,0.00018127646001109732
868,0.06708091497421265,-11.7340102230364,0.06801699846982956,-11.673825370066158,0.8670536279678345,0.9815131425857544,10.56973527900118,0.0001810466180188197
869,0.07773583382368088,-11.093787386653382,0.07563183456659317,-11.212953649890668,0.8066503405570984,0.9869433045387268,10.982644759002142,0.00018081670065579864
870,0.05492367595434189,-12.602404038151867,0.06192745268344879,-12.081167838341253,0.7547835111618042,0.9868817329406738,11.297010886002681,0.00018058670848933246
871,0.07978856563568115,-10.980593421919075,0.08181851357221603,-10.871484147522617,0.7204301953315735,0.9899939894676208,10.8929674619867,0.00018035664208690392
872,0.03827390447258949,-14.17097231403941,0.040216442197561264,-13.95596352483103,0.6756780743598938,0.9917540550231934,11.593782626994653,0.00018012650201617897
873,0.04013076797127724,-13.965225292038404,0.03996198996901512,-13.983528935321804,0.6644735932350159,0.9941092729568481,12.370780265991925,0.00017989628884500534
874,0.06350064277648926,-11.972218785930036,0.05570649355649948,-12.540941773250712,0.7156776189804077,0.9927698373794556,11.120454873002018,0.00017966600314141124
875,0.06290744990110397,-12.012979195819886,0.05734910070896149,-12.41473387871929,0.7444342374801636,0.9878402948379517,10.913210593993426,0.00017943564547360366
876,0.04945293813943863,-13.05807900623468,0.06610871851444244,-11.797412613395057,0.7426812052726746,0.9890966415405273,11.829395136999665,0.0001792052164099673
877,0.07516221702098846,-11.24000418217394,0.08417513221502304,-10.748161927819393,0.7037075757980347,0.9909590482711792,11.472292862003087,0.00017897471651906298
878,0.045667506754398346,-13.403926983104533,0.0496327243745327,-13.042318854154702,0.7226609587669373,0.9890800714492798,12.870566408004379,0.00017874414636962624
879,0.08757797628641129,-10.576050945100112,0.07797876745462418,-11.080236336190708,0.6955057382583618,0.9844152331352234,11.11839022199274,0.0001785135065305659
880,0.043294697999954224,-13.635652853998984,0.044257957488298416,-13.540086326951453,0.687208354473114,0.9890727400779724,11.64441219199216,0.00017828279757096298
881,0.051069047302007675,-12.918422438657435,0.047180041670799255,-13.262416798594002,0.7282049655914307,0.9901113510131836,11.284752564009978,0.00017805202006006892
882,0.07622084766626358,-11.179262256613589,0.06097652018070221,-12.148373636539201,0.7326899766921997,0.9876935482025146,11.629475758993067,0.00017782117456730418
883,0.05980915576219559,-12.232323278332245,0.0645347386598587,-11.902064443194337,0.7101066708564758,0.9902352690696716,11.757266870001331,0.0001775902616622571
884,0.029765242710709572,-15.262905717742,0.03974958509206772,-14.006674001579917,0.7528054714202881,0.9938290119171143,10.833066226012306,0.00017735928191468236
885,0.061896298080682755,-12.083353246595967,0.06478817760944366,-11.885042359037126,0.7471655011177063,0.9890744686126709,10.074815512009081,0.00017712823589449944
886,0.04722176492214203,-13.258577851086809,0.0649452954530716,-11.87452303133471,0.7141144275665283,0.9889053702354431,10.869157250999706,0.00017689712417179153
887,0.08503537625074387,-10.704003623481901,0.06679639965295792,-11.752469454968764,0.7383770942687988,0.9886360764503479,10.026212145996396,0.0001766659473168038
888,0.06765086948871613,-11.697266172162607,0.07454471290111542,-11.275831535371077,0.7782049775123596,0.9804287552833557,10.905987949998234,0.00017643470589994215
889,0.04683571681380272,-13.294228285601935,0.055586639791727066,-12.550295782295397,0.9205628037452698,0.9749823212623596,10.884027057996718,0.0001762034004917718
890,0.08367396891117096,-10.774096306106218,0.07756918668746948,-11.103107621017925,0.8356223106384277,0.9788878560066223,11.469659018999664,0.00017597203166301578
891,0.03291065990924835,-14.82663409334127,0.04390290379524231,-13.575067539952776,0.7632814049720764,0.9883329272270203,10.450160355001572,0.00017574059998455373
892,0.04685644060373306,-13.292307051636246,0.03881077095866203,-14.110477300968467,0.7965654134750366,0.989582896232605,11.194315047992859,0.00017550910602742034
893,0.0659213587641716,-11.809738495795298,0.05956711247563362,-12.24993451871252,0.8074299097061157,0.9861072301864624,10.23590519699792,0.00017527755036280394
894,0.07461394369602203,-11.27180004902623,0.05338013917207718,-12.72620298251384,0.9273147583007812,0.9865387082099915,9.06408331100829,0.00017504593356204505
895,0.049371544271707535,-13.065232884453152,0.0612124428153038,-12.13160288684574,0.9128811359405518,0.9798974394798279,8.961623652008711,0.00017481425619663517
896,0.07243383675813675,-11.40058509978217,0.06481147557497025,-11.88348090764,0.896828293800354,0.9786479473114014,8.870387663002475,0.00017458251883821512
897,0.06558192521333694,-11.832158383880545,0.06508077681064606,-11.865472719152965,0.8478414416313171,0.9812813401222229,8.870258353999816,0.00017435072205857372
898,0.03722909092903137,-14.291175683717558,0.0381128266453743,-14.18928840485271,0.7888392210006714,0.986501157283783,8.781324854004197,0.00017411886642964669
899,0.03641849756240845,-14.386779748887184,0.03493930399417877,-14.566857505855978,0.8301649689674377,0.9913219213485718,8.673746900996775,0.0001738869525235146
900,0.06516774743795395,-11.859672903860112,0.0656789094209671,-11.825740671546631,0.7762856483459473,0.9859520196914673,8.673743766004918,0.00017365498091240195
901,0.06422840058803558,-11.92272892620878,0.06278042495250702,-12.021757489364136,0.7816336154937744,0.9848846197128296,8.798313082006644,0.00017342295216867567
902,0.04510166868567467,-13.45807389651789,0.05712863430380821,-12.431461578924543,0.7912660241127014,0.9824956655502319,8.709159113001078,0.00017319086686484365
903,0.06583292037248611,-11.815568790115439,0.08002318441867828,-10.967841704229413,0.6161928772926331,0.9940521717071533,8.606239584012656,0.00017295872557355327
904,0.05178487300872803,-12.857970844214632,0.056312091648578644,-12.493983409772424,0.5212429165840149,0.996905505657196,8.899077259993646,0.0001727265288675901
905,0.06149211525917053,-12.111805674526767,0.07028452306985855,-11.5314029780982,0.8959077596664429,0.9773072600364685,8.968822925002314,0.00017249427731987638
906,0.06264828890562057,-12.030907862589915,0.05437390133738518,-12.646095051636927,0.9173229336738586,0.9850513935089111,8.569297405003454,0.0001722619715034698
907,0.03694271296262741,-14.324712144217859,0.028139008209109306,-15.506912138119839,0.8971285223960876,0.988914430141449,8.51900584201212,0.0001720296119915618
908,0.09898035228252411,-10.044510048134224,0.06392598152160645,-11.943225950719931,0.8182947039604187,0.9862667322158813,9.028122941002948,0.00017179719935747642
909,0.04991064593195915,-13.018068095507363,0.05901700258255005,-12.290228516724067,0.9107826352119446,0.97697913646698,8.491079087005346,0.00017156473417466868
910,0.054236993193626404,-12.657043950107933,0.05915427207946777,-12.28013885457419,1.0255801677703857,0.9759269952774048,8.628573135996703,0.0001713322170167234
911,0.043778952211141586,-13.587346368733987,0.08308597654104233,-10.80472271334399,0.8905428051948547,0.9802544116973877,8.71722044699709,0.00017109964845735348
912,0.043687015771865845,-13.59647620606102,0.059605102986097336,-12.247165573022656,0.8559425473213196,0.9837766289710999,8.653392983993399,0.0001708670290703987
913,0.039414700120687485,-14.043417733251694,0.052956219762563705,-12.760830242182841,0.8723158240318298,0.9811970591545105,8.509946521007805,0.00017063435942982438
914,0.07340741157531738,-11.342600893455366,0.07002387940883636,-11.54753832451107,0.8007850050926208,0.9801267981529236,8.696515484989504,0.0001704016401097197
915,0.05798191577196121,-12.3670743927629,0.06467296183109283,-11.892772491830943,0.7850301265716553,0.9853362441062927,9.123831410994171,0.00017016887168429633
916,0.048361796885728836,-13.154975712626044,0.0550580658018589,-12.591790494973555,0.6665874719619751,0.9915046095848083,9.13670013200317,0.00016993605472788732
917,0.06131211295723915,-12.124537168153287,0.059431370347738266,-12.259842558088604,0.573658287525177,0.9917095899581909,8.674550847994396,0.0001697031898149454
918,0.03362150117754936,-14.73382899492459,0.0432560108602047,-13.639535343848852,0.5990715026855469,0.9861263632774353,8.602448507008376,0.00016947027752004147
919,0.06280256062746048,-12.020226485535792,0.048575617372989655,-13.135816710078894,0.5260970592498779,0.9945438504219055,8.639070874996833,0.00016923731841786356
920,0.034753791987895966,-14.58997802584478,0.05260855704545975,-12.78943609918375,0.9292181730270386,0.9745897054672241,8.587416840993683,0.0001690043130832151
921,0.05063795670866966,-12.955238268378313,0.05172818899154663,-12.86272726004438,0.5552427172660828,0.9954387545585632,8.591894659009995,0.00016877126209101354
922,0.06292399764060974,-12.011836938913994,0.06308425962924957,-12.00078989543285,0.6147943139076233,0.9918578267097473,8.57226229000662,0.0001685381660162891
923,0.028680162504315376,-15.424183922315107,0.030828438699245453,-15.110484694686884,0.631053626537323,0.9954593777656555,8.59790680099104,0.0001683050254341831
924,0.0458415262401104,-13.387409314626133,0.060620516538619995,-12.173803673852408,0.6195619702339172,0.9961154460906982,8.681438580009853,0.0001680718409199468
925,0.05289236828684807,-12.766069867470014,0.08714419603347778,-10.597615324109809,0.7520540356636047,0.9826691150665283,9.188693844000227,0.0001678386130489398
926,0.05811869353055954,-12.356841569069086,0.06513235718011856,-11.862032041500685,0.7625580430030823,0.9865198135375977,9.221286308995332,0.0001676053423966287
927,0.07190124690532684,-11.432635780476927,0.0709156021475792,-11.492582051329713,0.609979510307312,0.9942737221717834,9.611082971998258,0.00016737202953858555
928,0.05036483332514763,-12.97872598934486,0.05139152705669403,-12.891084774135457,0.6020606756210327,0.9927470684051514,9.969891830012784,0.0001671386750504868
929,0.0471305288374424,-13.26697687116477,0.04762618616223335,-13.221541947760237,0.6705999970436096,0.9903839826583862,9.669419433994335,0.00016690527950811133
930,0.0631411075592041,-11.996878044034734,0.07912320643663406,-11.016961214367287,0.704014241695404,0.9866335988044739,9.378214331998606,0.00016667184348733948
931,0.05908772721886635,-12.285027146210052,0.04618043079972267,-13.355420200220475,0.7677814960479736,0.9893863797187805,9.123291494994191,0.0001664383675641514
932,0.08416809886693954,-10.748524822631865,0.08821889758110046,-10.54438373637661,0.7852070927619934,0.9824784398078918,9.695621003003907,0.00016620485231462581
933,0.05512477457523346,-12.586531734968592,0.06566993147134781,-11.826334369055951,0.736355185508728,0.9825173616409302,9.24596232600743,0.00016597129831493824
934,0.04523186758160591,-13.445554802603688,0.04946611076593399,-13.056922343469296,0.7367960214614868,0.9870786666870117,9.20257273799507,0.00016573770614136004
935,0.0584382489323616,-12.33302805913169,0.06587255746126175,-11.812954750101834,0.6524592041969299,0.9932542443275452,9.214341090002563,0.00016550407637025668
936,0.0541129931807518,-12.666984430334907,0.06546802073717117,-11.839707886867409,0.6137893199920654,0.9934456944465637,9.177980060005211,0.00016527040957808642
937,0.05754967778921127,-12.399571035602534,0.057351596653461456,-12.414544869419684,0.6699751019477844,0.9907348155975342,9.276003881997894,0.0001650367063413988
938,0.04730353504419327,-13.251064027451946,0.04229705408215523,-13.736898794330578,0.734244167804718,0.9925917983055115,8.837720651004929,0.0001648029672368333
939,0.06773959845304489,-11.691573820892245,0.08273418247699738,-10.823150201401573,0.7210126519203186,0.9818617701530457,9.294351842007018,0.00016456919284111795
940,0.06744424998760223,-11.71055070523851,0.07326304912567139,-11.351150104417256,0.7657262682914734,0.9873411059379578,8.740734678009176,0.00016433538373106788
941,0.0664004236459732,-11.77829149744094,0.06528414040803909,-11.851923098335991,0.729115903377533,0.9874008297920227,8.570745712000644,0.00016410154048358377
942,0.06914525479078293,-11.602376187138328,0.06590409576892853,-11.810875942830013,0.7585485577583313,0.9892112016677856,8.54632051900262,0.00016386766367565062
943,0.04161173477768898,-13.807841782443722,0.038645945489406586,-14.128960630266183,0.7978063225746155,0.9933092594146729,8.464519607005059,0.00016363375388433622
944,0.0675177201628685,-11.705822307332278,0.06001722067594528,-12.217241200843423,0.7378395199775696,0.9914481043815613,8.50162497299607,0.00016339981168678967
945,0.043285220861434937,-13.636603621575027,0.05784507840871811,-12.377335858985285,0.6422185301780701,0.9926084280014038,8.416708421005751,0.00016316583766024003
946,0.07390236854553223,-11.313416423872445,0.06489183008670807,-11.87809977639899,0.7277945280075073,0.9926463961601257,8.415223435004009,0.00016293183238199515
947,0.11774731427431107,-9.290489900055587,0.0841159000992775,-10.751219034514609,0.671544075012207,0.9882757067680359,8.6734552810085,0.00016269779642943968
948,0.07334410399198532,-11.346347926077502,0.07084968686103821,-11.496620648856727,0.7728583812713623,0.9809276461601257,8.469621690004715,0.00016246373038003402
949,0.04550857096910477,-13.419068017061322,0.05760250613093376,-12.395586211671919,0.7516779899597168,0.9823108315467834,8.605788130007568,0.00016222963481131293
950,0.06026165932416916,-12.199589140525873,0.058363910764455795,-12.33855615220097,0.7731196880340576,0.9887844920158386,8.573757113990723,0.00016199551030088397
951,0.08456414937973022,-10.728137152826749,0.05831283703446388,-12.342358287749054,0.855495035648346,0.9901735782623291,8.590017081995029,0.00016176135742642606
952,0.02300678752362728,-16.381440183468868,0.03301373869180679,-14.81305290522364,0.8131903409957886,0.9845267534255981,8.34722258200054,0.00016152717676568815
953,0.06929218769073486,-11.593157269123681,0.06539987772703171,-11.84423063634307,0.8808301091194153,0.9895579218864441,8.50635997900099,0.0001612929688964878
954,0.06800934672355652,-11.674313968239112,0.07028353959321976,-11.531463748442361,0.8044898509979248,0.9839068055152893,8.416860483004712,0.00016105873439670957
955,0.06943115592002869,-11.584456043539117,0.06609276682138443,-11.798460670047072,0.8338445425033569,0.9815695881843567,8.376102225010982,0.00016082447384430386
956,0.055867329239845276,-12.528420897582818,0.05601658299565315,-12.516833866041805,0.8677202463150024,0.9851080775260925,8.478314102991135,0.0001605901878172852
957,0.049870025366544724,-13.021604108676229,0.05221947282552719,-12.82167516842563,0.7977300882339478,0.9804860353469849,8.412413911006297,0.00016035587689373112
958,0.06061822175979614,-12.173968078364442,0.06613360345363617,-11.795778130312653,0.7948408126831055,0.9827154278755188,8.470069991992204,0.0001601215416517806
959,0.029035286977887154,-15.370738771308744,0.036073267459869385,-14.428145181763352,0.8433675169944763,0.9874691963195801,8.41585771300015,0.0001598871826696325
960,0.049071501940488815,-13.09170649275691,0.07097502797842026,-11.488944275966746,0.806725263595581,0.9843621850013733,8.616153110997402,0.0001596528005255443
961,0.05706058442592621,-12.436637845175454,0.04645656794309616,-13.329528775748855,0.8527088761329651,0.9841609001159668,8.34931566301384,0.0001594183957978307
962,0.06287632882595062,-12.015128234689978,0.07090629637241364,-11.493151984020242,0.918594479560852,0.9789438843727112,8.352964288991643,0.00015918396906486196
963,0.057073406875133514,-12.435662023880663,0.06465268135070801,-11.894134588407749,0.9391453862190247,0.9792214632034302,8.37694061100774,0.0001589495209050628
964,0.07822538912296295,-11.066522678242164,0.0712718665599823,-11.470818671814433,0.8458300828933716,0.9751601815223694,8.401432982995175,0.00015871505189691076
965,0.04535086825489998,-13.434143938268942,0.04748334735631943,-13.234586728772896,0.8893102407455444,0.9789524674415588,8.423181664009462,0.00015848056261893483
966,0.058082349598407745,-12.359558234818994,0.056554701179265976,-12.475312879660008,0.8498080372810364,0.9837037920951843,8.342835748000653,0.00015824605364971397
967,0.06663106381893158,-11.763232528066377,0.06985996663570404,-11.557716261060271,0.814917266368866,0.984475314617157,8.476915930004907,0.00015801152556787568
968,0.06784515827894211,-11.684811400061932,0.06040981411933899,-12.188925005829862,0.8088766932487488,0.9850292205810547,8.326405749001424,0.0001577769789520948
969,0.04250194877386093,-13.715911564728582,0.050492823123931885,-12.967703466088627,0.8281808495521545,0.9823896884918213,8.40060868501314,0.00015754241438109169
970,0.06762823462486267,-11.698719492928763,0.06424490362405777,-11.921613180402701,0.8365001678466797,0.9826629161834717,8.408453183001257,0.0001573078324336312
971,0.060843318700790405,-12.157871053592395,0.0667191743850708,-11.757493364978973,0.8398627042770386,0.9853423237800598,8.321517424003105,0.0001570732336885209
972,0.06269682943820953,-12.02754420762129,0.06096722558140755,-12.14903567839591,0.7923092246055603,0.9861488938331604,8.36817807299667,0.00015683861872460995
973,0.04256315901875496,-13.709661463630562,0.05517322197556496,-12.582716536028041,0.6425808668136597,0.9829282164573669,8.3438004990021,0.00015660398812078737
974,0.05596192553639412,-12.521073507227769,0.04398553818464279,-13.566900898447283,0.7734933495521545,0.9865604043006897,8.804705043992726,0.00015636934245598087
975,0.03222055360674858,-14.918670018831312,0.04381716623902321,-13.583557127204482,0.8373454809188843,0.9884418249130249,8.54547764500603,0.0001561346823091553
976,0.06547099351882935,-11.83951068625801,0.06653300672769547,-11.76962849676228,0.8276327252388,0.9887252449989319,8.438525235003908,0.00015590000825931128
977,0.04000544920563698,-13.978808486923032,0.0389711819589138,-14.092564222575001,0.8006635904312134,0.98861163854599,8.354257411003346,0.00015566532088548372
978,0.06878086924552917,-11.625323399041543,0.08460185676813126,-10.726201053328573,0.7589407563209534,0.9859692454338074,8.36177238500386,0.00015543062076674028
979,0.06851814687252045,-11.641943913791408,0.07364431768655777,-11.328607572007376,0.767126739025116,0.9852368235588074,8.401457332001883,0.00015519590848218025
980,0.06677287817001343,-11.75399903580066,0.07218116521835327,-11.415761114113032,0.7820377349853516,0.9866353869438171,8.457898571999976,0.0001549611846109329
981,0.06995459645986557,-11.551837443314577,0.07341662794351578,-11.342055666955664,0.7461403012275696,0.9868803024291992,8.502939885991509,0.00015472644973215592
982,0.054221026599407196,-12.658322639102513,0.057988643646240234,-12.366570492688226,0.7486074566841125,0.9848670959472656,8.36108513599902,0.00015449170442503443
983,0.07420521974563599,-11.29565544486072,0.08248477429151535,-10.836262096439542,0.7532268762588501,0.9836205244064331,8.588024059994495,0.00015425694926877906
984,0.05128976330161095,-12.899693051574312,0.06364645808935165,-11.96225759718354,0.7457015514373779,0.9856104850769043,8.94932156401046,0.00015402218484262485
985,0.09204849600791931,-10.359833030900402,0.08811983466148376,-10.549263263787179,0.7518916130065918,0.9868170619010925,8.502125797007466,0.00015378741172582963
986,0.07251404225826263,-11.395778846677407,0.06776082515716553,-11.690213140194983,0.7388639450073242,0.9864686727523804,8.302624775998993,0.00015355263049767278
987,0.050766993314027786,-12.944185570082219,0.06518102437257767,-11.858788185211303,0.7286370992660522,0.9845647215843201,8.287183533000643,0.00015331784173745362
988,0.04990050569176674,-13.018950532049605,0.053533606231212616,-12.713734998633894,0.7054276466369629,0.9822821021080017,8.413593525998294,0.00015308304602449008
989,0.049521297216415405,-13.052079874332849,0.0529450885951519,-12.761743206276819,0.7323267459869385,0.9863762855529785,8.334967463000794,0.0001528482439381173
990,0.06763133406639099,-11.698520457789739,0.06566635519266129,-11.826570885275363,0.7464798092842102,0.9875051975250244,8.434665299995686,0.000152613436057686
991,0.05014535039663315,-12.997693296478541,0.06499604135751724,-11.871130936418508,0.7829446196556091,0.984891414642334,8.524411906997557,0.0001523786229625613
992,0.06241450086236,-12.04714498245263,0.08011244237422943,-10.96300027795193,0.7675994038581848,0.9851007461547852,8.497431084004347,0.00015214380523212123
993,0.07036546617746353,-11.52640430741939,0.05704205483198166,-12.438048382306752,0.7136327028274536,0.9870632290840149,8.421342375004315,0.0001519089834457551
994,0.047800462692976,-13.20567899528717,0.07613807916641235,-11.183980838851424,0.6409337520599365,0.9858546853065491,8.356808084994555,0.00015167415818286242
995,0.05027797445654869,-12.986222270009772,0.06598541885614395,-11.805520221777464,0.6600720286369324,0.9873414635658264,8.557356902005267,0.00015143933002285115
996,0.051743533462285995,-12.861439174979104,0.03817753121256828,-14.181921591008205,0.7032344937324524,0.9887533187866211,8.45017799899506,0.00015120449954513637
997,0.0374898687005043,-14.260860805790365,0.047427255660295486,-13.239720047100917,0.7305325269699097,0.9730764627456665,8.576543709001271,0.00015096966732913906
998,0.03566568344831467,-14.477494493266825,0.04621100053191185,-13.35254628295437,0.5777769684791565,0.9915313124656677,8.455459543998586,0.00015073483395428432
999,0.04703879728913307,-13.2754379103345,0.04753101244568825,-13.230229348041911,0.7396665215492249,0.9811622500419617,8.403919924996444,0.00015050000000000008
1000,0.05049101635813713,-12.967858870838306,0.0656333789229393,-11.828752369095017,0.6993624567985535,0.9891782402992249,31.41584888000216,0.00015026516604571584
1001,0.03496863692998886,-14.563212960547052,0.04583980143070221,-13.387572723081792,0.803415060043335,0.9826564192771912,31.63079755799845,0.00015003033267086107
1002,0.024350034072995186,-16.13500426722951,0.037854548543691635,-14.218819288673558,0.7619302272796631,0.990784764289856,32.136561120001716,0.00014979550045486376
1003,0.05258066952228546,-12.791738882103115,0.060835640877485275,-12.15841912473146,0.6860752105712891,0.9923049807548523,31.90059279500565,0.000149560669977149
1004,0.06146382540464401,-12.113804134766262,0.05837617442011833,-12.337643691328035,0.6165884733200073,0.9948940873146057,35.23672356001043,0.00014932584181713774
1005,0.06803704798221588,-11.672545379814604,0.07436234503984451,-11.286469230658188,0.611102819442749,0.9941704869270325,36.45863728300901,0.00014909101655424502
1006,0.048808787018060684,-13.115019851620481,0.05154702067375183,-12.87796431096411,0.6199531555175781,0.9926601648330688,36.735947678011144,0.00014885619476787893
1007,0.04490029811859131,-13.477507754496028,0.03951429948210716,-14.032457129103253,0.6971473097801208,0.9880889058113098,36.441233256002306,0.00014862137703743883
1008,0.04711776226758957,-13.268153433797089,0.04597899690270424,-13.374405077065411,0.7025091648101807,0.9962190389633179,37.344736416998785,0.00014838656394231418
1009,0.05816228315234184,-12.353585536374016,0.05335300788283348,-12.728410913186579,0.6763797998428345,0.991306722164154,37.224316374005866,0.0001481517560618829
1010,0.052999768406152725,-12.757260281296896,0.05710648000240326,-12.43314608565953,0.6504853963851929,0.9930809140205383,37.44767127200612,0.00014791695397551008
1011,0.044846270233392715,-13.482736704343477,0.06672296673059464,-11.757246517210927,0.6235358119010925,0.9953416585922241,36.760743341001216,0.0001476821582625465
1012,0.10998894274234772,-9.586509725410505,0.08183927088975906,-10.870382484250573,0.6249780654907227,0.9930084347724915,35.99860373100091,0.00014744736950232735
1013,0.05259295925498009,-12.790723919858378,0.04775699973106384,-13.209629649762089,0.6284722089767456,0.9916345477104187,33.31485451300978,0.0001472125882741705
1014,0.03883146867156029,-14.108161833832218,0.033019233494997025,-14.812330126093439,0.6911877393722534,0.9917725324630737,32.699978025993914,0.0001469778151573753
1015,0.05399993434548378,-12.676067681951269,0.07623445242643356,-11.178487147807079,0.7016587257385254,0.981633186340332,31.495270694009378,0.00014674305073122105
1016,0.03660620376467705,-14.364453071497065,0.06298992782831192,-12.00728889242595,0.6530585885047913,0.9897704124450684,32.79325590400549,0.00014650829557496568
1017,0.049527883529663086,-13.051502302770487,0.043927691876888275,-13.572616155607946,0.6489646434783936,0.9947006106376648,31.998214211009326,0.00014627355026784414
1018,0.08092863857746124,-10.918977654623225,0.09395454823970795,-10.270821913161905,0.6743428111076355,0.9883438348770142,34.079167412011884,0.00014603881538906717
1019,0.07875274866819382,-11.037342793030465,0.07278292626142502,-11.379704874406906,0.6953649520874023,0.9904952049255371,36.88821377999557,0.0001458040915178198
1020,0.05053834617137909,-12.963789741288407,0.05700939521193504,-12.440535662065017,0.7145265340805054,0.9909638166427612,39.09366448799847,0.0001455693792332598
1021,0.09567759931087494,-10.191897302900873,0.09080397337675095,-10.418951473128724,0.7156957387924194,0.9824495315551758,38.93890869899769,0.00014533467911451641
1022,0.0654921755194664,-11.838105829283341,0.06317152827978134,-11.994786162846491,0.650970995426178,0.9959449768066406,38.226018421992194,0.0001450999917406888
1023,0.06952700018882751,-11.57846508268772,0.06597728282213211,-11.806055741986645,0.6149770617485046,0.9966909885406494,38.28997853001056,0.00014486531769084476
1024,0.03972768411040306,-14.00906751001854,0.051510799676179886,-12.881017078812008,0.6390440464019775,0.9879611730575562,31.977986742989742,0.00014463065754401924
1025,0.06144602969288826,-12.115061736032624,0.06288447976112366,-12.014565276131954,0.6580700278282166,0.9860109090805054,33.03929632800282,0.00014439601187921273
1026,0.06417449563741684,-11.926375358596852,0.05338172987103462,-12.726073567061334,0.7039790153503418,0.9864331483840942,32.40555868000956,0.00014416138127539016
1027,0.05495459958910942,-12.599959521394055,0.05451853200793266,-12.634558466928905,0.7317734956741333,0.992131233215332,37.058326419006335,0.0001439267663114792
1028,0.06533543765544891,-11.848511953856399,0.05358307063579559,-12.709724022917342,0.7225205302238464,0.9891709685325623,37.5702675430075,0.00014369216756636894
1029,0.05473190173506737,-12.617594614293719,0.0646270290017128,-11.895858087591362,0.7392541170120239,0.9889719486236572,37.96368741200422,0.00014345758561890837
1030,0.0667254850268364,-11.757082606405323,0.06519849598407745,-11.857624225643287,0.7245534062385559,0.9891219139099121,36.88227473500592,0.0001432230210479053
1031,0.06433967500925064,-11.915211371177804,0.069613516330719,-11.573064285162943,0.6758225560188293,0.9876240491867065,36.12016737301019,0.00014298847443212443
1032,0.05946590006351471,-12.257320033325353,0.08006160706281662,-10.965756966198374,0.640712559223175,0.9896817803382874,35.47716483200202,0.0001427539463502862
1033,0.06462220847606659,-11.896182039628497,0.05568922311067581,-12.54228840660531,0.6461763978004456,0.9893330931663513,36.15675421999185,0.00014251943738106528
1034,0.06001520901918411,-12.217386770075528,0.06558027863502502,-11.832267424420264,0.6478043794631958,0.9926009178161621,36.481885444009094,0.00014228494810308935
1035,0.04937262833118439,-13.065137526714777,0.042079340666532516,-13.759310736712303,0.6823415160179138,0.9921455383300781,36.30250565899769,0.0001420504790949373
1036,0.05672803521156311,-12.462022580555841,0.06436120718717575,-11.913758186711041,0.6582604050636292,0.9911829233169556,36.62170004200016,0.00014181603093513812
1037,0.044555094093084335,-13.511026348263135,0.0473765954375267,-13.244361516205686,0.6895270347595215,0.992497980594635,37.03123582700209,0.00014158160420216941
1038,0.07049494981765747,-11.518419942773868,0.051309648901224136,-12.89800957091806,0.709619402885437,0.9926384687423706,36.52680389500165,0.00014134719947445578
1039,0.0581434890627861,-12.354989107203203,0.06528978049755096,-11.85154791472552,0.6895993947982788,0.989604651927948,36.34253333800007,0.0001411128173303676
1040,0.07405928522348404,-11.304204838145317,0.07198391854763031,-11.427645155918837,0.6567106246948242,0.9932080507278442,37.239747912986786,0.00014087845834821947
1041,0.06301917135715485,-12.005273116816449,0.056357841938734055,-12.490456452931497,0.6539318561553955,0.9933133721351624,37.1390521699941,0.00014064412310626893
1042,0.05957736074924469,-12.249187397412008,0.06281282007694244,-12.019517078410288,0.6849471926689148,0.986504852771759,31.68318106100196,0.0001404098121827149
1043,0.0599154531955719,-12.224611513593647,0.054981328547000885,-12.597847702383724,0.6346476674079895,0.9924632906913757,31.704408202000195,0.00014017552615569627
1044,0.04674505069851875,-13.302643648486796,0.04532289505004883,-13.436823568726606,0.6604971289634705,0.9930996298789978,32.14564004300337,0.00013994126560329048
1045,0.04912150278687477,-13.087283551710826,0.05164365470409393,-12.869830312760273,0.6673077940940857,0.9932249188423157,30.846612406996428,0.00013970703110351227
1046,0.04306266829371452,-13.658990634635842,0.05367583408951759,-12.702211981614916,0.675359845161438,0.9917617440223694,31.295716556996922,0.0001394728232343119
1047,0.06323931366205215,-11.990128521169105,0.055131010711193085,-12.58604045563455,0.6401539444923401,0.9915052056312561,31.289852615998825,0.00013923864257357396
1048,0.04144877940416336,-13.824882541464543,0.041011251509189606,-13.870969774651087,0.6774511337280273,0.9908069372177124,32.56790703001025,0.00013900448969911605
1049,0.07342839241027832,-11.34135979820968,0.07644680887460709,-11.166406386576796,0.6507285237312317,0.9881399869918823,31.744172225997318,0.0001387703651886871
1050,0.055484477430582047,-12.55828499917274,0.06006823107600212,-12.213551572120998,0.6714004278182983,0.9923272132873535,32.09473698900547,0.00013853626961996603
1051,0.05200089141726494,-12.8398921146683,0.07094161957502365,-11.490989009373614,0.6404145956039429,0.9924678802490234,30.983246721996693,0.00013830220357056037
1052,0.07227538526058197,-11.410095846585746,0.0684737116098404,-11.644761306047295,0.6321486830711365,0.995012104511261,31.365674176995526,0.00013806816761800485
1053,0.035947516560554504,-14.443311075305514,0.04022526368498802,-13.955011003179518,0.6373456120491028,0.9942935109138489,31.689772727011587,0.00013783416233975994
1054,0.0797489657998085,-10.98274940244629,0.06719791144132614,-11.726442249099932,0.6657957434654236,0.9908289313316345,31.542613053999958,0.0001376001883132104
1055,0.04395388439297676,-13.57002738421267,0.04648452624678612,-13.326915908429452,0.673191487789154,0.9906850457191467,30.828366121000727,0.00013736624611566383
1056,0.05777846649289131,-12.38233989007554,0.06259186565876007,-12.034821033490301,0.6807871460914612,0.9915533661842346,31.117397775000427,0.0001371323363243494
1057,0.0681207925081253,-11.667203081501604,0.08024049550294876,-10.956063981086967,0.6232830286026001,0.9949740171432495,31.18706305300293,0.00013689845951641625
1058,0.08165634423494339,-10.880100673924078,0.06277235597372055,-12.022315710845248,0.6571559906005859,0.9893559813499451,31.328897290994064,0.00013666461626893214
1059,0.04108656570315361,-13.863001585207588,0.048426005989313126,-13.149213485850247,0.677052915096283,0.9897928237915039,31.126553138004965,0.00013643080715888204
1060,0.04197325184941292,-13.770273828022841,0.047025248408317566,-13.276689016253043,0.6483932733535767,0.9954289793968201,32.94373151699256,0.00013619703276316673
1061,0.04383596405386925,-13.581694378582235,0.04620414227247238,-13.353190875203008,0.6407262086868286,0.9928262233734131,31.76446245700936,0.00013596329365860127
1062,0.0538511723279953,-12.688048377611398,0.0555129311978817,-12.556058404056557,0.657090961933136,0.9933628439903259,31.190056810999522,0.00013572959042191363
1063,0.06510348618030548,-11.863957550759508,0.053394898772239685,-12.725002324931356,0.6535323858261108,0.9916056394577026,32.37602532400342,0.00013549592362974334
1064,0.02866934984922409,-15.425821556639667,0.03234788402915001,-14.901541225404063,0.6662619113922119,0.9949540495872498,31.184750339001766,0.00013526229385864
1065,0.03492804244160652,-14.568257539042154,0.03572182357311249,-14.47066378787989,0.6806966662406921,0.9934172630310059,32.1901480450033,0.00013502870168506182
1066,0.03210782632231712,-14.933890948614854,0.03488999977707863,-14.572990333142632,0.6195473670959473,0.9952256083488464,31.486493659991538,0.00013479514768537424
1067,0.06463852524757385,-11.895085607067507,0.05463235080242157,-12.625501116035135,0.6324446201324463,0.9918346405029297,30.874595211993437,0.0001345616324358486
1068,0.06111430749297142,-12.138571050064954,0.0768132358789444,-11.145639391567013,0.6542070508003235,0.9910039305686951,31.787713458994403,0.00013432815651266054
1069,0.05134512111544609,-12.89500817361176,0.06401756405830383,-11.937008552735762,0.6679158210754395,0.9897788763046265,32.003710980003234,0.0001340947204918887
1070,0.035718418657779694,-14.471077766303054,0.04585452750325203,-13.386177772668242,0.6463848948478699,0.9945840239524841,31.375718338997103,0.00013386132494951325
1071,0.03530675545334816,-14.521421904803923,0.03149491548538208,-15.017595527005874,0.6440333724021912,0.9962384104728699,31.079016289993888,0.00013362797046141445
1072,0.028184179216623306,-15.499946082252883,0.03370342776179314,-14.723259275333278,0.6462085843086243,0.9932080507278442,30.992734269006178,0.00013339465760337136
1073,0.07002687454223633,-11.54735256758058,0.07900284975767136,-11.023572427330556,0.6514033675193787,0.9942277669906616,31.853730477989302,0.00013316138695106025
1074,0.05879206210374832,-12.306813068630118,0.050387851893901825,-12.976741558350636,0.6702452898025513,0.9931317567825317,31.425637677006307,0.00013292815908005326
1075,0.04161059111356735,-13.807961146331207,0.04723390191793442,-13.25746176551889,0.6661626696586609,0.9922125935554504,31.021890925010666,0.00013269497456581698
1076,0.07744760811328888,-11.109919904135726,0.08138450980186462,-10.894582480262136,0.637638509273529,0.9891382455825806,31.448536048992537,0.00013246183398371103
1077,0.06489375978708267,-11.87797063136443,0.06602875143289566,-11.80266914910787,0.6490407586097717,0.9939643740653992,30.77906929299934,0.00013222873790898651
1078,0.07814386487007141,-11.071051130668126,0.06325912475585938,-11.988768212077742,0.6412436962127686,0.9921751022338867,35.153513092998764,0.00013199568691678497
1079,0.060448773205280304,-12.186125086187475,0.07296959310770035,-11.368580754430822,0.649577260017395,0.9899222254753113,35.95140449599421,0.00013176268158213652
1080,0.06415198743343353,-11.927898845978985,0.0773913711309433,-11.113074589384153,0.6594245433807373,0.9893954992294312,35.656298989997595,0.00013152972247995858
1081,0.06344546377658844,-11.975994236368553,0.062000520527362823,-12.076046643461545,0.6671289205551147,0.99123215675354,37.5684294100065,0.00013129681018505472
1082,0.04706249386072159,-13.27325063099487,0.06452334672212601,-11.9028311453647,0.6477086544036865,0.991021990776062,35.715555830000085,0.00013106394527211278
1083,0.07324075698852539,-11.35247175639118,0.07786278426647186,-11.086700705590413,0.658790111541748,0.9877284169197083,36.72818448099133,0.00013083112831570377
1084,0.06574597209692001,-11.821308489101568,0.07609535753726959,-11.186418380653434,0.6634019613265991,0.987722635269165,34.97382081800606,0.00013059835989028042
1085,0.04611824080348015,-13.361272673677627,0.05286642536520958,-12.768200540021915,0.6835898756980896,0.9937014579772949,37.067337086002226,0.0001303656405701757
1086,0.05586472526192665,-12.528623327090855,0.07147502899169922,-11.458456598053463,0.6718902587890625,0.9920312762260437,36.793262712002615,0.00013013297092960137
1087,0.055045053362846375,-12.592817029104165,0.05020729452371597,-12.992331804309423,0.6726534962654114,0.9918658137321472,33.20523301100184,0.00012990035154264662
1088,0.051417406648397446,-12.888898317433139,0.06352328509092331,-11.970670505620127,0.6955133676528931,0.9895646572113037,32.37308553500043,0.00012966778298327672
1089,0.0284325759857893,-15.461837915171614,0.03382190689444542,-14.708019103153555,0.709851086139679,0.9915731549263,31.055721689001075,0.0001294352658253314
1090,0.04014145955443382,-13.964068404846364,0.04369743540883064,-13.59544050902397,0.735286295413971,0.9955617189407349,30.96672833499906,0.0001292028006425237
1091,0.05397208780050278,-12.67830781802594,0.061767611652612686,-12.092391910487404,0.6672891974449158,0.9915647506713867,31.34398950000468,0.0001289703880084383
1092,0.04722533002495766,-13.258249984045094,0.04682271555066109,-13.295434023672449,0.6945157647132874,0.994215190410614,31.42168999100977,0.00012873802849653032
1093,0.07404475659132004,-11.30505690196765,0.07090401649475098,-11.493291626655303,0.6891711950302124,0.9911947846412659,32.1381113959942,0.00012850572268012373
1094,0.04092862084507942,-13.879728893402843,0.043206751346588135,-13.644483864278456,0.6892920136451721,0.9926022291183472,31.75812533000135,0.00012827347113241003
1095,0.07517018914222717,-11.239543569807706,0.07749899476766586,-11.107039306453384,0.6827705502510071,0.9902023673057556,31.557396251999307,0.00012804127442644678
1096,0.05614522099494934,-12.506872043787894,0.06051886826753616,-12.181092020851596,0.6758987307548523,0.9875046610832214,30.859401481007808,0.00012780913313515638
1097,0.05926186591386795,-12.27224678475723,0.04596753045916557,-13.375488274729204,0.6915544867515564,0.9892132878303528,31.368844964003074,0.00012757704783132435
1098,0.07351915538311005,-11.33599490932709,0.07235213369131088,-11.405486568444196,0.6949796676635742,0.9928576946258545,31.0762493229995,0.00012734501908759807
1099,0.05481569096446037,-12.610951071306227,0.06680531799793243,-11.751889643857957,0.6633415222167969,0.9912402033805847,31.85774740499619,0.00012711304747648546
1100,0.0500047393143177,-13.009888324449957,0.05035713315010071,-12.979390023945463,0.6763936281204224,0.9910001754760742,30.866518964001443,0.00012688113357035337
1101,0.056049149483442307,-12.514309732031023,0.04906017705798149,-13.092708887509158,0.6581186056137085,0.9940670728683472,31.126358056993922,0.00012664927794142628
1102,0.07222393155097961,-11.413188741914386,0.06430231034755707,-11.9177342282066,0.6507500410079956,0.9902796149253845,32.14799272498931,0.00012641748116178493
1103,0.07653316110372543,-11.161503483197484,0.08046002686023712,-10.94419826777371,0.6561101675033569,0.9905913472175598,32.43312617999618,0.0001261857438033649
1104,0.031374238431453705,-15.034268072988613,0.04704591631889343,-13.27478068234736,0.6347079277038574,0.9913102984428406,31.510580172005575,0.000125954066437955
1105,0.0599818229675293,-12.219803392910286,0.054844968020915985,-12.608632124022023,0.6595115065574646,0.9951345920562744,30.61935719200119,0.00012572244963719611
1106,0.06498285382986069,-11.872012198026788,0.059800539165735245,-12.232949003580382,0.6396417021751404,0.9933977127075195,30.888572194991866,0.00012549089397257969
1107,0.06739629060029984,-11.71364005775046,0.0761994943022728,-11.180479108392301,0.648043155670166,0.9913371801376343,30.970346467001946,0.0001252594000154463
1108,0.04701134189963341,-13.277973520509992,0.0558977834880352,-12.526054128213794,0.6437153220176697,0.9898362755775452,31.7603467440058,0.00012502796833698427
1109,0.036342669278383255,-14.395831779984409,0.03991993889212608,-13.98810132174207,0.6605921983718872,0.9935853481292725,32.62429215799784,0.00012479659950822826
1110,0.07052995264530182,-11.516264077399256,0.07249800115823746,-11.396739671873545,0.6685616970062256,0.9918374419212341,31.03298231199733,0.0001245652941000579
1111,0.0508948378264904,-12.933262651431592,0.04345613345503807,-13.619489179927008,0.6825079321861267,0.9910078644752502,31.699184646990034,0.00012433405268319624
1112,0.07061352580785751,-11.511121031759156,0.051974259316921234,-12.842116910572285,0.6766899824142456,0.9937670230865479,31.71323613000277,0.00012410287582820853
1113,0.05879567936062813,-12.306545871610524,0.0703330934047699,-11.528402809299497,0.6622330546379089,0.9876196980476379,31.712745935990824,0.00012387176410550059
1114,0.04765462875366211,-13.21894909401815,0.05607163533568382,-12.512567774606113,0.6558917760848999,0.9942795634269714,31.74778766100644,0.00012364071808531772
1115,0.05695395916700363,-12.444760804514004,0.04903077706694603,-13.095312237506247,0.6674007177352905,0.9950454831123352,31.849792532986612,0.000123409738337743
1116,0.0709717720746994,-11.489143508498834,0.07290953397750854,-11.37215677669319,0.6710681319236755,0.994278073310852,31.149582270998508,0.00012317882543269593
1117,0.07411666959524155,-11.30084103768554,0.08485139906406403,-10.71340992459707,0.6723829507827759,0.988711953163147,31.22280095498718,0.0001229479799399312
1118,0.06501220166683197,-11.870051261309607,0.06349804997444153,-11.972396116829707,0.6663761138916016,0.9892512559890747,31.458366581995506,0.0001227172024290371
1119,0.061036307364702225,-12.14411748631306,0.06195758283138275,-12.079055338281815,0.6689730286598206,0.9903137683868408,31.51859686699754,0.0001224864934694342
1120,0.05660592019557953,-12.471381452384005,0.06643421947956085,-11.776081630495156,0.6764129996299744,0.9886892437934875,30.738726287003374,0.00012225585363037392
1121,0.04182419925928116,-13.785723650139905,0.04454648867249489,-13.511865230485423,0.6762117147445679,0.9901108741760254,32.582540725998115,0.00012202528348093717
1122,0.07716454565525055,-11.125821965896126,0.060739122331142426,-12.16531487838586,0.6934482455253601,0.9924221634864807,31.881939348008018,0.00012179478359003282
1123,0.07146995514631271,-11.458764904506825,0.06519020348787308,-11.858176633231084,0.6882891058921814,0.9874921441078186,31.31624114299484,0.00012156435452639647
1124,0.060126110911369324,-12.209368863577414,0.06242408975958824,-12.046477816131523,0.6951929330825806,0.9904358386993408,32.37661625399778,0.00012133399685858888
1125,0.04769514873623848,-13.21525792527881,0.03905763849616051,-14.082940185662418,0.7047547698020935,0.9938640594482422,31.878159015002893,0.00012110371115499472
1126,0.07057303190231323,-11.513612243457466,0.07927320897579193,-11.008735612249726,0.6999762058258057,0.9883664846420288,32.434927984999376,0.00012087349798382115
1127,0.04297685995697975,-13.667653187826774,0.039261750876903534,-14.060303369403735,0.712628185749054,0.9885438680648804,31.751005991987768,0.0001206433579130962
1128,0.04659665748476982,-13.316452354033395,0.043123163282871246,-13.652893891399271,0.7287788987159729,0.9928317666053772,32.29669099400053,0.00012041329151066763
1129,0.03801627829670906,-14.200304017757395,0.04547923430800438,-13.42186855729543,0.7410974502563477,0.9912564158439636,32.56933467699855,0.00012018329934420144
1130,0.038958463817834854,-14.093981762327557,0.03770282864570618,-14.236260657206818,0.7278864979743958,0.9908735156059265,31.6690006860008,0.00011995338198118043
1131,0.03128793090581894,-15.046231561079715,0.03683241829276085,-14.337697658815197,0.7417406439781189,0.9931162595748901,32.47804294100206,0.00011972353998890276
1132,0.03995044529438019,-13.984783755928271,0.04162272810935974,-13.806694578955074,0.7021216154098511,0.9914087057113647,31.61509954900248,0.00011949377393448084
1133,0.04905390366911888,-13.093264261039508,0.055402424186468124,-12.56471231874336,0.6812864542007446,0.9894292950630188,31.766277928996715,0.00011926408438483949
1134,0.039855729788541794,-13.995092341900646,0.049621112644672394,-13.043335018441752,0.6919941902160645,0.9910361170768738,31.827618460010854,0.00011903447190671486
1135,0.046517010778188705,-13.323882011622995,0.049042120575904846,-13.094307592291003,0.6768476963043213,0.9918344020843506,32.29453772699344,0.00011880493706665287
1136,0.02541666105389595,-15.948815025891534,0.029889600351452827,-15.244798917818898,0.6757156252861023,0.9886555075645447,31.03820799299865,0.00011857548043100799
1137,0.048254095017910004,-13.164658249388179,0.06373541057109833,-11.956192121985335,0.6869990229606628,0.9887377023696899,31.273053802011418,0.00011834610256594159
1138,0.03659260272979736,-14.366066992473955,0.046015556901693344,-13.37095317562162,0.6854667663574219,0.9937958121299744,31.703558516004705,0.00011811680403742081
1139,0.05333910137414932,-12.72954305314711,0.0574902668595314,-12.404056754245204,0.6562471985816956,0.9956372380256653,31.169338626001263,0.00011788758541121693
1140,0.06805514544248581,-11.671390335284848,0.05801490694284439,-12.364604000295788,0.6826142072677612,0.9883335828781128,32.52290314299171,0.00011765844725290415
1141,0.04612847790122032,-13.360308755363818,0.0692938044667244,-11.593055937541779,0.6847676634788513,0.9922046661376953,32.30069201700098,0.00011742939012785812
1142,0.06884279102087021,-11.621415308368393,0.08303459733724594,-10.807409160288357,0.6807944774627686,0.9899969696998596,32.23545047499647,0.00011720041460125445
1143,0.04201154038310051,-13.766313944427178,0.0472029447555542,-13.260309070517307,0.6753398776054382,0.9902423024177551,31.917765958001837,0.00011697152123806753
1144,0.05898835137486458,-12.292337414536693,0.07050754874944687,-11.517643836446094,0.6795841455459595,0.991953432559967,32.17858678099583,0.00011674271060306904
1145,0.054469820111989975,-12.638440589854474,0.05426924303174019,-12.654462360766257,0.6766813397407532,0.9918231964111328,32.25238850900496,0.00011651398326082641
1146,0.06115235388278961,-12.135868213903159,0.06352603435516357,-11.97048254864496,0.6566648483276367,0.9921458959579468,32.1032606200024,0.00011628533977570161
1147,0.07293709367513657,-11.37051546006658,0.05843101814389229,-12.333565461583945,0.6492685079574585,0.995436429977417,31.69325876199582,0.00011605678071184976
1148,0.06284917145967484,-12.01700443235442,0.06405139714479446,-11.934713926001507,0.6698346138000488,0.9922420978546143,32.28404417200363,0.0001158283066332176
1149,0.04592962935566902,-13.379070592414035,0.043032456189394,-13.662038647124387,0.6726937294006348,0.9918408393859863,31.626264172999072,0.00011559991810354218
1150,0.0681249275803566,-11.666939463818542,0.05161943659186363,-12.87186739930579,0.6710984110832214,0.9939525723457336,30.964455508001265,0.00011537161568634952
1151,0.04475284740328789,-13.491793274401505,0.04731637239456177,-13.249885588239248,0.6842007040977478,0.9947754740715027,31.73573224300344,0.00011514339994495319
1152,0.07463289052248001,-11.270697378772958,0.06923367828130722,-11.59682594356022,0.6637434363365173,0.9912890195846558,31.63140280501102,0.00011491527144245279
1153,0.04735127091407776,-13.24668359976485,0.06516892462968826,-11.859594453510528,0.6696391105651855,0.994746744632721,31.48344804199587,0.00011468723074173272
1154,0.04232598468661308,-13.733929295114716,0.05238620191812515,-12.80783087434082,0.6531603336334229,0.9931725859642029,32.736829469009535,0.00011445927840546076
1155,0.06613513827323914,-11.7956773410142,0.07187414914369583,-11.434272835051056,0.6586123108863831,0.9937124252319336,32.167566513991915,0.0001142314149960866
1156,0.06358463317155838,-11.966478298662802,0.07200822979211807,-11.42617865381422,0.6342329382896423,0.99004727602005,31.719931800995255,0.00011400364107584063
1157,0.04131483659148216,-13.838939606159634,0.04196146875619888,-13.77149318810629,0.6480631232261658,0.995639443397522,32.37661090200709,0.00011377595720673228
1158,0.031074242666363716,-15.075994470593786,0.04335881769657135,-13.629225685919302,0.6592199802398682,0.9955655932426453,32.01063728699228,0.00011354836395054893
1159,0.06194821000099182,-12.079712380770829,0.058659352362155914,-12.316627362184114,0.670254647731781,0.9919531345367432,31.786879262988805,0.00011332086186885426
1160,0.037364620715379715,-14.275394218547383,0.035629577934741974,-14.481893222255755,0.6798731088638306,0.9948362112045288,31.93182134500239,0.00011309345152298706
1161,0.053458116948604584,-12.719863432375266,0.04524621739983559,-13.444177221076215,0.6877105236053467,0.9938519597053528,31.009350050997455,0.00011286613347405969
1162,0.06478256732225418,-11.885418449607734,0.06244365870952606,-12.045116586006326,0.6889345645904541,0.9912304282188416,32.39687034700182,0.00011263890828295696
1163,0.07490988820791245,-11.254608510439102,0.07128618657588959,-11.469946170573946,0.6737378239631653,0.9902797937393188,32.11276626700419,0.00011241177651033442
1164,0.03048582561314106,-15.159020389622068,0.04434012994170189,-13.53203038480987,0.6711422204971313,0.9930481314659119,31.401934713998344,0.00011218473871661702
1165,0.05597401410341263,-12.520135471063966,0.049336422234773636,-13.068323477445158,0.6475750803947449,0.9964275360107422,32.956953854998574,0.00011195779546199808
1166,0.05985312908887863,-12.229131399786306,0.05025830492377281,-12.987921630620223,0.6495006680488586,0.995337963104248,31.0446626740013,0.00011173094730643748
1167,0.05565827339887619,-12.544702702358396,0.056442707777023315,-12.483921596085956,0.650633692741394,0.9919273257255554,31.310584813996684,0.00011150419480966045
1168,0.07725641131401062,-11.120654694022534,0.0732034370303154,-11.354685275660373,0.6761532425880432,0.9927101135253906,30.787597151997034,0.00011127753853115627
1169,0.05464223772287369,-12.624715236158586,0.05450606346130371,-12.635551824620077,0.6861768364906311,0.995396077632904,32.2411327430018,0.0001110509790301768
1170,0.05638020485639572,-12.488733504531552,0.05512577295303345,-12.586453079582453,0.6946075558662415,0.9932970404624939,31.765848173003178,0.00011082451686573505
1171,0.04214800149202347,-13.752230132368412,0.03432012349367142,-14.644511580914603,0.7423458695411682,0.9917140007019043,31.49080720100028,0.00011059815259660393
1172,0.04074840620160103,-13.898893732050372,0.04934752359986305,-13.067346365802655,0.711946427822113,0.9922212958335876,32.01718370699382,0.00011037188678131471
1173,0.06840197741985321,-11.649313431548599,0.06832925230264664,-11.653933315409898,0.6884986162185669,0.9899821877479553,31.152587058997597,0.00011014571997815583
1174,0.06403734534978867,-11.935666799288791,0.06270472705364227,-12.026997182384434,0.6802029609680176,0.9908961653709412,31.18168087900267,0.00010991965274517145
1175,0.07083868980407715,-11.497294798886148,0.06063254922628403,-12.172941719585264,0.6678375601768494,0.9925941824913025,32.52112841101189,0.0001096936856401599
1176,0.0843154564499855,-10.740928045441322,0.07432834059000015,-11.288455628813832,0.6695288419723511,0.9938861727714539,31.19701750499371,0.00010946781922067265
1177,0.08073683828115463,-10.929282619048893,0.07164017111063004,-11.448433855149664,0.6924800872802734,0.9888322949409485,32.98122418200364,0.00010924205404401259
1178,0.05747003108263016,-12.405585679707848,0.05709134787321091,-12.434297035790244,0.7236951589584351,0.9872334599494934,31.41272077099711,0.00010901639066723282
1179,0.06345683336257935,-11.975216039506584,0.0667334794998169,-11.756562303326758,0.7168664932250977,0.9852479100227356,32.5298923280061,0.00010879082964713525
1180,0.053088609129190445,-12.749986526018828,0.05546589940786362,-12.55973940303444,0.7128738760948181,0.9878315329551697,31.095225566998124,0.0001085653715402694
1181,0.01999671570956707,-16.990413276312225,0.02068963646888733,-16.84247140098352,0.7252943515777588,0.9959045648574829,31.260915425998974,0.0001083400169029307
1182,0.048705119639635086,-13.124253855037436,0.052036672830581665,-12.836904795408586,0.742073655128479,0.9887758493423462,32.63313729398942,0.00010811476629115929
1183,0.07817621529102325,-11.069253586873042,0.064120814204216,-11.930009716175277,0.7409068942070007,0.9882527589797974,31.223697227003868,0.00010788962026073861
1184,0.038006700575351715,-14.201398305726194,0.05662810802459717,-12.46967948134537,0.7448610663414001,0.988025963306427,31.72332995699253,0.00010766457936719421
1185,0.04310015216469765,-13.655211965537426,0.04929791018366814,-13.07171490753272,0.7250673174858093,0.9910115003585815,30.968382402003044,0.00010743964416579206
1186,0.04571371525526047,-13.399534811888142,0.041706737130880356,-13.797937852452351,0.7259515523910522,0.9936127066612244,32.716507648001425,0.0001072148152115374
1187,0.045482661575078964,-13.421541289890826,0.04498114436864853,-13.469694998318777,0.7134012579917908,0.9942393898963928,31.47789208299946,0.00010699009305917341
1188,0.04862993583083153,-13.130963034916594,0.05227116867899895,-12.817377898276236,0.709862470626831,0.991499125957489,32.164195352001116,0.00010676547826317959
1189,0.05354956164956093,-12.71244079893222,0.05289182439446449,-12.766114526214379,0.710191547870636,0.9929661750793457,32.164494317999925,0.00010654097137777063
1190,0.06554777920246124,-11.834420178719988,0.06315755099058151,-11.995747186172425,0.7254118323326111,0.9875720739364624,31.875010086005204,0.00010631657295689494
1191,0.07598976790904999,-11.192448819214057,0.07331956923007965,-11.347800952798517,0.7272458672523499,0.9896149635314941,31.873903132000123,0.00010609228355423333
1192,0.04450494423508644,-13.515917387904949,0.043594539165496826,-13.605679088596176,0.7241455316543579,0.993033766746521,31.200891591011896,0.00010586810372319764
1193,0.04352477192878723,-13.612634959118237,0.04261554777622223,-13.704319247951018,0.7271831631660461,0.9914824962615967,31.423237695998978,0.00010564403401692928
1194,0.05854082852602005,-12.325411352987658,0.045631516724824905,-13.407350956650122,0.7214540243148804,0.9907429814338684,32.156588206999004,0.00010542007498829796
1195,0.08042774349451065,-10.945941158205885,0.07280649244785309,-11.378298911678954,0.7268964052200317,0.9880101680755615,31.794502817996545,0.00010519622718990037
1196,0.08045759797096252,-10.944329372518798,0.0773073062300682,-11.117794594336718,0.7086844444274902,0.9839566349983215,31.491734998009633,0.00010497249117405867
1197,0.054123520851135254,-12.6661395935975,0.051014941185712814,-12.92302609693765,0.7107427716255188,0.9877331852912903,32.40368797299743,0.00010474886749281919
1198,0.04811709746718407,-13.177005781644905,0.05142857879400253,-12.887954770403,0.702625036239624,0.9880099296569824,32.8382693700114,0.00010452535669795125
1199,0.049030665308237076,-13.095322136644874,0.05006252974271774,-13.004872085436492,0.7252480983734131,0.9935497045516968,31.352324879990192,0.00010430195934094545
1200,0.04086065664887428,-13.886946583319254,0.039352551102638245,-14.050271084301965,0.7821632623672485,0.9965642690658569,31.860300456988625,0.00010407867597301255
1201,0.05907884240150452,-12.285680228917379,0.05783887580037117,-12.377801568961996,0.7573958039283752,0.9926257133483887,31.161427465005545,0.00010385550714508206
1202,0.06044316664338112,-12.18652790855926,0.056136343628168106,-12.507558780106153,0.7189088463783264,0.9934477806091309,30.589117160998285,0.0001036324534078009
1203,0.06720666587352753,-11.725876494320069,0.06498423963785172,-11.87191958246581,0.7141357660293579,0.9908613562583923,32.093550397999934,0.000103409515311532
1204,0.041128456592559814,-13.858575877307233,0.053529009222984314,-12.714107949602733,0.7547842264175415,0.9848900437355042,32.21172424100223,0.00010318669340635295
1205,0.07328461110591888,-11.349872124394505,0.06509040296077728,-11.864830398187777,0.7753015160560608,0.9853230118751526,31.146514845007914,0.00010296398824205462
1206,0.05234738439321518,-12.811050135369662,0.0653880164027214,-11.84501837097927,0.7623454928398132,0.9886579513549805,31.39869859200553,0.00010274140036813992
1207,0.08127488195896149,-10.900436525814463,0.07330899685621262,-11.348427232351202,0.7604265213012695,0.9884861707687378,31.635633208992658,0.00010251893033382226
1208,0.08183356374502182,-10.870685354482317,0.09306733310222626,-10.312027308614748,0.7254509329795837,0.9863683581352234,31.603862948002643,0.00010229657868802432
1209,0.04079972207546234,-13.893427952696765,0.04929548129439354,-13.071928888042667,0.7149657607078552,0.9904274940490723,30.95859030399879,0.00010207434597937671
1210,0.031723346561193466,-14.986210043042917,0.04245072975754738,-13.721148395216517,0.7186405658721924,0.9934039115905762,31.37210718600545,0.00010185223275621656
1211,0.043022990226745605,-13.662994081215265,0.04257835075259209,-13.708111647033796,0.7531805634498596,0.9942535758018494,32.1033512790018,0.00010163023956658617
1212,0.05713820084929466,-12.430734386660976,0.06363130360841751,-11.963291793163894,0.7612206935882568,0.9842765927314758,31.463520320001408,0.00010140836695823161
1213,0.050122883170843124,-12.99963955443088,0.06452572345733643,-11.90267117474492,0.767329752445221,0.9826567769050598,32.433894107001834,0.00010118661547860156
1214,0.039752066135406494,-14.006402937164253,0.05192788317799568,-12.845993808984744,0.7821547389030457,0.9882282018661499,31.126677708001807,0.00010096498567484572
1215,0.05064921826124191,-12.95427253304977,0.05864621326327324,-12.317600246656434,0.8203220367431641,0.9898132681846619,31.69433933000255,0.00010074347809381356
1216,0.036598823964595795,-14.36532869618106,0.04264644905924797,-13.701171243497171,0.7766240835189819,0.9915373921394348,32.47400539601222,0.00010052209328205306
1217,0.03965230658650398,-14.017315445610377,0.03632467985153198,-14.397982046663195,0.7444385290145874,0.9954969882965088,31.790203626005678,0.00010030083178580926
1218,0.040931012481451035,-13.879475123764017,0.045204780995845795,-13.448156304376642,0.7446255087852478,0.9968470931053162,32.572928296998725,0.00010007969415102285
1219,0.07201512902975082,-11.425762568415298,0.0715959370136261,-11.451116226948617,0.7518115639686584,0.9896680116653442,31.605654785002116,9.9858680923329e-05
1220,0.0531785674393177,-12.742633661609942,0.06601803749799728,-11.803373899727504,0.805250346660614,0.987934947013855,31.064974798995536,9.963779264805588e-05
1221,0.058746520429849625,-12.31017851650841,0.061672765761613846,-12.099065748669062,0.8067371249198914,0.9799388647079468,31.31061384800705,9.94170298702233e-05
1222,0.05352659150958061,-12.714304109277336,0.0633283257484436,-11.984019935357557,0.8127904534339905,0.9799422025680542,32.357321561998106,9.919639313454155e-05
1223,0.05081731826066971,-12.939882573275447,0.06250882148742676,-12.040586890014984,0.8104745149612427,0.9835234880447388,30.709823839002638,9.897588298540976e-05
1224,0.04073339328169823,-13.90049409639824,0.042302895337343216,-13.736299071773555,0.8210799694061279,0.9914108514785767,31.967315315007,9.875549996691486e-05
1225,0.0484243743121624,-13.149359820512156,0.05439397692680359,-12.644491872841247,0.7899811267852783,0.9945310354232788,32.85383608499251,9.853524462283004e-05
1226,0.07295847684144974,-11.369242413713092,0.06726673990488052,-11.721996199639273,0.7601905465126038,0.988244354724884,31.777170403001946,9.831511749661341e-05
1227,0.06986095011234283,-11.557655122257685,0.07085854560136795,-11.49607765964856,0.7486737370491028,0.9909674525260925,31.498492515995167,9.809511913140682e-05
1228,0.04566958546638489,-13.403729303690088,0.04670950397849083,-13.305947445750697,0.721026599407196,0.9944977164268494,31.56132877599157,9.787525007003439e-05
1229,0.03542262688279152,-14.507192353866905,0.035360533744096756,-14.514811882064533,0.7050198316574097,0.9959868788719177,31.208125568999094,9.765551085500114e-05
1230,0.05776451528072357,-12.383388665933087,0.0750671848654747,-11.24549870531379,0.7043706774711609,0.9888560175895691,32.21984260198951,9.743590202849169e-05
1231,0.03976071998476982,-14.005457600137632,0.04769078642129898,-13.215655159798699,0.7174069285392761,0.9911293983459473,31.318827491995762,9.721642413236909e-05
1232,0.06725214421749115,-11.722938643751702,0.06299281120300293,-12.007090097935944,0.7274277806282043,0.9911729097366333,31.39625360700302,9.699707770817317e-05
1233,0.061325445771217346,-12.1235928624085,0.050959646701812744,-12.927735915744087,0.7542888522148132,0.9864699244499207,32.586680551001336,9.677786329711943e-05
1234,0.03124658763408661,-15.051974039893603,0.038731131702661514,-14.11939812968095,0.7841370701789856,0.9871351718902588,31.272580342003494,9.655878144009761e-05
1235,0.03776278346776962,-14.229360016468888,0.04529932513833046,-13.43908267974983,0.767311692237854,0.9904755353927612,31.994000387989217,9.63398326776705e-05
1236,0.056240733712911606,-12.499490221663162,0.07640424370765686,-11.168825188056154,0.772284746170044,0.9758610129356384,31.671755112998653,9.612101755007234e-05
1237,0.05005676671862602,-13.005372058898807,0.05804583430290222,-12.36228942225907,0.7673916220664978,0.9947513937950134,31.87532002700027,9.590233659720771e-05
1238,0.04388454928994179,-13.576883576346567,0.054737839847803116,-12.617123454033496,0.7121805548667908,0.9917908310890198,30.84266356700391,9.568379035865015e-05
1239,0.06766334921121597,-11.696465092322699,0.06351128220558167,-11.971491193563127,0.7166690826416016,0.9934622049331665,31.945665810999344,9.546537937364073e-05
1240,0.03284192457795143,-14.835714005925592,0.04119737073779106,-13.851305002307384,0.7083501219749451,0.9918606281280518,30.855334659005166,9.52471041810869e-05
1241,0.05002167820930481,-13.008417419288152,0.04873942956328392,-13.12119558010004,0.7287523150444031,0.9949235916137695,32.376682857997366,9.502896531956094e-05
1242,0.06588130444288254,-11.812378104256036,0.07034018635749817,-11.52796485402639,0.7320396900177002,0.992674708366394,31.456526509995456,9.48109633272989e-05
1243,0.040688980370759964,-13.90523193028664,0.051635514944791794,-12.87051487530434,0.7381786108016968,0.9903544187545776,32.26808220500243,9.459309874219894e-05
1244,0.0625917986035347,-12.034825686128412,0.07090094685554504,-11.493479649322108,0.7397559285163879,0.989401638507843,31.256623448993196,9.43753721018203e-05
1245,0.07284408807754517,-11.376056891795143,0.07526848465204239,-11.23386827335549,0.7301139235496521,0.9909887909889221,32.03640270300093,9.415778394338175e-05
1246,0.07098524272441864,-11.48831928309983,0.05882228538393974,-12.304581061331481,0.7087985277175903,0.9924138784408569,31.49659597100981,9.394033480376059e-05
1247,0.08586747944355011,-10.66171285201773,0.07565683871507645,-11.211518094462207,0.7187844514846802,0.9886507391929626,31.58497877199261,9.372302521949085e-05
1248,0.06009066477417946,-12.211929914170298,0.05761216953396797,-12.39485769985696,0.7116808295249939,0.9889799952507019,31.169563208997715,9.350585572676232e-05
1249,0.08065752685070038,-10.933550986081684,0.0703950822353363,-11.524576793837708,0.7123926281929016,0.9891541004180908,31.207752346002962,9.328882686141918e-05
1250,0.06304945796728134,-12.003186426737113,0.05647127702832222,-12.481723911099962,0.7163927555084229,0.9924944639205933,32.32073045799916,9.307193915895859e-05
1251,0.056918635964393616,-12.44745516173854,0.0495014451444149,-13.053821220862737,0.7088430523872375,0.9875503182411194,31.1083427350095,9.285519315452934e-05
1252,0.051390353590250015,-12.891183941420223,0.0552775003015995,-12.57451604369985,0.725260853767395,0.9877315163612366,31.933281391990022,9.263858938293066e-05
1253,0.05947655439376831,-12.256541990385024,0.05920117348432541,-12.276696846089997,0.6926611661911011,0.9946661591529846,32.569602787989425,9.24221283786109e-05
1254,0.04230359569191933,-13.736227171822597,0.05346037447452545,-12.719680034529437,0.703154981136322,0.9913269281387329,31.109525440013385,9.220581067566599e-05
1255,0.03678582236170769,-14.343195306750651,0.04192904382944107,-13.774850413383364,0.6956044435501099,0.9884036779403687,31.724410082999384,9.198963680783837e-05
1256,0.060043368488550186,-12.21534951415647,0.06026912108063698,-12.199051419015651,0.6953253746032715,0.9923810958862305,31.452712607991998,9.177360730851557e-05
1257,0.0493832603096962,-13.064202410909393,0.056217342615127563,-12.501296872669705,0.6943838000297546,0.9928306937217712,32.067082966008456,9.155772271072891e-05
1258,0.053471360355615616,-12.718787669403111,0.060833659023046494,-12.158560607989351,0.7096320986747742,0.9888551235198975,31.107824221995543,9.134198354715224e-05
1259,0.043031562119722366,-13.66212887984474,0.03120211884379387,-15.058159133098538,0.7232670187950134,0.9878417253494263,31.68881960499857,9.112639035010038e-05
1260,0.053310856223106384,-12.731843422280187,0.06818587332963943,-11.663055926461908,0.7070860862731934,0.9871117472648621,31.484342955998727,9.091094365152822e-05
1261,0.053146954625844955,-12.745216159318165,0.05247487127780914,-12.800486180713639,0.7222710251808167,0.9901328682899475,31.03898425400257,9.069564398302904e-05
1262,0.044368676841259,-13.529235225720173,0.03732101991772652,-14.280464962486246,0.7507814764976501,0.9872105121612549,31.956255080003757,9.048049187583335e-05
1263,0.09589147567749023,-10.182199979423425,0.07841434329748154,-11.056044903049225,0.7369447350502014,0.9879199266433716,31.530546286987374,9.026548786080752e-05
1264,0.04368098825216293,-13.597075445697971,0.05027440935373306,-12.986530229786,0.7539705038070679,0.9871422052383423,30.916833965995465,9.005063246845271e-05
1265,0.04021907225251198,-13.955679516365272,0.04497016966342926,-13.470754739133477,0.7795729041099548,0.9911201596260071,31.75642978399992,8.98359262289032e-05
1266,0.03236578032374382,-14.899139178706747,0.03709236904978752,-14.307154278515629,0.7635637521743774,0.9902130365371704,32.83685309800785,8.962136967192529e-05
1267,0.04332542046904564,-13.632572137973224,0.05591132864356041,-12.525001872951652,0.7509308457374573,0.9923581480979919,31.075497482990613,8.940696332691591e-05
1268,0.04950106143951416,-13.053854884842938,0.048399418592453,-13.151598553632676,0.7254152894020081,0.9871328473091125,31.077378850997775,8.919270772290146e-05
1269,0.08179274946451187,-10.872851927428687,0.07733277976512909,-11.11636378605176,0.7208448648452759,0.9832267165184021,30.950492433999898,8.897860338853632e-05
1270,0.06420200318098068,-11.924514211942583,0.06277237832546234,-12.022314164426252,0.7074080109596252,0.9931392073631287,32.02121992100729,8.876465085210164e-05
1271,0.04096043482422829,-13.87635441651491,0.03680844604969025,-14.340525168607437,0.7194709181785583,0.9909746050834656,31.097489649997442,8.855085064150412e-05
1272,0.10549008101224899,-9.767883741457204,0.07596205174922943,-11.19403313395672,0.7137027382850647,0.9819666147232056,31.161947971995687,8.833720328427441e-05
1273,0.038044266402721405,-14.197107858540704,0.03672826662659645,-14.349995674846419,0.7052085399627686,0.9908766746520996,31.785422688990366,8.812370930756622e-05
1274,0.024715092033147812,-16.070377679728537,0.02957034669816494,-15.29143583534365,0.7302667498588562,0.988925039768219,31.74307014599617,8.791036923815457e-05
1275,0.0561550110578537,-12.50611482891312,0.05970937758684158,-12.239574558919887,0.7197948098182678,0.988921046257019,31.993318870998337,8.769718360243505e-05
1276,0.02512456104159355,-15.999015171712452,0.02865123189985752,-15.428567001802634,0.7098866701126099,0.9942200779914856,31.264179471996613,8.748415292642194e-05
1277,0.039013735949993134,-14.087824597058155,0.048481281846761703,-13.144259059199488,0.7072890400886536,0.9932204484939575,31.969644316006452,8.727127773574727e-05
1278,0.046935275197029114,-13.28500631369339,0.05352145805954933,-12.714720637935702,0.7125324606895447,0.9913868308067322,31.55324967300112,8.705855855565933e-05
1279,0.03575293719768524,-14.466882739529012,0.03606463968753815,-14.429184023637342,0.7013360857963562,0.9933077692985535,31.693939958000556,8.684599591102173e-05
1280,0.04357714205980301,-13.60741255685051,0.0392872579395771,-14.057482817718949,0.73667311668396,0.9785290956497192,32.48392406401399,8.663359032631152e-05
1281,0.0641990676522255,-11.924712790339441,0.06507432460784912,-11.865903306358929,0.8988106846809387,0.9657934904098511,31.749077710002894,8.642134232561843e-05
1282,0.05338967591524124,-12.725427153701354,0.05877339094877243,-12.308192518023503,0.832679033279419,0.9852195382118225,32.09440468599496,8.620925243264328e-05
1283,0.04212295636534691,-13.754811558024588,0.04713167995214462,-13.266870800498774,0.7902182936668396,0.9912900328636169,31.47875057499914,8.599732117069679e-05
1284,0.051184091717004776,-12.908649990365452,0.06373331695795059,-11.956334783586342,0.7704883217811584,0.990955114364624,31.776757725994685,8.578554906269821e-05
1285,0.06618540734052658,-11.79237753908517,0.06887505948543549,-11.61938013045864,0.7761714458465576,0.9860188364982605,31.27522775399848,8.557393663117431e-05
1286,0.046273164451122284,-13.346707996766305,0.04895894601941109,-13.101679401771708,0.7631423473358154,0.9883731007575989,31.64674963799189,8.53624843982577e-05
1287,0.06518884748220444,-11.858266970716278,0.0662294551730156,-11.789488175922763,0.7568501234054565,0.9886682629585266,31.743487651008763,8.515119288568568e-05
1288,0.06015729904174805,-12.207116710394704,0.0648515447974205,-11.880796743302628,0.7380016446113586,0.988775908946991,31.335763054987183,8.494006261479907e-05
1289,0.060547083616256714,-12.179067707609878,0.05800557881593704,-12.365302351802338,0.7221854329109192,0.9895387291908264,32.23698704500566,8.472909410654079e-05
1290,0.07789967209100723,-11.084643704266853,0.06522504985332489,-11.855855802775704,0.7489255666732788,0.9858068227767944,31.2898025290051,8.451828788145476e-05
1291,0.06670673191547394,-11.758303356989156,0.05017316713929176,-12.995284836216713,0.7594951391220093,0.9841520190238953,31.688842110001133,8.430764445968435e-05
1292,0.03584069013595581,-14.456236362926703,0.05068105459213257,-12.951543567086254,0.7713347673416138,0.9892440438270569,31.35517916700337,8.409716436097117e-05
1293,0.033825527876615524,-14.707554171236382,0.027884744107723236,-15.546333365652616,0.7885024547576904,0.9918254613876343,32.695061977996374,8.38868481046541e-05
1294,0.06802765280008316,-11.673145135039832,0.07387944310903549,-11.314763868532111,0.7690984606742859,0.9897732734680176,31.899007771004108,8.367669620966749e-05
1295,0.060075316578149796,-12.213039319145643,0.06703673303127289,-11.736871587666284,0.7453071475028992,0.9915130138397217,32.39178395399358,8.34667091945403e-05
1296,0.04887529835104942,-13.10910578501381,0.0535682775080204,-12.710923181661462,0.7304208278656006,0.9922491312026978,31.750210218000575,8.325688757739452e-05
1297,0.031560786068439484,-15.008521885624727,0.03196467459201813,-14.95329712415036,0.76896071434021,0.9806297421455383,31.89742864499567,8.304723187594425e-05
1298,0.049830112606287,-13.025081313987181,0.05721592158079147,-12.424831024491274,0.7571179270744324,0.9849086403846741,32.03990532300668,8.283774260749406e-05
1299,0.033215709030628204,-14.786564725544494,0.039780642837285995,-14.00328203140577,0.7521459460258484,0.9881492853164673,32.1816266419919,8.262842028893786e-05
1300,0.06248951330780983,-12.04192857763723,0.06356868892908096,-11.967567455665993,0.773051917552948,0.9950829148292542,31.29686507199949,8.241926543675771e-05
1301,0.0534958690404892,-12.716797529648074,0.060857195407152176,-12.156880658922313,0.7751632332801819,0.9961902499198914,31.886929571002838,8.221027856702237e-05
1302,0.042550258338451385,-13.71097798797781,0.044568151235580444,-13.509753808208064,0.753596842288971,0.9909929037094116,31.303319358994486,8.200146019538613e-05
1303,0.06982250511646271,-11.560045734655057,0.0701555386185646,-11.539380367245498,0.7506111264228821,0.9893393516540527,31.91172844498942,8.179281083708768e-05
1304,0.03992180898785591,-13.987897876231974,0.05593017488718033,-12.523538226733088,0.7431842684745789,0.995474636554718,32.51925591999316,8.15843310069485e-05
1305,0.05770289525389671,-12.388023954806666,0.05062144994735718,-12.95665419518496,0.72590571641922,0.9934122562408447,32.831208422998316,8.13760212193718e-05
1306,0.03966207429766655,-14.016245762399645,0.04557183384895325,-13.413034946808695,0.7238364815711975,0.9956665635108948,33.20374216300843,8.116788198834146e-05
1307,0.059819456189870834,-12.231575393885773,0.05662889406085014,-12.469619198766642,0.7426080107688904,0.9901764988899231,32.573719214997254,8.095991382742009e-05
1308,0.05069265887141228,-12.950549290698941,0.04578676074743271,-13.392600801858357,0.7311562299728394,0.9857710599899292,31.729201074005687,8.075211724974864e-05
1309,0.039049845188856125,-14.083806835107398,0.051420584321022034,-12.888629925241975,0.7520881295204163,0.9824122786521912,32.96636914300325,8.054449276804442e-05
1310,0.060083817690610886,-12.212424803027425,0.05922754108905792,-12.2747629729636,0.7472177147865295,0.9863551259040833,32.06643961899681,8.033704089460018e-05
1311,0.04693227633833885,-13.285283808474134,0.047234177589416504,-13.257436418840074,0.7686622738838196,0.9906726479530334,32.84972928400384,8.012976214128295e-05
1312,0.07007482647895813,-11.544379689710295,0.0639541745185852,-11.941311022932304,0.7680895328521729,0.9847726225852966,32.34339266399911,7.992265701953223e-05
1313,0.05198127031326294,-12.84153111450367,0.06503850966691971,-11.868294189886235,0.7597731351852417,0.9910603761672974,31.752610384006402,7.971572604035946e-05
1314,0.055944088846445084,-12.522457950437273,0.0575876347720623,-12.39670758353264,0.7424532771110535,0.9950247406959534,31.221744515001774,7.950896971434625e-05
1315,0.05547283589839935,-12.559196314173908,0.048753149807453156,-13.119973204733475,0.743511974811554,0.994371235370636,32.13733885200054,7.93023885516432e-05
1316,0.0561029389500618,-12.510143876422909,0.06321583688259125,-11.991741082752528,0.7550428509712219,0.9890332221984863,31.17553164799756,7.909598306196892e-05
1317,0.04613082483410835,-13.360087799867157,0.05361641198396683,-12.70702252405881,0.7452732920646667,0.9871537089347839,31.80070924399479,7.888975375460835e-05
1318,0.038721177726984024,-14.12051441834045,0.03901180624961853,-14.088039413437752,0.7319210767745972,0.9915774464607239,32.05945649299247,7.868370113841183e-05
1319,0.04281099513173103,-13.684446769629147,0.06846196204423904,-11.645506586131251,0.759951114654541,0.9889107942581177,31.805193808992044,7.847782572179372e-05
1320,0.04372638091444969,-13.592564662520353,0.046614814549684525,-13.314760392083333,0.742612898349762,0.9885246157646179,31.243996791992686,7.827212801273106e-05
1321,0.05443379655480385,-12.64131374194136,0.06496123969554901,-11.873456957706805,0.7535666823387146,0.9814677238464355,31.125713140994776,7.806660851876262e-05
1322,0.0541805662214756,-12.66156460616772,0.06395934522151947,-11.940959909499156,0.7536559700965881,0.9894663095474243,31.487816672000918,7.786126774698727e-05
1323,0.043766994029283524,-13.588532802292539,0.039961762726306915,-13.983553631422998,0.7916142344474792,0.9940199255943298,31.8839234939951,7.765610620406296e-05
1324,0.04266471415758133,-13.699311596707817,0.04972048103809357,-13.034646782682586,0.7956711649894714,0.9907170534133911,31.19105771499744,7.745112439620533e-05
1325,0.028180189430713654,-15.500560918202952,0.030580226331949234,-15.145593045748704,0.8569750189781189,0.9901367425918579,31.115840002006735,7.72463228291868e-05
1326,0.04292327165603638,-13.673071830610171,0.04207805171608925,-13.759443769366746,0.8338495492935181,0.9930199384689331,32.01988444200833,7.704170200833464e-05
1327,0.05871685594320297,-12.31237207224137,0.0722891315817833,-11.409269924486393,0.7842829823493958,0.989736020565033,31.216631652001524,7.68372624385305e-05
1328,0.05403333157300949,-12.673382540117641,0.04893018677830696,-13.104231264213917,0.7627770304679871,0.9978079199790955,32.71099458300159,7.663300462420881e-05
1329,0.06607374548912048,-11.799710738548265,0.06280945241451263,-12.01974992839485,0.7591480612754822,0.9910452365875244,31.67553476401372,7.642892906935519e-05
1330,0.06010906398296356,-12.210600347957259,0.056143663823604584,-12.506992495767362,0.784233570098877,0.9825838208198547,32.39340222800092,7.6225036277506e-05
1331,0.03683687746524811,-14.337171905450116,0.04720534011721611,-13.2600886889367,0.8087540864944458,0.9817971587181091,31.2269591850054,7.602132675174625e-05
1332,0.059575535356998444,-12.24932046304546,0.05959025025367737,-12.248247907121954,0.8084444999694824,0.984254002571106,32.38540790999832,7.581780099470902e-05
1333,0.05364944040775299,-12.704348035891417,0.046154413372278214,-13.357867645834872,0.8214312195777893,0.9882494211196899,31.246921084995847,7.561445950857402e-05
1334,0.040199920535087585,-13.957748053924648,0.045715902000665665,-13.399327069256932,0.8650069832801819,0.9859821796417236,31.841133832000196,7.541130279506593e-05
1335,0.043938178569078445,-13.571579504505529,0.05127410218119621,-12.901019354594824,0.8301189541816711,0.9937833547592163,31.900117741010035,7.520833135545389e-05
1336,0.0718175545334816,-11.437693871556728,0.09610842168331146,-10.172385547791883,0.7962772846221924,0.9869710206985474,31.071743089007214,7.500554569054972e-05
1337,0.0642407089471817,-11.921896749120599,0.07624877244234085,-11.177671437893697,0.7731288075447083,0.9926279783248901,32.06998919999751,7.480294630070685e-05
1338,0.039210304617881775,-14.065997837190345,0.03590063378214836,-14.448978843995516,0.7705915570259094,0.9927788376808167,31.208652005007025,7.460053368581911e-05
1339,0.06589460372924805,-11.811501493837419,0.07601744681596756,-11.190867210512938,0.7796913385391235,0.9886073470115662,31.35425245000806,7.439830834531963e-05
1340,0.05929408594965935,-12.269886214262835,0.06976838409900665,-11.563413355643169,0.7908579707145691,0.9904990196228027,32.085106986996834,7.419627077817925e-05
1341,0.05181069299578667,-12.855805987441926,0.05351949855685234,-12.71487964271958,0.7930295467376709,0.9888116717338562,31.57321451199823,7.399442148290558e-05
1342,0.05869536101818085,-12.31396221808339,0.05443566292524338,-12.641164838036259,0.7788465619087219,0.9902021884918213,31.904264253986184,7.379276095754173e-05
1343,0.03282349556684494,-14.838151702363906,0.03311056271195412,-14.800334383643854,0.7982845306396484,0.9913805723190308,31.68770125300216,7.35912896996649e-05
1344,0.04186154156923294,-13.781847826118035,0.06194659695029259,-12.079825466869426,0.8189771175384521,0.9849915504455566,30.985821761001716,7.339000820638554e-05
1345,0.03360368683934212,-14.736130712239559,0.04869726672768593,-13.124954141028551,0.7523252367973328,0.9922555088996887,30.8703394280019,7.318891697434564e-05
1346,0.06168403476476669,-12.09827226734035,0.07090368866920471,-11.493311706357686,0.7592675089836121,0.9904572367668152,31.116163582002628,7.29880164997178e-05
1347,0.055693600326776505,-12.541947061191198,0.05439760535955429,-12.644202179780619,0.7807247042655945,0.9915325045585632,31.257663814001717,7.27873072782041e-05
1348,0.05219674110412598,-12.82356611255259,0.05892756208777428,-12.29681525870637,0.7907819151878357,0.9904583096504211,31.960273228003643,7.258678980503439e-05
1349,0.05119195207953453,-12.907983093706337,0.05589790642261505,-12.526044576895721,0.8046573400497437,0.9809826016426086,31.086382202003733,7.238646457496579e-05
1350,0.04609554633498192,-13.363410332902594,0.04906407371163368,-13.09236395846937,0.8247098326683044,0.9808570742607117,32.204848341003526,7.218633208228079e-05
1351,0.036968961358070374,-14.321627507350033,0.03743666410446167,-14.267028571865003,0.8197669386863708,0.9831410050392151,31.157793632999528,7.19863928207864e-05
1352,0.0389089360833168,-14.0995064426764,0.051923781633377075,-12.84633685176586,0.8120961785316467,0.9795973896980286,32.311898729996756,7.178664728381302e-05
1353,0.04080649092793465,-13.892707498903842,0.06036987900733948,-12.191796945467786,0.815261960029602,0.984462559223175,32.55609843999264,7.15870959642127e-05
1354,0.05350600183010101,-12.715974999239595,0.05253880098462105,-12.795198426894673,0.7988818287849426,0.9906663298606873,31.07537641999079,7.138773935435865e-05
1355,0.03784314915537834,-14.220127305067534,0.047394104301929474,-13.242756800127452,0.7729178667068481,0.9943368434906006,31.934546295000473,7.118857794614341e-05
1356,0.06461519002914429,-11.89665374097936,0.07805168628692627,-11.076177096722857,0.7542348504066467,0.9925707578659058,32.07270447899646,7.098961223097792e-05
1357,0.041908007115125656,-13.777029910165073,0.034420404583215714,-14.631840291955683,0.7446808815002441,0.9927645325660706,31.699562127003446,7.079084269979042e-05
1358,0.060608528554439545,-12.174662595968242,0.0616459883749485,-12.100951799421448,0.7508540153503418,0.991142749786377,31.40791284799343,7.05922698430249e-05
1359,0.053078826516866684,-12.75078687210177,0.04769637808203697,-13.21514598701459,0.7583960890769958,0.9901400804519653,31.091825239011087,7.039389415064016e-05
1360,0.044197872281074524,-13.54598637401951,0.044697996228933334,-13.497119454539334,0.7235008478164673,0.9955098032951355,32.658994394005276,7.019571611210843e-05
1361,0.05043283477425575,-12.972866199302937,0.032714683562517166,-14.852572761078775,0.7485101819038391,0.9919463396072388,31.915897122991737,6.999773621641448e-05
1362,0.07270556688308716,-11.384323350215574,0.07207717001438141,-11.422022735111188,0.7482970356941223,0.989363968372345,31.18872429599287,6.979995495205382e-05
1363,0.04402878135442734,-13.56263334934243,0.04453328251838684,-13.513152921242035,0.7423588037490845,0.9946763515472412,32.23667711899907,6.960237280703221e-05
1364,0.038650307804346085,-14.128470430747377,0.036127496510744095,-14.421621322267526,0.7833516597747803,0.9893169403076172,30.713723747001495,6.940499026886391e-05
1365,0.04315299913287163,-13.649890154290091,0.06515312194824219,-11.860647693167987,0.8507801294326782,0.9704821109771729,30.641610425009276,6.920780782457064e-05
1366,0.04763023555278778,-13.221172706937999,0.04831903427839279,-13.158817542569981,0.9141090512275696,0.9697651863098145,31.247494276991347,6.901082596068067e-05
1367,0.06526229530572891,-11.853376559309698,0.07536990195512772,-11.228020496736848,0.9205134510993958,0.9847410321235657,32.04940206099127,6.881404516322693e-05
1368,0.04171543940901756,-13.797031774105957,0.060960665345191956,-12.149503015995117,0.8414867520332336,0.9876281023025513,31.161989378000726,6.861746591774657e-05
1369,0.04486831650137901,-13.480602252617398,0.03719085454940796,-14.295638425535609,0.7791945338249207,0.9893925189971924,31.69245838500501,6.842108870927947e-05
1370,0.060377731919288635,-12.19123205208315,0.05575304478406906,-12.537314099435545,0.7893509864807129,0.9917799830436707,31.384241213003406,6.822491402236665e-05
1371,0.04484131187200546,-13.483216902145971,0.03162937983870506,-14.999093232545073,0.8008905649185181,0.99263995885849,32.625144156991155,6.802894234104982e-05
1372,0.06169690936803818,-12.097365908709852,0.061397090554237366,-12.11852208431204,0.8358548879623413,0.983598530292511,31.897759007988498,6.783317414886955e-05
1373,0.04051510617136955,-13.923830186595259,0.03634541481733322,-14.395503700786508,0.8129919171333313,0.9915531277656555,31.2348494129983,6.763760992886439e-05
1374,0.03446729853749275,-14.625927541842165,0.04220566898584366,-13.746292114944755,0.8008874654769897,0.9932293891906738,31.356242876005126,6.744225016356964e-05
1375,0.05313081666827202,-12.746535085353498,0.054835159331560135,-12.609408902783327,0.8129627108573914,0.9928151369094849,33.021907986010774,6.724709533501602e-05
1376,0.03640449047088623,-14.388450430850323,0.03504885360598564,-14.553261825561655,0.8060133457183838,0.9981443285942078,31.975354006004636,6.705214592472878e-05
1377,0.04102898761630058,-13.869091990370919,0.047596536576747894,-13.224246481176746,0.7921786308288574,0.9873353838920593,32.686730596993584,6.685740241372618e-05
1378,0.01807718351483345,-17.428692330871456,0.023169251158833504,-16.350880025677135,0.792830228805542,0.9915499091148376,32.30294476899144,6.666286528251847e-05
1379,0.041331514716148376,-13.837186784045997,0.03782287612557411,-14.222454496208654,0.7902370095252991,0.9910427927970886,31.055771344006644,6.646853501110659e-05
1380,0.029124923050403595,-15.357352133786268,0.036739517003297806,-14.348665574408546,0.8017529845237732,0.9928468465805054,30.709593071995187,6.627441207898133e-05
1381,0.06344356387853622,-11.976124289416566,0.06758823245763779,-11.701289109096283,0.8279379606246948,0.9884833693504333,31.35719038899697,6.608049696512162e-05
1382,0.037308137863874435,-14.281964270565087,0.038225069642066956,-14.176517146645729,0.8170602917671204,0.9934691786766052,31.598792800010415,6.58867901479937e-05
1383,0.061404574662446976,-12.117992725545506,0.061759479343891144,-12.092963739189829,0.8186874389648438,0.9874822497367859,32.23910576400522,6.569329210555006e-05
1384,0.09992813318967819,-10.003122257940056,0.06926477700471878,-11.594875596291612,0.8016592264175415,0.990521252155304,32.01746883300075,6.550000331522766e-05
1385,0.0488101951777935,-13.114894557136177,0.05387818068265915,-12.685870776184577,0.7873191237449646,0.9929608106613159,32.33930353198957,6.530692425394759e-05
1386,0.04729133099317551,-13.252184627811186,0.05047772824764252,-12.969001987575764,0.7999988198280334,0.9895996451377869,31.325579747994198,6.5114055398113e-05
1387,0.05129082873463631,-12.89960283729994,0.04466788098216057,-13.500046497029716,0.7997924089431763,0.9911559224128723,31.753307204999146,6.492139722360877e-05
1388,0.053246576339006424,-12.73708311352959,0.0661289393901825,-11.796084426710474,0.8035578727722168,0.9881728291511536,31.597878087995923,6.472895020579986e-05
1389,0.05241118371486664,-12.805760315688497,0.05768711864948273,-12.389211525905925,0.8120014667510986,0.9880706667900085,30.93528450599115,6.453671481952996e-05
1390,0.03734305873513222,-14.277901122621781,0.043540097773075104,-13.611106000378363,0.7715669274330139,0.9942082166671753,31.18794296499982,6.434469153912095e-05
1391,0.04197335243225098,-13.770263420795075,0.041041482239961624,-13.867769627732873,0.7525892853736877,0.9973471164703369,32.226678239007015,6.415288083837113e-05
1392,0.04926677793264389,-13.0744583982365,0.0689905658364296,-11.612102931014473,0.7742677330970764,0.9908993244171143,31.63450781001302,6.396128319055427e-05
1393,0.06410349160432816,-11.931183145743365,0.06360509246587753,-11.965081116829378,0.783342182636261,0.9875670075416565,31.874171749004745,6.376989906841862e-05
1394,0.06617742776870728,-11.792901173081127,0.06665746122598648,-11.76151231271155,0.8403012156486511,0.9863446950912476,31.91138560800755,6.357872894418543e-05
1395,0.04612087830901146,-13.3610243074509,0.049100611358881,-13.08913100370518,0.8671995997428894,0.988550066947937,31.783929280994926,6.3387773289548e-05
1396,0.02697673626244068,-15.690105938975073,0.03512284532189369,-14.544103088827377,0.8573775887489319,0.9895272254943848,32.33922795600665,6.31970325756704e-05
1397,0.046052947640419006,-13.367425673469608,0.05889633670449257,-12.299117170646277,0.817511796951294,0.991127610206604,30.874839606010937,6.300650727318639e-05
1398,0.052683275192976,-12.783272338154845,0.05425112694501877,-12.65591235887655,0.8338590264320374,0.9834026098251343,31.887008441000944,6.281619785219814e-05
1399,0.06042492017149925,-12.1878391466737,0.05315463989973068,-12.744588196574778,0.8326667547225952,0.9895384907722473,32.15331699200033,6.262610478227538e-05
1400,0.04739031568169594,-13.243103983105957,0.05456941947340965,-12.63050666345158,0.8124246001243591,0.9920239448547363,32.85182298801374,6.243622853245377e-05
1401,0.032481223344802856,-14.883676222163784,0.06280076503753662,-12.020350656578493,0.8446776270866394,0.985084056854248,31.88290755599155,6.224656957123402e-05
1402,0.05133407562971115,-12.89594253883375,0.05107516422867775,-12.917902282407299,0.8508801460266113,0.9907853007316589,31.872623831004603,6.205712836658097e-05
1403,0.07041815668344498,-11.523153475170648,0.06630022823810577,-11.784849765301653,0.8813126683235168,0.9749674797058105,31.41120271499676,6.186790538592172e-05
1404,0.04947330057621002,-13.056291150117346,0.04689663276076317,-13.288583390649675,0.899807870388031,0.991107702255249,31.73596902700956,6.167890109614528e-05
1405,0.08200374245643616,-10.86166326987934,0.08657924085855484,-10.625862264687122,0.8267430067062378,0.9913824796676636,31.632721191010205,6.149011596360105e-05
1406,0.0278911292552948,-15.545339016590455,0.03428113833069801,-14.649447654254164,0.8170824646949768,0.9900208115577698,31.266004211007385,6.130155045409734e-05
1407,0.047416917979717255,-13.240666778455346,0.055043816566467285,-12.592914610965627,0.8144552111625671,0.9786959290504456,30.871979044008185,6.111320503290107e-05
1408,0.03765605390071869,-14.241651930421671,0.04447827488183975,-13.518520654770875,0.8330248594284058,0.9823330044746399,31.357075156003702,6.0925080164735564e-05
1409,0.04047312214970589,-13.928332922597145,0.04196106269955635,-13.771535214521876,0.8202497959136963,0.9915772080421448,32.250641512000584,6.073717631378044e-05
1410,0.03950856253504753,-14.03308771230201,0.04186747968196869,-13.781231817580066,0.8057641983032227,0.9905018210411072,31.664756308004144,6.05494939436697e-05
1411,0.062261082231998444,-12.057833346054077,0.060328517109155655,-12.194773496179828,0.7959790229797363,0.9921963810920715,31.151778927000123,6.036203351749088e-05
1412,0.04897766560316086,-13.100019182597244,0.052623990923166275,-12.788162187623184,0.8188327550888062,0.9911197423934937,31.129342225001892,6.017479549778406e-05
1413,0.04773540049791336,-13.211594293630686,0.05736188963055611,-12.413765504532208,0.8340235352516174,0.9886910915374756,32.72089179098839,5.99877803465404e-05
1414,0.05891807749867439,-12.297514326526356,0.0580160915851593,-12.364515319921246,0.8427252769470215,0.9901816248893738,31.9998395589937,5.9800988525201166e-05
1415,0.03236038237810135,-14.899863552874361,0.044031985104084015,-13.562317346915053,0.8364130854606628,0.9899126291275024,30.879199782997603,5.961442049465657e-05
1416,0.02952437847852707,-15.298192359922748,0.03779985010623932,-14.225099223248886,0.8303905129432678,0.995738685131073,31.30458724500204,5.94280767152448e-05
1417,0.04143639653921127,-13.826180194488142,0.06271963566541672,-12.025964730998354,0.8303037285804749,0.987288236618042,30.79138507100288,5.924195764675053e-05
1418,0.04153676703572273,-13.815673092634055,0.04881848394870758,-13.114157116558156,0.814376175403595,0.988852322101593,31.796775716007687,5.905606374840402e-05
1419,0.04722885414958,-13.25792590991517,0.05632922425866127,-12.492662296286348,0.8408074975013733,0.983719527721405,31.627766245001112,5.887039547888015e-05
1420,0.04953504353761673,-13.050874509499673,0.04886426776647568,-13.110086047608188,0.8387691974639893,0.9834258556365967,31.333072691995767,5.8684953296296695e-05
1421,0.04051325470209122,-13.924028656089753,0.05413063243031502,-12.665568988312405,0.778590977191925,0.9924699068069458,31.611990734993014,5.849973765821403e-05
1422,0.08852633833885193,-10.529274988627737,0.07282675057649612,-11.37709067194505,0.7570348978042603,0.9958770871162415,32.341798861991265,5.831474902163309e-05
1423,0.05907683074474335,-12.285828110336471,0.0640089213848114,-11.937594910378762,0.7675217390060425,0.988653838634491,32.39752782699361,5.812998784299509e-05
1424,0.025104237720370293,-16.00252961241582,0.0357486754655838,-14.467400447219287,0.7851558327674866,0.9886863231658936,32.60527724699932,5.7945454578179964e-05
1425,0.06733497232198715,-11.717593140527487,0.08225935697555542,-10.848146897043687,0.7557908296585083,0.9903728365898132,31.258396156001254,5.776114968250499e-05
1426,0.042598988860845566,-13.70600709275979,0.03394703194499016,-14.691981909218333,0.7440908551216125,0.9973347187042236,32.417184347010334,5.757707361072431e-05
1427,0.05183223634958267,-12.854000527123706,0.041454918682575226,-13.824239324140471,0.7308066487312317,0.9977238774299622,31.00654902799579,5.7393226817027316e-05
1428,0.061760738492012024,-12.092875196424863,0.05791279673576355,-12.372254615212066,0.7632073760032654,0.9858546257019043,31.889272828004323,5.720960975503762e-05
1429,0.047846630215644836,-13.201486436729411,0.052555929869413376,-12.793782755499592,0.7529608607292175,0.9900134205818176,31.349254240005394,5.7026222877812186e-05
1430,0.06610623747110367,-11.797575606064605,0.07462774962186813,-11.270996542003996,0.7959486246109009,0.9860049486160278,32.24131495899928,5.6843066637839836e-05
1431,0.04579780623316765,-13.3915532468639,0.045112207531929016,-13.457059204990042,0.8183861374855042,0.9879927635192871,31.30484774899378,5.666014148704041e-05
1432,0.02500595711171627,-16.01956518008287,0.03184192255139351,-14.970007182996723,0.7865246534347534,0.9930588006973267,31.18674561100488,5.647744787676351e-05
1433,0.036997273564338684,-14.318302791534524,0.04617413505911827,-13.356012310720423,0.7759923338890076,0.994784414768219,31.364749493994168,5.629498625778746e-05
1434,0.0619659461081028,-12.078469150175861,0.06690859794616699,-11.745180705568025,0.791701078414917,0.9909336566925049,32.115884974002256,5.611275708031814e-05
1435,0.0564010888338089,-12.487125117899787,0.05418042838573456,-12.6615756546639,0.7833393812179565,0.9920762777328491,30.754100657999516,5.593076079398801e-05
1436,0.039774805307388306,-14.003919374814958,0.04083709046244621,-13.889452078359376,0.810470461845398,0.99155592918396,32.30587333100266,5.574899784785477e-05
1437,0.03118649125099182,-15.060334843520932,0.05766736716032028,-12.390698761148853,0.7891867756843567,0.9942891001701355,31.863164306007093,5.556746869040037e-05
1438,0.05926937237381935,-12.271696716406149,0.06543757766485214,-11.841727855259878,0.7905033230781555,0.9918674826622009,32.4509218029998,5.538617376953012e-05
1439,0.02481308951973915,-16.05319157603134,0.03842678666114807,-14.153659307384851,0.7975628972053528,0.991946280002594,31.60802281499491,5.520511353257099e-05
1440,0.03616673871874809,-14.41690651312317,0.04010022431612015,-13.968531979679724,0.7782490849494934,0.9929611086845398,31.401205000001937,5.502428842627124e-05
1441,0.056848540902137756,-12.452806776050569,0.06487657129764557,-11.879121104834896,0.7959153652191162,0.9856436252593994,30.678221191992634,5.484369889679895e-05
1442,0.0630066990852356,-12.006132724271634,0.06563102453947067,-11.828908160874331,0.7856525182723999,0.988638162612915,31.47906195699761,5.46633453897406e-05
1443,0.043180570006370544,-13.647116290369487,0.05119333788752556,-12.90786552823112,0.7859601378440857,0.990625262260437,31.50649236299796,5.448322835010078e-05
1444,0.05524753779172897,-12.576870723371307,0.0559280589222908,-12.523702533256483,0.8019492030143738,0.9847355484962463,31.838791265006876,5.4303348222300155e-05
1445,0.057487159967422485,-12.404291462245949,0.07260594516992569,-11.390278166385372,0.7874027490615845,0.9847488403320312,31.800996010002564,5.4123705450175215e-05
1446,0.0428285226225853,-13.682669063993869,0.045354440808296204,-13.433801832554717,0.7768986225128174,0.9903435111045837,31.395048321996,5.394430047697659e-05
1447,0.03701445087790489,-14.316286891300965,0.049806054681539536,-13.02717858939452,0.7715560793876648,0.9910650849342346,30.478175254000234,5.376513374536815e-05
1448,0.06222610920667648,-12.060273531608365,0.0792810246348381,-11.008307456214837,0.775754451751709,0.989473819732666,31.71855718200095,5.3586205697426145e-05
1449,0.03822878748178482,-14.176094764483196,0.03764982149004936,-14.24237078577119,0.7753376960754395,0.9943146109580994,31.560515623001265,5.3407516774637655e-05
1450,0.0616648904979229,-12.0996203535923,0.061897117644548416,-12.083295742396356,0.7937890887260437,0.9910929203033447,30.979329572990537,5.322906741789983e-05
1451,0.026309581473469734,-15.798860604955987,0.03876413032412529,-14.115699549999274,0.7749689817428589,0.9945759773254395,31.624051154998597,5.30508580675187e-05
1452,0.04427496716380119,-13.53841752219219,0.05031177029013634,-12.983304011368721,0.7786219716072083,0.9921481013298035,31.03904678300023,5.287288916320821e-05
1453,0.055884912610054016,-12.527054238517836,0.06753628700971603,-11.704628195531864,0.7819598913192749,0.9874832034111023,33.127072030998534,5.269516114408888e-05
1454,0.031837135553359985,-14.97066013449964,0.03689829260110855,-14.329937295221988,0.7827290892601013,0.9902268052101135,31.536287686001742,5.251767444868693e-05
1455,0.057539790868759155,-12.4003172090024,0.06983598321676254,-11.559207480614834,0.8029330372810364,0.9877484440803528,31.512731061986415,5.234042951493313e-05
1456,0.06206909567117691,-12.071245821068612,0.05411120131611824,-12.66712824234041,0.8109899163246155,0.9897932410240173,31.6188199929893,5.216342678016171e-05
1457,0.07986585050821304,-10.976388790803046,0.0846632868051529,-10.723048753131451,0.8197568655014038,0.9797149896621704,31.487559803004842,5.198666668110946e-05
1458,0.026795873418450356,-15.719320824320668,0.03864244371652603,-14.129354169491293,0.8077723383903503,0.9913699626922607,32.520443108005566,5.181014965391416e-05
1459,0.04101237654685974,-13.870850638820675,0.04361245781183243,-13.603894376450182,0.8217745423316956,0.9904259443283081,32.312185529008275,5.163387613411411e-05
1460,0.08958344161510468,-10.477722568481125,0.08810918033123016,-10.549788389214827,0.8270369172096252,0.9842743277549744,32.16584413200326,5.145784655664681e-05
1461,0.05841811001300812,-12.33452497752143,0.058854494243860245,-12.302203679740112,0.8393846750259399,0.9899529218673706,31.250890309005626,5.128206135584753e-05
1462,0.053585752844810486,-12.709506633468271,0.05013333261013031,-12.998734247203314,0.8476905822753906,0.9877120852470398,31.728389862997574,5.110652096544895e-05
1463,0.026591278612613678,-15.752607795737994,0.03140874579548836,-15.029494053569683,0.8297742009162903,0.9941527843475342,31.5762692779972,5.093122581857947e-05
1464,0.03007369674742222,-15.218131838462178,0.03889051079750061,-14.101563526737452,0.8409667611122131,0.9916361570358276,30.890929382003378,5.07561763477624e-05
1465,0.0398164838552475,-13.99937094616316,0.05055909603834152,-12.962006995325421,0.8278836011886597,0.9928738474845886,31.475984570002765,5.058137298491505e-05
1466,0.05623806640505791,-12.499696197737123,0.12079520523548126,-9.179503039654263,0.8345354199409485,0.9842461943626404,31.78267440899799,5.040681616134714e-05
1467,0.025914674624800682,-15.86454239616517,0.03953547030687332,-14.030130905353984,0.8417333364486694,0.9892619848251343,31.437703796007554,5.0232506307760436e-05
1468,0.05074639990925789,-12.945947623717448,0.06336285173892975,-11.98165284905862,0.8312944769859314,0.9867898225784302,30.83161936700344,5.0058443854247126e-05
1469,0.04076188802719116,-13.897457083448273,0.048172999173402786,-13.17196314359305,0.818159818649292,0.9948652982711792,31.305628740999964,4.9884629230289e-05
1470,0.05044170841574669,-12.972102126738761,0.0635056421160698,-11.971876883858668,0.8031384944915771,0.9894686937332153,32.32098494999809,4.97110628647563e-05
1471,0.046241044998168945,-13.349723598763575,0.04527002200484276,-13.441892943933327,0.8052922487258911,0.9936816692352295,31.558837675998802,4.9537745185906915e-05
1472,0.03158838301897049,-15.004726046576085,0.030490990728139877,-15.158284640830226,0.7996100783348083,0.9955006837844849,31.9851956670027,4.936467662138494e-05
1473,0.038880378007888794,-14.102695213595371,0.03436954319477081,-14.63826240015071,0.8165342211723328,0.989674985408783,31.28253259199846,4.9191857598219765e-05
1474,0.034316763281822205,-14.644936810418391,0.026814358308911324,-15.716325916078357,0.8294535875320435,0.9892761707305908,31.080702569001005,4.901928854282532e-05
1475,0.04027204215526581,-13.949963471814883,0.050189074128866196,-12.993908159537062,0.8323654532432556,0.9903546571731567,30.930719279000186,4.884696988099841e-05
1476,0.06476341187953949,-11.88670279717007,0.07174903154373169,-11.441839565816709,0.8193215727806091,0.993672251701355,32.62649608599895,4.867490203791838e-05
1477,0.05666439235210419,-12.466897640764223,0.06358974426984787,-11.966129215485921,0.8135752081871033,0.9863918423652649,30.490010845998768,4.850308543814532e-05
1478,0.032454121857881546,-14.887301374803723,0.030956294387578964,-15.092510319332764,0.8291301131248474,0.9912322759628296,31.782821230997797,4.8331520505619754e-05
1479,0.043454401195049286,-13.619662303002931,0.04797491058707237,-13.189858259962005,0.8193665146827698,0.9906725287437439,31.63793147999968,4.816020766366116e-05
1480,0.035479798913002014,-14.500188502491834,0.053993530571460724,-12.6765827360292,0.8044313788414001,0.9919155836105347,32.120029942001565,4.798914733496677e-05
1481,0.0544925183057785,-12.636631212303095,0.059099290519952774,-12.284177327343912,0.7927242517471313,0.990844190120697,32.3321855480026,4.781833994161106e-05
1482,0.04673221707344055,-13.303836146453847,0.052829403430223465,-12.771242934961114,0.8114713430404663,0.9905343651771545,31.217709410004318,4.7647785905044276e-05
1483,0.027438538148999214,-15.616390303669101,0.043119821697473526,-13.653230436360015,0.8232110738754272,0.9932554364204407,32.281566943012876,4.747748564609147e-05
1484,0.03294039145112038,-14.822712441314842,0.03815079480409622,-14.18496409848764,0.8442705273628235,0.9903085231781006,31.18526942501194,4.7307439584951725e-05
1485,0.03445301204919815,-14.627728039567142,0.048165109008550644,-13.172674524609109,0.8268814086914062,0.9922341704368591,31.77150070099742,4.713764814119673e-05
1486,0.02533278986811638,-15.963169792563273,0.02697891741991043,-15.689754811858966,0.8069306015968323,0.9953663945198059,32.19482851799694,4.6968111733770004e-05
1487,0.02932722307741642,-15.327290573336406,0.04987994581460953,-13.020740269656395,0.815856397151947,0.9946601986885071,32.47330413700547,4.679883078098576e-05
1488,0.07573941349983215,-11.206780622246782,0.07385142892599106,-11.31641097249749,0.8208592534065247,0.9854639768600464,31.322241420013597,4.6629805700527905e-05
1489,0.05722406134009361,-12.4242132242322,0.060459382832050323,-12.185362903961884,0.8062018752098083,0.9909876585006714,32.38119232599274,4.64610369094491e-05
1490,0.04030017554759979,-13.946930620568523,0.04832800477743149,-13.15801134337721,0.815401554107666,0.9912500381469727,31.501310410007136,4.62925248241695e-05
1491,0.05903535708785057,-12.288878054868594,0.05582480877637863,-12.531727558887951,0.8255109786987305,0.9875951409339905,31.852452633989742,4.6124269860475946e-05
1492,0.03658921271562576,-14.366469350475148,0.045822858810424805,-13.389178193959408,0.8363490104675293,0.9911037087440491,31.16732220898848,4.595627243352077e-05
1493,0.04615207761526108,-13.358087436745123,0.05147898942232132,-12.8836998725683,0.8716937899589539,0.9828605055809021,30.966281582019292,4.578853295782107e-05
1494,0.039431989192962646,-14.041513138684225,0.0405401736497879,-13.921143953712429,0.8699604868888855,0.9877586960792542,32.1686853650026,4.5621051847257155e-05
1495,0.026446126401424408,-15.776379306325447,0.03291625529527664,-14.82589577975801,0.8351719379425049,0.9937787055969238,31.693252144003054,4.5453829515072097e-05
1496,0.04801875352859497,-13.185891175452282,0.05720219761133194,-12.4258728602209,0.8337408900260925,0.9918548464775085,32.26100981797208,4.5286866373870465e-05
1497,0.045474909245967865,-13.422281589732288,0.04159946367144585,-13.809122685463045,0.8484264612197876,0.9898427724838257,31.788075933989603,4.512016283561704e-05
1498,0.056460633873939514,-12.482542504037093,0.051879823207855225,-12.850015125330124,0.8510282635688782,0.9923459887504578,32.07587535699713,4.4953719311636406e-05
1499,0.037085048854351044,-14.308011445180249,0.04508853331208229,-13.459338916482977,0.8486230969429016,0.9934741854667664,32.6241497870069,4.478753621261123e-05
1500,0.03438005968928337,-14.636933736309853,0.03923763707280159,-14.062971541133944,0.8199348449707031,0.9933847188949585,31.955235247995006,4.462161394858188e-05
1501,0.06967717409133911,-11.569094713900396,0.07211793959140778,-11.419566895540477,0.835683286190033,0.9901495575904846,31.587962063000305,4.445595292894516e-05
1502,0.0680532455444336,-11.67151157913092,0.07270408421754837,-11.384411915652208,0.8714605569839478,0.9877903461456299,32.12011981301475,4.429055356245296e-05
1503,0.05401451885700226,-12.674894880955787,0.05039304867386818,-12.97629366934542,0.8685305714607239,0.9898257255554199,32.63634436400025,4.4125416257211915e-05
1504,0.07039697468280792,-11.524460043004991,0.07554562389850616,-11.217906877953844,0.8769362568855286,0.9872035384178162,31.71753812301904,4.3960541420681874e-05
1505,0.02485314942896366,-16.046185689673862,0.036313485354185104,-14.39932065659367,0.864047646522522,0.9953930974006653,31.39585848801653,4.379592945967511e-05
1506,0.04234863072633743,-13.731606272972712,0.049753136932849884,-13.031795318004258,0.827124297618866,0.9954180717468262,31.84556030400563,4.363158078035523e-05
1507,0.05856095254421234,-12.323918677118744,0.053536348044872284,-12.713512573108247,0.8066149353981018,0.9937978982925415,31.301002938998863,4.3467495788236314e-05
1508,0.04542571306228638,-13.42698246694228,0.055898211896419525,-12.526020843408434,0.8073270916938782,0.989130437374115,31.84496791800484,4.330367488818177e-05
1509,0.052827753126621246,-12.771378603527506,0.05292864888906479,-12.763091921050595,0.8194626569747925,0.9932908415794373,30.896253648999846,4.314011848440337e-05
1510,0.037939947098493576,-14.20903278993325,0.04237966239452362,-13.728425072841473,0.8112717270851135,0.9893837571144104,31.72588355600601,4.297682698046027e-05
1511,0.06358911842107773,-11.966171958857206,0.07335879653692245,-11.345478019458128,0.7708303332328796,0.9926409125328064,31.789680629008217,4.281380077925799e-05
1512,0.02889830619096756,-15.391276116738869,0.02952718921005726,-15.297778929681238,0.7750831842422485,0.995522141456604,32.23823657797766,4.2651040283047604e-05
1513,0.052213042974472046,-12.822209953748917,0.05529217794537544,-12.573363029629876,0.7793645858764648,0.9883360266685486,31.372159006015863,4.2488545893424286e-05
1514,0.04343239590525627,-13.621862125404684,0.05450645089149475,-12.63552095499101,0.7798355221748352,0.9898709058761597,31.893027465994237,4.232631801132689e-05
1515,0.045424919575452805,-13.427058329254578,0.0660393089056015,-11.801974802248088,0.7838409543037415,0.9935380220413208,30.70977205800591,4.216435703703663e-05
1516,0.04516894370317459,-13.451600654893507,0.040646713227033615,-13.909745665431965,0.7732423543930054,0.9927454590797424,32.77160570397973,4.200266337017599e-05
1517,0.04923921450972557,-13.076888837744018,0.047320201992988586,-13.249534101834271,0.7748076915740967,0.9903625845909119,31.909156550012995,4.184123740970812e-05
1518,0.06942678987979889,-11.584729149578422,0.07318193465471268,-11.355961135813832,0.7864736318588257,0.9883387684822083,31.296689669019543,4.168007955393549e-05
1519,0.044126901775598526,-13.55296564022606,0.05246277153491974,-12.801487699606508,0.7843059301376343,0.9896953105926514,31.074055289005628,4.1519190200499034e-05
1520,0.07311184704303741,-11.360122442600149,0.06943114101886749,-11.584456975612433,0.7674559950828552,0.9926964044570923,32.204476865998004,4.1358569746377396e-05
1521,0.058059290051460266,-12.361282790138876,0.06001787632703781,-12.217193757110941,0.7729794383049011,0.991815984249115,31.38920617601252,4.119821858788539e-05
1522,0.06829410046339035,-11.65616810907369,0.05584234744310379,-12.530363335691257,0.7704863548278809,0.994303286075592,32.26476128399372,4.10381371206737e-05
1523,0.05982984974980354,-12.230820877893905,0.05723363906145096,-12.42348639649938,0.7854207158088684,0.9871041774749756,31.621495302009862,4.087832573972738e-05
1524,0.059675414115190506,-12.242045585339875,0.0561286024749279,-12.50815770973784,0.7906477451324463,0.9902856945991516,30.620789184991736,4.0718784839365066e-05
1525,0.06676201522350311,-11.754705625309526,0.06005347892642021,-12.214618286404637,0.7830831408500671,0.9924946427345276,32.22520875299233,4.055951481323819e-05
1526,0.036140888929367065,-14.420011696277326,0.03485376760363579,-14.577502688869796,0.7816788554191589,0.9954938888549805,32.10937959700823,4.040051605432966e-05
1527,0.03407978266477585,-14.675031834873575,0.03626733273267746,-14.404843832571963,0.7717270851135254,0.9939529299736023,31.17542572398088,4.024178895495308e-05
1528,0.03805207088589668,-14.19621702880837,0.04353087767958641,-13.612025763989333,0.7719424366950989,0.9930233359336853,31.0235386150016,4.0083333906751785e-05
1529,0.06219274178147316,-12.062602967843024,0.062171295285224915,-12.064100843802768,0.7741484642028809,0.9922292828559875,31.03747739602113,3.992515130069795e-05
1530,0.054695870727300644,-12.620454595460036,0.06369268149137497,-11.959104667238982,0.7760857939720154,0.9868813753128052,30.81658214298659,3.9767241527091276e-05
1531,0.03934097662568092,-14.051548630665614,0.04421994835138321,-13.54381769000364,0.7763014435768127,0.9910297989845276,31.710680285003036,3.9609604975558574e-05
1532,0.05055440589785576,-12.962409889517538,0.05619438737630844,-12.503070590357186,0.7887449264526367,0.9912310242652893,31.726643581001554,3.9452242035052286e-05
1533,0.03189065307378769,-14.963365869385271,0.04355122521519661,-13.609996225817262,0.8062921762466431,0.9896173477172852,31.819174691976514,3.9295153093849815e-05
1534,0.036095887422561646,-14.42542276515323,0.0458868034183979,-13.383121952072784,0.807100236415863,0.9886270761489868,30.9669534379791,3.913833853955261e-05
1535,0.06596618890762329,-11.80678605865969,0.06575728207826614,-11.82056145625711,0.7925017476081848,0.9885808825492859,32.0003265630221,3.898179875908484e-05
1536,0.030909864231944084,-15.099029025074715,0.041385453194379807,-13.831522846556608,0.7764191031455994,0.9923489689826965,31.688707024004543,3.882553413869295e-05
1537,0.036098871380090714,-14.425063759510355,0.048822734504938126,-13.113778998966772,0.7813518643379211,0.9885672926902771,31.03790945201763,3.866954506394442e-05
1538,0.049077607691287994,-13.091166152881534,0.055628448724746704,-12.547030507771604,0.7788070440292358,0.9910227656364441,30.52057009600685,3.851383191972661e-05
1539,0.04112778604030609,-13.85864668461238,0.04109247028827667,-13.862377501775534,0.7851378321647644,0.9899847507476807,32.026019487995654,3.835839509024636e-05
1540,0.07694479823112488,-11.138207348376296,0.0605425164103508,-12.179395318292073,0.782692551612854,0.9881997108459473,31.565549961989745,3.820323495902858e-05
1541,0.040238603949546814,-13.953570952257714,0.05312671884894371,-12.746870056480828,0.7833284139633179,0.9867997169494629,32.434204812016105,3.804835190891544e-05
1542,0.040405891835689545,-13.935553030676944,0.0343550369143486,-14.640095804625116,0.7857457399368286,0.9904087781906128,31.324487263016636,3.7893746322065466e-05
1543,0.049379412084817886,-13.064540851089284,0.04385891184210777,-13.57942147542129,0.7846431136131287,0.99041748046875,31.39031550200889,3.7739418579952545e-05
1544,0.04203517362475395,-13.763871543952392,0.05129966884851456,-12.898854383441815,0.7770742177963257,0.9908809065818787,31.776881691010203,3.7585369063365135e-05
1545,0.048747505992650986,-13.120475986506182,0.04869459941983223,-13.125192024771515,0.8137333989143372,0.9910749793052673,31.945129169995198,3.7431598152405036e-05
1546,0.04445817694067955,-13.520483500131352,0.05728451535105705,-12.419627568455521,0.8678434491157532,0.9849615693092346,31.311855374020524,3.72781062264867e-05
1547,0.03256042301654816,-14.873099614918805,0.03852752223610878,-14.142289202201292,0.8826965093612671,0.9860684871673584,31.619563739019213,3.712489366433614e-05
1548,0.02665826864540577,-15.741680597882047,0.031233903020620346,-15.053737424800238,0.90583735704422,0.9922623038291931,31.91494135800167,3.6971960843990264e-05
1549,0.07863354682922363,-11.043921346853324,0.08283064514398575,-10.818089560282989,0.8828331828117371,0.9830968379974365,31.785998265026137,3.681930814279544e-05
1550,0.03456733375787735,-14.613341170865377,0.036932338029146194,-14.325931981315776,0.8743072748184204,0.9833508729934692,32.346444725990295,3.666693593740712e-05
1551,0.03578793630003929,-14.462633443289539,0.040219344198703766,-13.95565015111029,0.8515470623970032,0.9883512258529663,31.76541380598792,3.6514844603788644e-05
1552,0.037312835454940796,-14.281417470438992,0.0297822505235672,-15.260424874612346,0.8626792430877686,0.9923793077468872,31.238091918989085,3.636303451721008e-05
1553,0.0362766832113266,-14.403724274673216,0.04205173999071121,-13.762160295173242,0.8595643639564514,0.991627037525177,31.037391307996586,3.621150605224792e-05
1554,0.035953179001808167,-14.442627029907523,0.05230043828487396,-12.81494671661617,0.8561781644821167,0.9894366264343262,33.17573939898284,3.6060259582783413e-05
1555,0.044240083545446396,-13.541840615467942,0.05337077006697655,-12.726965308696341,0.8603435754776001,0.9916321635246277,31.539947020995896,3.5909295482002254e-05
1556,0.025491589680314064,-15.936030806431088,0.03763853386044502,-14.243673020430112,0.8631209135055542,0.9934212565422058,31.48691665599472,3.575861412239345e-05
1557,0.027179909870028496,-15.657519877278762,0.03600035235285759,-14.436932485497362,0.8807717561721802,0.9915887713432312,31.393655353982467,3.560821587574812e-05
1558,0.03342093154788017,-14.75981449089547,0.03831488639116287,-14.166324578361195,0.8783609867095947,0.990384042263031,31.816032124013873,3.5458101113159104e-05
1559,0.03667733073234558,-14.35602278508042,0.04633839800953865,-13.340589845125798,0.8653959035873413,0.9870938062667847,31.68014817000949,3.5308270205019595e-05
1560,0.049541108310222626,-13.050342818021782,0.047991927713155746,-13.18831805208102,0.8208057284355164,0.990111768245697,31.683334444009233,3.515872352102246e-05
1561,0.043600715696811676,-13.605063818080367,0.0364847332239151,-14.378888249456665,0.8477744460105896,0.9892836213111877,31.23333068197826,3.500946143015934e-05
1562,0.06052268296480179,-12.180818279817009,0.06225140765309334,-12.05850823678118,0.8782830834388733,0.9883986115455627,32.135038459993666,3.486048430071956e-05
1563,0.06271935999393463,-12.025983819576487,0.06504087895154953,-11.86813598384732,0.8639129400253296,0.9918403029441833,31.22372095499304,3.4711792500289385e-05
1564,0.04839494079351425,-13.15200037113193,0.08564034849405289,-10.67321574105641,0.8649023771286011,0.9905478358268738,31.000436948001152,3.4563386395751035e-05
1565,0.05022090673446655,-12.991154503914213,0.054567817598581314,-12.630634151633862,0.8941759467124939,0.9895764589309692,32.183297575014876,3.441526635328186e-05
1566,0.05888715758919716,-12.29979408028518,0.05790513753890991,-12.372829024858547,0.8648322224617004,0.987084686756134,31.355375860992353,3.4267432738353264e-05
1567,0.06425106525421143,-11.921196675200145,0.06701403856277466,-11.738342087599305,0.8582773804664612,0.9817470908164978,31.74866428502719,3.411988591573009e-05
1568,0.043192893266677856,-13.64587703845486,0.05901339277625084,-12.290494163374184,0.8655415773391724,0.9866959452629089,31.672757704014657,3.3972626249469396e-05
1569,0.05487008020281792,-12.606644049934578,0.0613798126578331,-12.119744414395363,0.8509242534637451,0.9846422076225281,31.16039330899366,3.382565410291977e-05
1570,0.06529002636671066,-11.851531560034562,0.052869271486997604,-12.767966739134524,0.8416511416435242,0.990803599357605,30.96350205797353,3.367896983872045e-05
1571,0.04235753044486046,-13.730693683237625,0.04473434016108513,-13.493589641791539,0.8391704559326172,0.9934588670730591,31.771137124014786,3.353257381880015e-05
1572,0.056961145251989365,-12.44421287418013,0.05114472284913063,-12.911991704621062,0.8610762357711792,0.9886305332183838,32.076159785996424,3.338646640437657e-05
1573,0.06276058405637741,-12.02313023470763,0.06380166858434677,-11.951679631607696,0.8369826674461365,0.9892928004264832,31.529015662003076,3.324064795595529e-05
1574,0.04129013419151306,-13.841537056703878,0.043962642550468445,-13.56916210447176,0.8234458565711975,0.9887268543243408,31.308894494984997,3.309511883332868e-05
1575,0.06749218702316284,-11.707464987050084,0.060655731707811356,-12.171281538758388,0.8079961538314819,0.9932687282562256,31.67293503897963,3.294987939557559e-05
1576,0.03685346990823746,-14.335216152272125,0.044365689158439636,-13.529527679302946,0.8254528045654297,0.9883145093917847,31.63087638799334,3.280493000105967e-05
1577,0.05774620920419693,-12.38476520099036,0.06822553277015686,-11.660530642521278,0.8308998346328735,0.9899225234985352,32.044686544977594,3.26602710074293e-05
1578,0.040225379168987274,-13.95499853489789,0.04368482902646065,-13.59669359679259,0.838718593120575,0.9864802956581116,32.149703118018806,3.251590277161612e-05
1579,0.04839937761425972,-13.151602230662538,0.047196581959724426,-13.260894524114082,0.835085391998291,0.9909552931785583,32.584830853011226,3.2371825649834355e-05
1580,0.04729416221380234,-13.251924633714008,0.033032968640327454,-14.810523949246004,0.8213842511177063,0.9953522682189941,31.72513949102722,3.222803999758006e-05
1581,0.04910747706890106,-13.088523774702235,0.05561071261763573,-12.548415396586103,0.8355593681335449,0.9895421862602234,32.05897245500819,3.208454616963e-05
1582,0.06143885478377342,-12.115568881147091,0.05452413484454155,-12.634112168045252,0.8584737181663513,0.9864325523376465,31.564896059018793,3.1941344520040946e-05
1583,0.04917505756020546,-13.08255123050735,0.06611062586307526,-11.797287313880037,0.8495303392410278,0.988735020160675,32.870554580003954,3.179843540214868e-05
1584,0.03876511752605438,-14.115588950099951,0.03696068003773689,-14.322600468038262,0.8702254891395569,0.9832450747489929,31.183149300981313,3.165581916856735e-05
1585,0.05011662468314171,-13.000181860899747,0.049853838980197906,-13.023013933371654,0.8363108038902283,0.9840549826622009,31.32848517000093,3.15134961711882e-05
1586,0.04148722440004349,-13.820856195849325,0.03860604390501976,-14.133446997438039,0.858536422252655,0.9866070747375488,31.668136877997313,3.137146676117918e-05
1587,0.050221797078847885,-12.991077510436913,0.05545174703001976,-12.560847666657773,0.8508379459381104,0.9868670105934143,31.466293595003663,3.1229731288983716e-05
1588,0.05052880942821503,-12.964609345821476,0.05076741427183151,-12.944149558713145,0.8435050249099731,0.9879870414733887,30.931608190003317,3.108829010431995e-05
1589,0.039376430213451385,-14.047636586508826,0.05586975812911987,-12.528232087719575,0.835328996181488,0.99216628074646,30.784779477020493,3.094714355618007e-05
1590,0.042395804077386856,-13.726771234963032,0.051266204565763474,-12.901688338513084,0.8302090764045715,0.9904220700263977,32.15213388801203,3.080629199282898e-05
1591,0.04172726720571518,-13.795800570785373,0.044954393059015274,-13.472278614724946,0.8476079702377319,0.9882802963256836,32.060046273021726,3.066573576180399e-05
1592,0.04654677212238312,-13.321104306355673,0.05175728350877762,-12.860285257642605,0.8160594701766968,0.9880803823471069,32.28809639302199,3.052547520991372e-05
1593,0.05011840909719467,-13.000027232094332,0.06008750572800636,-12.212158234557538,0.804090142250061,0.9914159178733826,31.404700282990234,3.0385510683236985e-05
1594,0.04639966040849686,-13.334851979541993,0.03583178296685219,-14.457315810654238,0.8304904103279114,0.9922129511833191,31.739303166017635,3.0245842527122433e-05
1595,0.05199528858065605,-12.840360070515256,0.057267699390649796,-12.420902633958455,0.8186165690422058,0.9891818165779114,32.37924904297688,3.010647108618734e-05
1596,0.06096166372299194,-12.149431890390366,0.05893275514245033,-12.296432548894545,0.8074952960014343,0.9872525930404663,31.814251515985234,2.9967396704316847e-05
1597,0.03657399117946625,-14.368276441718677,0.05192602053284645,-12.846149592538605,0.8019152283668518,0.9926668405532837,31.01959121899563,2.9828619724663252e-05
1598,0.03948819264769554,-14.035327432110588,0.040550533682107925,-13.920034256919458,0.7769433856010437,0.992913007736206,32.286898015008774,2.9690140489644822e-05
1599,0.020395828410983086,-16.90458650364221,0.027876367792487144,-15.547638141468225,0.784896731376648,0.9934179186820984,31.18082928500371,2.9551959340945437e-05
1600,0.05304236337542534,-12.753771335762568,0.05453987792134285,-12.63285838482988,0.8085811138153076,0.9846662282943726,32.35855245299172,2.941407661951328e-05
1601,0.035613417625427246,-14.48386347441212,0.04505402594804764,-13.462663951547434,0.8166071176528931,0.9906982779502869,30.756183087010868,2.9276492665560256e-05
1602,0.035751014947891235,-14.467116243399358,0.041627876460552216,-13.806157429578647,0.877127468585968,0.9855576753616333,31.352705367986346,2.913920781856108e-05
1603,0.045745354145765305,-13.396530058789821,0.045062463730573654,-13.461850674773284,0.8772926330566406,0.9913474321365356,31.909541013010312,2.9002222417252518e-05
1604,0.04242098331451416,-13.724192687861647,0.05028621479868889,-12.985510538496811,0.880898118019104,0.9863058924674988,30.878456319012912,2.8865536799632416e-05
1605,0.05573113635182381,-12.539021016283591,0.05909432843327522,-12.284541984401223,0.875593900680542,0.9903104305267334,31.661716744012665,2.8729151302958893e-05
1606,0.025595365092158318,-15.918386712782915,0.032498009502887726,-14.881432386503967,0.8641559481620789,0.9889525771141052,31.436974120006198,2.8593066263749715e-05
1607,0.03971284255385399,-14.010690260133021,0.04477320611476898,-13.4898180558233,0.8827705383300781,0.990240752696991,31.891160922998097,2.845728201778106e-05
1608,0.0695238709449768,-11.578660552637102,0.05561612918972969,-12.547992407434416,0.9047886729240417,0.982848048210144,32.49435666098725,2.8321798900087186e-05
1609,0.04358206316828728,-13.606922141579698,0.05519990622997284,-12.580616600136572,0.9072174429893494,0.9899607300758362,31.020946370990714,2.8186617244959078e-05
1610,0.04858469218015671,-13.135005444922063,0.06527435779571533,-11.852573923003423,0.8805624842643738,0.9853315949440002,31.567624010989675,2.8051737385944087e-05
1611,0.07240991294384003,-11.402019746517134,0.08250664174556732,-10.835110895375674,0.8329378962516785,0.9882588386535645,31.741750250017503,2.791715965584496e-05
1612,0.045665789395570755,-13.404090305681024,0.043735571205616,-13.59165197016477,0.7764672040939331,0.9892737865447998,32.35640199898626,2.7782884386718714e-05
1613,0.06856758147478104,-11.638811687531827,0.06793098151683807,-11.679321103511038,0.7301183938980103,0.9890947937965393,32.316269567993004,2.764891190987633e-05
1614,0.0379047654569149,-14.213061862859387,0.03860703483223915,-14.133335525591457,0.6978938579559326,0.9944367408752441,31.39240579798934,2.751524255588153e-05
1615,0.05307215452194214,-12.75133281346838,0.05892647057771683,-12.296895703436888,0.7487673759460449,0.9862005114555359,31.49044235801557,2.7381876654550152e-05
1616,0.07078974694013596,-11.500296401823054,0.05512446537613869,-12.586556094947985,0.7480971813201904,0.9832704067230225,31.677984289999586,2.724881453494934e-05
1617,0.06303469836711884,-12.00420320999065,0.06206193193793297,-12.071747092971536,0.7715772986412048,0.9813213348388672,32.10362343798624,2.711605652539662e-05
1618,0.043848179280757904,-13.580484352352773,0.04735524207353592,-13.246319389831235,0.7500714659690857,0.9921442270278931,30.785304322984302,2.6983602953459197e-05
1619,0.02825174666941166,-15.489546966632455,0.03918149694800377,-14.069189755829147,0.7461693286895752,0.9919232726097107,31.33976759799407,2.685145414595308e-05
1620,0.05399955064058304,-12.676098541528253,0.07367800921201706,-11.326621173318623,0.7623072862625122,0.9938338994979858,31.507568875997094,2.671961042894233e-05
1621,0.06516083329916,-11.86013370414062,0.051523357629776,-12.87995842989008,0.7271156311035156,0.9945963621139526,31.528440630994737,2.658807212773815e-05
1622,0.0718037560582161,-11.438528371904923,0.07048007845878601,-11.519336211307253,0.7363045811653137,0.9940669536590576,31.92200362798758,2.645683956689832e-05
1623,0.03539762645959854,-14.510258580200826,0.04728357121348381,-13.252897296696851,0.7261890172958374,0.9952986240386963,31.54955689999042,2.6325913070226072e-05
1624,0.05783471092581749,-12.378114307952535,0.05687415972352028,-12.450850066812027,0.7450402975082397,0.9907979965209961,31.797717760986416,2.619529296076952e-05
1625,0.034045878797769547,-14.679354512482888,0.04309569671750069,-13.655660937537544,0.7558972239494324,0.9914575815200806,31.8378964579897,2.6064979560820895e-05
1626,0.052408553659915924,-12.805978255244735,0.050191741436719894,-12.993677359044732,0.766385018825531,0.9881189465522766,31.885647202987457,2.5934973191915414e-05
1627,0.04713901877403259,-13.26619461799476,0.03924442082643509,-14.062220758890016,0.7684089541435242,0.9877063632011414,32.346825177024584,2.5805274174830935e-05
1628,0.03434004262089729,-14.641991701406436,0.03647911176085472,-14.379557449494744,0.7907817363739014,0.987028181552887,32.57528527500108,2.5675882829586965e-05
1629,0.057813700288534164,-12.379692332905552,0.06933114677667618,-11.590716162573397,0.8038486838340759,0.9827417135238647,32.3500777289737,2.5546799475443643e-05
1630,0.026470419019460678,-15.772391838654997,0.03337177634239197,-14.766206757065843,0.7915263772010803,0.9925513863563538,30.664029466017382,2.541802443090144e-05
1631,0.08193407207727432,-10.86535460407571,0.07671977579593658,-11.15092675001829,0.80939120054245,0.9890742301940918,31.31048059699242,2.5289558013699868e-05
1632,0.04412267357110977,-13.553381797668624,0.04679769650101662,-13.297755234447614,0.8287660479545593,0.9894675016403198,32.27725775798899,2.5161400540817095e-05
1633,0.06482844054698944,-11.882344252511562,0.060827966779470444,-12.158966999069559,0.8145301938056946,0.9885968565940857,31.15159453699016,2.5033552328469e-05
1634,0.044808320701122284,-13.486413319956355,0.05499590188264847,-12.59669671517176,0.812743067741394,0.9923450350761414,31.50491432400304,2.490601369210823e-05
1635,0.05735908821225166,-12.413977608810644,0.06936964392662048,-11.588305347157837,0.8002784848213196,0.9880869388580322,30.876354053994874,2.4778784946423773e-05
1636,0.035084184259176254,-14.54888616767278,0.039988283067941666,-13.980672422703757,0.7743037939071655,0.9950310587882996,31.370545059995493,2.4651866405339886e-05
1637,0.04061431810259819,-13.913208339803095,0.0460365004837513,-13.368976971605296,0.7578011751174927,0.9962754249572754,31.939382176002255,2.4525258382015453e-05
1638,0.041103292256593704,-13.861233909696102,0.046706270426511765,-13.306248104561467,0.7782243490219116,0.9941157698631287,32.80301599900122,2.4398961188843127e-05
1639,0.03762994706630707,-14.244663925861314,0.03543772175908089,-14.505342060521723,0.7779679298400879,0.9951976537704468,31.736094890977256,2.427297513744879e-05
1640,0.053417619317770004,-12.72315471233412,0.05930665135383606,-12.268965969441222,0.8257343173027039,0.9879388809204102,31.586635810002917,2.414730053869044e-05
1641,0.038418106734752655,-14.154640412045474,0.04653998836874962,-13.321737295786011,0.8137417435646057,0.9911119341850281,31.756275649997406,2.4021937702657647e-05
1642,0.029628753662109375,-15.282866167824691,0.05446823313832283,-12.638567123032924,0.7955054640769958,0.9926879405975342,31.156905438983813,2.3896886938670772e-05
1643,0.05015646666288376,-12.99673065527159,0.04404953122138977,-13.56058709013855,0.7881708741188049,0.9945366978645325,32.453707831999054,2.3772148555280096e-05
1644,0.04190952330827713,-13.776872789258285,0.04762711375951767,-13.221457362683953,0.7947680950164795,0.9916487336158752,31.46337530700839,2.3647722860265287e-05
1645,0.05919778719544411,-12.27694526830033,0.05191534012556076,-12.847042963337199,0.8049324750900269,0.9932849407196045,31.800673464982538,2.3523610160634225e-05
1646,0.04378293827176094,-13.586950962896328,0.055075399577617645,-12.590423433073044,0.8035989999771118,0.9937898516654968,31.643748261994915,2.339981076262275e-05
1647,0.041373737156391144,-13.832752489007325,0.03284678980708122,-14.835070686235795,0.7859769463539124,0.9937956929206848,31.745543736004038,2.3276324971693627e-05
1648,0.022511018440127373,-16.47604856249756,0.01745433360338211,-17.58096727626905,0.7883159518241882,0.9961230754852295,32.86920868497691,2.3153153092535644e-05
1649,0.05707590654492378,-12.435471818129244,0.06713313609361649,-11.73063064467488,0.8332341313362122,0.9826346039772034,33.25955019699177,2.303029542906326e-05
1650,0.0321342870593071,-14.930313310176002,0.0434749498963356,-13.617609098272215,0.8255401849746704,0.990454375743866,31.29911993301357,2.290775228441552e-05
1651,0.06192626804113388,-12.081250917576565,0.05134314298629761,-12.895175493720107,0.8135436773300171,0.9935086369514465,32.00848887700704,2.27855239609554e-05
1652,0.06206076964735985,-12.071828428033669,0.06878574192523956,-11.625015740389033,0.8555389642715454,0.9848175048828125,30.86370973099838,2.2663610760269267e-05
1653,0.06488895416259766,-11.878292254504114,0.07446517050266266,-11.28046811748456,0.8816612958908081,0.984073281288147,31.87974469998153,2.254201298316566e-05
1654,0.04437753185629845,-13.528368555641999,0.049651630222797394,-13.040664876403739,0.8635736703872681,0.9900147318840027,31.335860148014035,2.2420730929675135e-05
1655,0.050474923104047775,-12.969243340005466,0.0561884269118309,-12.503531265212315,0.8378679156303406,0.9882853627204895,32.07715104898671,2.2299764899049055e-05
1656,0.03864414989948273,-14.129162419329035,0.04070908948779106,-13.90308611067318,0.8663263916969299,0.9913131594657898,31.399483403016347,2.217911518975907e-05
1657,0.05887171998620033,-12.30093275721072,0.0553169921040535,-12.571414429461782,0.9271978139877319,0.9893225431442261,32.17411689297296,2.2058782099496316e-05
1658,0.04531552270054817,-13.437530061799466,0.049438558518886566,-13.059342004593999,0.9360806941986084,0.9862030148506165,31.046942940010922,2.1938765925170813e-05
1659,0.09461826086044312,-10.240250387987606,0.08051978051662445,-10.940974175900706,0.9052688479423523,0.9881539344787598,31.89339653000934,2.1819066962910486e-05
1660,0.06429601460695267,-11.918159460091555,0.06364639848470688,-11.962261664335305,0.8766531348228455,0.9880374073982239,31.392933821014594,2.1699685508060598e-05
1661,0.030231699347496033,-15.1953744008874,0.034737247973680496,-14.59204591091941,0.8796220421791077,0.9899814128875732,32.03692571702413,2.158062185518313e-05
1662,0.037758614867925644,-14.229839456720576,0.03042830340564251,-15.167222619590957,0.8719380497932434,0.9922611117362976,32.40168778097723,2.1461876298055664e-05
1663,0.05229848623275757,-12.815108814929612,0.05898980051279068,-12.292230724849702,0.8387550711631775,0.98906409740448,32.17573018200346,2.1343449129671136e-05
1664,0.023026466369628906,-16.377727035243982,0.04400457441806793,-13.56502174838894,0.886908769607544,0.9916029572486877,32.105713291995926,2.1225340642236875e-05
1665,0.03522408381104469,-14.531602941887412,0.034408602863550186,-14.633329612219889,0.8996323347091675,0.9899367094039917,32.5557820169779,2.1107551127173703e-05
1666,0.06070579215884209,-12.167698693358254,0.05083945021033287,-12.937991546458697,0.8679400086402893,0.989449143409729,33.34630693201325,2.0990080875115657e-05
1667,0.07415749877691269,-11.298449267231792,0.06412120908498764,-11.92998297072387,0.8571697473526001,0.9861495494842529,30.940872813982423,2.0872930175908787e-05
1668,0.059609610587358475,-12.246837152763687,0.05412587895989418,-12.66595037987,0.8332790732383728,0.9883612990379333,31.805095721996622,2.0756099318610867e-05
1669,0.025426741689443588,-15.94709288920776,0.036254070699214935,-14.406432226547555,0.8588755130767822,0.9910422563552856,32.24632895499235,2.0639588591490478e-05
1670,0.03423413261771202,-14.655406712632665,0.03576838970184326,-14.465006114001335,0.8354863524436951,0.9940276145935059,31.00810866500251,2.0523398282026124e-05
1671,0.05339093506336212,-12.725324730410122,0.053445253521203995,-12.72090858474806,0.8329232931137085,0.9928994178771973,31.955667166999774,2.0407528676905954e-05
1672,0.05173030495643616,-12.862549613562111,0.046609796583652496,-13.31522792419393,0.8535054326057434,0.9891555905342102,31.303774037980475,2.0291980062026668e-05
1673,0.06400854885578156,-11.937620186194899,0.05449523776769638,-12.636414482030364,0.8331659436225891,0.990010678768158,31.36261545101297,2.0176752722492983e-05
1674,0.050048258155584335,-13.006110327930038,0.05221029743552208,-12.822438326526765,0.8491571545600891,0.9892773628234863,30.71971090201987,2.0061846942616865e-05
1675,0.040035463869571686,-13.975551351782297,0.035700585693120956,-14.47324658911944,0.8534711599349976,0.9906638860702515,30.62800376099767,1.994726300591698e-05
1676,0.07963119447231293,-10.989167697782296,0.0800919458270073,-10.964111550558762,0.794251024723053,0.990181565284729,31.68562974597444,1.9833001195117764e-05
1677,0.05091420188546181,-12.931610596941425,0.04784931242465973,-13.201242984699446,0.7946876883506775,0.9943329095840454,30.734618640999543,1.9719061792148864e-05
1678,0.05934477597475052,-12.26617505264736,0.06344582140445709,-11.975969756230345,0.7612802982330322,0.9933515191078186,32.89085184599389,1.960544507814445e-05
1679,0.04007483646273613,-13.971282412268906,0.049557071179151535,-13.048943683146309,0.7621055245399475,0.9929320812225342,31.418865765997907,1.949215133344244e-05
1680,0.03436853364109993,-14.638389969500523,0.04237313196063042,-13.729094344322462,0.7898094654083252,0.9932942390441895,31.107790116016986,1.937918083758395e-05
1681,0.034829363226890564,-14.580544655113687,0.03567586839199066,-14.476254468413764,0.7884388566017151,0.9929004311561584,31.816797256993596,1.9266533869312366e-05
1682,0.06037864461541176,-12.191166402731737,0.0716690942645073,-11.446680839911515,0.8078147768974304,0.9902821183204651,32.34651813301025,1.915421070657291e-05
1683,0.0297523345798254,-15.26478950749205,0.03669549897313118,-14.353872025211462,0.8033718466758728,0.9927529692649841,32.189255529025104,1.9042211626511903e-05
1684,0.0404384471476078,-13.932055298302746,0.04736857861280441,-13.24509646925895,0.8263530731201172,0.990164577960968,32.02964151799097,1.8930536905475815e-05
1685,0.03182031586766243,-14.972955135852189,0.03735614940524101,-14.276378963018688,0.8264639377593994,0.9920717477798462,31.644353037001565,1.8819186819011003e-05
1686,0.061601486057043076,-12.104088109033789,0.07222120463848114,-11.413352718782296,0.8057428598403931,0.9911323189735413,31.557039500999963,1.8708161641862728e-05
1687,0.04292762279510498,-13.672631607895859,0.04344695433974266,-13.620406624689316,0.8120545148849487,0.9888256788253784,31.318184360978194,1.8597461647974505e-05
1688,0.06716401875019073,-11.728633257970964,0.06209811195731163,-12.069216039868971,0.804745078086853,0.9899197220802307,31.389550104009686,1.8487087110487702e-05
1689,0.04320096969604492,-13.645065048205216,0.04863664507865906,-13.130363900190869,0.8145135641098022,0.9925875663757324,32.633521996991476,1.8377038301740364e-05
1690,0.04172150790691376,-13.796400035951788,0.04422134906053543,-13.543680125252013,0.8343564867973328,0.9927711486816406,29.846519054000964,1.8267315493267114e-05
1691,0.06263712048530579,-12.031682155997366,0.06153128296136856,-12.10904029529746,0.7778980731964111,0.9931521415710449,31.509509964002063,1.8157918955797995e-05
1692,0.04168975353240967,-13.799706723814156,0.038684602826833725,-14.124618576551766,0.7666372656822205,0.9957581758499146,32.85978367799544,1.804884895925813e-05
1693,0.046937715262174606,-13.284780539096628,0.050834059715270996,-12.93845205230018,0.7941949367523193,0.9934980273246765,31.5934277830238,1.7940105772766838e-05
1694,0.03924693912267685,-14.061942083080945,0.04363005980849266,-13.60214191667894,0.8287445306777954,0.9928401708602905,32.23822563298745,1.783168966463721e-05
1695,0.06726391613483429,-11.722178514627622,0.07070273160934448,-11.50563806848332,0.8345434069633484,0.9865770936012268,30.52240760999848,1.772360090237514e-05
1696,0.019096048548817635,-17.19056489849066,0.026752496138215065,-15.726356899451247,0.8406756520271301,0.9917770028114319,32.00815379200503,1.7615839752678917e-05
1697,0.04915161430835724,-13.084622138616977,0.0579569973051548,-12.368941229791252,0.8230515718460083,0.9906578660011292,32.564137278008275,1.7508406481438538e-05
1698,0.03624913468956947,-14.407023560887438,0.04694049805402756,-13.28452306697319,0.8008821606636047,0.9938059449195862,31.209824207995553,1.7401301353734798e-05
1699,0.055373415350914,-12.566986890084541,0.05385250225663185,-12.687941123950754,0.7703448534011841,0.996025025844574,32.364410567010054,1.7294524633839055e-05
1700,0.0434437058866024,-13.620731351252672,0.053260430693626404,-12.735953259266806,0.7530974745750427,0.9942203164100647,30.92368431398063,1.7188076585212204e-05
1701,0.037664707750082016,-14.240653980066472,0.05393857881426811,-12.681005006124188,0.730499804019928,0.9934556484222412,32.47440641999128,1.70819574705042e-05
1702,0.05726267397403717,-12.421283757435377,0.0659589096903801,-11.807265319076098,0.6993615031242371,0.9932370781898499,31.011185714014573,1.6976167551553508e-05
1703,0.04288746044039726,-13.67669669520808,0.04757405444979668,-13.226298346937472,0.6848927736282349,0.994800865650177,31.25794033400598,1.6870707089386103e-05
1704,0.033105384558439255,-14.801013628929972,0.036122437566518784,-14.422229508722753,0.6736183166503906,0.9944630265235901,31.81323640802293,1.6765576344215266e-05
1705,0.081413134932518,-10.893055217821113,0.06426990777254105,-11.919923232959317,0.7290881872177124,0.9922481775283813,31.42261820298154,1.666077557544071e-05
1706,0.03852096572518349,-14.143028335855314,0.040002960711717606,-13.97907864331756,0.7263198494911194,0.9941604733467102,30.30917887200485,1.6556305041647793e-05
1707,0.07604016363620758,-11.189569572108578,0.07501562684774399,-11.248482573116272,0.7677926421165466,0.9889501333236694,32.00432594801532,1.6452165000607274e-05
1708,0.05628102272748947,-12.49638019245398,0.051213596016168594,-12.90614728645538,0.8047317862510681,0.9919037818908691,31.281625417992473,1.634835570927431e-05
1709,0.060823336243629456,-12.159297618818785,0.0666801929473877,-11.760031521508886,0.810577392578125,0.9920510649681091,30.08476619599969,1.6244877423788017e-05
1710,0.05519508942961693,-12.580995586485326,0.05640707537531853,-12.486664172193606,0.8144343495368958,0.9941322207450867,30.71045054899878,1.6141730399470774e-05
1711,0.02772425301373005,-15.571401463853356,0.042552798986434937,-13.71071868133603,0.7940748929977417,0.9958248734474182,31.99880203101202,1.603891489082756e-05
1712,0.047587838023900986,-13.22504025295457,0.05693459510803223,-12.446237634928254,0.8244543671607971,0.9914783239364624,31.04472350902506,1.593643115154552e-05
1713,0.04624099284410477,-13.34972849706011,0.04727783054113388,-13.253424603247037,0.8538132309913635,0.9892880320549011,32.37825022402103,1.5834279434493022e-05
1714,0.06521879136562347,-11.856272537924013,0.06875427067279816,-11.627003204437354,0.8605902791023254,0.9813028573989868,31.350646953011164,1.5732459991719317e-05
1715,0.040792178362607956,-13.894231020858525,0.055174365639686584,-12.582626513757882,0.8201348185539246,0.9890351891517639,31.174106838996522,1.5630973074453704e-05
1716,0.02961971051990986,-15.284191902370187,0.038021765649318695,-14.199677192857905,0.8194847106933594,0.9919491410255432,30.60136773099657,1.5529818933105136e-05
1717,0.038548607379198074,-14.139913067964216,0.04126919060945511,-13.84374048613741,0.8836492300033569,0.989446222782135,30.94769944899599,1.542899781726132e-05
1718,0.07247979938983917,-11.397830173672826,0.0729958564043045,-11.367017918163357,0.8808757662773132,0.9834666848182678,31.727251084026648,1.5328509975688374e-05
1719,0.013451487757265568,-18.712296792695636,0.024644901975989342,-16.08272904875347,0.8480443954467773,0.9908241629600525,31.20303867702023,1.5228355656330135e-05
1720,0.049330346286296844,-13.068858358832001,0.10834299772977829,-9.651991521351551,0.8849607110023499,0.9905954003334045,32.495958376006456,1.5128535106307278e-05
1721,0.04801955819129944,-13.18581840020955,0.044171687215566635,-13.548560117705842,0.8652406334877014,0.9933379888534546,31.08101287399768,1.5029048571917223e-05
1722,0.03714965656399727,-14.300451967786685,0.05507431924343109,-12.59050862315448,0.8523303866386414,0.9919490814208984,31.002584900998045,1.4929896298633005e-05
1723,0.05733012408018112,-12.416171182686886,0.06591052561998367,-11.810452249493801,0.8221826553344727,0.9917734861373901,30.177953734993935,1.4831078531103037e-05
1724,0.02894185110926628,-15.38473695011589,0.03877430781722069,-14.11455946278004,0.8081456422805786,0.9908326864242554,31.352649735985324,1.4732595513150396e-05
1725,0.05074125528335571,-12.946387930006601,0.05600477755069733,-12.517749234252765,0.8145344257354736,0.9902355074882507,31.63853260598262,1.4634447487772026e-05
1726,0.0317494198679924,-14.982642058049878,0.045045848935842514,-13.463452239276666,0.8339260220527649,0.9871951341629028,31.432942450017435,1.4536634697138524e-05
1727,0.03905704990029335,-14.083005634028769,0.04462552070617676,-13.504167033406084,0.8103545308113098,0.993803858757019,31.140806502022315,1.4439157382593174e-05
1728,0.05304785817861557,-12.75332146155705,0.04217568412423134,-13.749378640582638,0.8096562027931213,0.9923429489135742,31.700100246001966,1.434201578465159e-05
1729,0.048035621643066406,-13.184365845846603,0.05252183601260185,-12.796601006206597,0.7966793775558472,0.9914087653160095,31.072969658998773,1.4245210143000955e-05
1730,0.03240326792001724,-14.894111882965863,0.0344301201403141,-14.630614618547593,0.767462432384491,0.9955286383628845,31.0897749819851,1.4148740696499636e-05
1731,0.033672578632831573,-14.727236242248441,0.04062570258975029,-13.911991151540573,0.7578803896903992,0.9935735464096069,30.89705036097439,1.4052607683176364e-05
1732,0.03165892884135246,-14.995037832742096,0.037859827280044556,-14.21821371646928,0.780500054359436,0.9921660423278809,31.733425206009997,1.3956811340229806e-05
1733,0.05780972167849541,-12.379991214975764,0.05969869717955589,-12.240351464831825,0.7983170747756958,0.9901165962219238,31.428999077994376,1.3861351904027894e-05
1734,0.04259732365608215,-13.706176862839904,0.051490746438503265,-12.882708123443011,0.8117731809616089,0.9904424548149109,32.48744901502505,1.376622961010729e-05
1735,0.07988734543323517,-10.975220097140646,0.07100638002157211,-11.4870262756102,0.8194295763969421,0.9891483783721924,31.900614092010073,1.3671444693172854e-05
1736,0.03544366732239723,-14.504613484126839,0.044970523566007614,-13.470720561514561,0.8283870220184326,0.9920774102210999,31.174766392010497,1.3576997387096904e-05
1737,0.0588344968855381,-12.303679559917526,0.04278473183512688,-13.687111857140785,0.8399460911750793,0.9885093569755554,30.55594280301011,1.3482887924918772e-05
1738,0.05131646618247032,-12.897432581790353,0.06191577389836311,-12.081986943604093,0.8397336602210999,0.9848037958145142,31.374965275026625,1.3389116538844252e-05
1739,0.024512700736522675,-16.10608836818644,0.04578595235943794,-13.39267747938236,0.8247984647750854,0.9921477437019348,31.236321596981725,1.3295683460244844e-05
1740,0.039902277290821075,-13.99002317670429,0.05455228313803673,-12.631870684682085,0.8294350504875183,0.9910213351249695,31.86584398098057,1.3202588919657413e-05
1741,0.04556115344166756,-13.414052896973105,0.044078171253204346,-13.557764320937281,0.8365764617919922,0.9922037720680237,30.62111787998583,1.3109833146783552e-05
1742,0.03969643637537956,-14.012484789179965,0.056383226066827774,-12.488500788125382,0.8424491286277771,0.991844654083252,32.04224398001679,1.3017416370488773e-05
1743,0.0360226072371006,-14.434248570872219,0.04055909812450409,-13.919117105650463,0.8462256193161011,0.9915091395378113,31.042764711979544,1.2925338818802436e-05
1744,0.03459664434194565,-14.609660229995978,0.049975961446762085,-13.01238842083458,0.8426150679588318,0.9932660460472107,30.98815373700927,1.2833600718916609e-05
1745,0.03344700112938881,-14.756428151430587,0.04726323485374451,-13.254765571114607,0.8649527430534363,0.9926403760910034,31.377799430978484,1.2742202297186018e-05
1746,0.026037586852908134,-15.843992683601796,0.03447405993938446,-14.625075675964931,0.8675711750984192,0.9913218021392822,32.28271092797513,1.265114377912716e-05
1747,0.05116914585232735,-12.909918324764408,0.04754122346639633,-13.229296459502468,0.8755384087562561,0.9892110824584961,31.860192842024844,1.2560425389417849e-05
1748,0.03860343247652054,-14.133740777176138,0.03787289187312126,-14.216715320320006,0.899576723575592,0.987073540687561,32.43977443300537,1.2470047351896756e-05
1749,0.07345641404390335,-11.33970276624041,0.06568921357393265,-11.82505937433682,0.9364259243011475,0.9836758375167847,30.7955351859855,1.2380009889562658e-05
1750,0.043325554579496384,-13.632558694747987,0.05643399432301521,-12.484592098489212,0.9413185715675354,0.9867148995399475,32.32618796499446,1.2290313224574061e-05
1751,0.04266013577580452,-13.69977766631008,0.05285636708140373,-12.769026900557103,0.9467130303382874,0.9878576397895813,31.896267380012432,1.220095757824853e-05
1752,0.02724388800561428,-15.647309136709367,0.034717023372650146,-14.594575181676676,0.9286237955093384,0.9932124614715576,32.05911187498714,1.2111943171062333e-05
1753,0.03796559199690819,-14.206098237744664,0.03426530584692955,-14.651453873698523,0.9245513677597046,0.9944018125534058,31.312853145995177,1.2023270222649566e-05
1754,0.05584871768951416,-12.529867940134942,0.055800799280405045,-12.533595802556539,0.9334351420402527,0.9872214794158936,31.193012069998076,1.1934938951801965e-05
1755,0.015201025642454624,-18.181271083535606,0.025015240535140038,-16.01795316765538,0.93967205286026,0.993243396282196,31.52379846200347,1.1846949576468165e-05
1756,0.04421902820467949,-13.543908060709303,0.0430431105196476,-13.660963518132977,0.9524447917938232,0.9900143146514893,32.22248021798441,1.1759302313753164e-05
1757,0.047482628375291824,-13.234652489060302,0.0527169294655323,-12.780498934553313,0.9147138595581055,0.9937677979469299,31.33970266301185,1.1671997379917963e-05
1758,0.052180398255586624,-12.824926105562675,0.050380829721689224,-12.97734684376251,0.8845281600952148,0.9957622289657593,30.78574202899472,1.1585034990378682e-05
1759,0.03748682513833046,-14.261213395959508,0.03824998810887337,-14.173686955121202,0.8861473202705383,0.9932828545570374,31.937182677007513,1.149841535970643e-05
1760,0.04626051336526871,-13.347895520474442,0.04657804220914841,-13.318187698845975,0.9040840268135071,0.9910978078842163,30.561739448981825,1.1412138701626585e-05
1761,0.043626755475997925,-13.602470843047572,0.04987378045916557,-13.021277107717822,0.9044384360313416,0.9919354319572449,31.163998609990813,1.1326205229018126e-05
1762,0.0449015311896801,-13.477388488335457,0.055022694170475006,-12.594581483127747,0.9250966906547546,0.9895557165145874,31.721424229996046,1.1240615153913437e-05
1763,0.04105229303240776,-13.866625797395965,0.0513886883854866,-12.891324668406218,0.9325739145278931,0.9911497235298157,31.755612943001324,1.1155368687497484e-05
1764,0.04120658338069916,-13.850333932402279,0.04366707429289818,-13.598459049547904,0.9324657320976257,0.9920588731765747,32.20115269898088,1.1070466040107468e-05
1765,0.028293045237660408,-15.483203060187813,0.03349459916353226,-14.750252151164517,0.9377394914627075,0.9935265183448792,31.364077776990598,1.0985907421232207e-05
1766,0.048567261546850204,-13.13656383415702,0.05405818298459053,-12.671385559845639,0.9201468825340271,0.9909133911132812,31.96078760799719,1.0901693039511671e-05
1767,0.05631953850388527,-12.493409125591777,0.055439967662096024,-12.561770317105182,0.9160698652267456,0.9880149364471436,30.148955843003932,1.0817823102736522e-05
1768,0.033599939197301865,-14.736615084990214,0.035210542380809784,-14.533272850231747,0.8939220905303955,0.9907916784286499,31.99570631198003,1.0734297817847477e-05
1769,0.04097241535782814,-13.875084332621073,0.04618429020047188,-13.355057265881127,0.8920062780380249,0.9868508577346802,30.42741987502086,1.0651117390934864e-05
1770,0.038827911019325256,-14.108559742942848,0.03894561156630516,-14.09541471995971,0.8910701870918274,0.9914596676826477,31.12620617900393,1.0568282027238105e-05
1771,0.04967070370912552,-13.038996870903524,0.04958139732480049,-13.046812379083907,0.8964255452156067,0.9904106855392456,31.09344472902012,1.0485791931145273e-05
1772,0.057504765689373016,-12.402961617927058,0.04298117384314537,-13.667217278144806,0.8685837984085083,0.9932138919830322,31.547026921994984,1.0403647306192438e-05
1773,0.05424880608916283,-12.656098153441297,0.0728193148970604,-11.377534113316488,0.8529930710792542,0.9908654093742371,30.775644628010923,1.0321848355063272e-05
1774,0.03138747438788414,-15.032436286484623,0.05059663578867912,-12.958783587837324,0.86741042137146,0.9908030033111572,31.09079576501972,1.0240395279588653e-05
1775,0.03847801312804222,-14.147873615139304,0.04274916276335716,-13.690723864417807,0.8693253397941589,0.9927459955215454,30.854251276992727,1.0159288280745845e-05
1776,0.060713283717632294,-12.16716277383753,0.057459644973278046,-12.406370617096876,0.8782321214675903,0.986581027507782,31.918821338011185,1.0078527558658387e-05
1777,0.057948678731918335,-12.369564617805295,0.05666537582874298,-12.46682226454416,0.8621867299079895,0.9829386472702026,31.499681147979572,9.99811331259523e-06
1778,0.08257574588060379,-10.831474947688317,0.09239634871482849,-10.343451907268557,0.841295599937439,0.9824865460395813,31.329642464988865,9.918045740970618e-06
1779,0.03900042176246643,-14.089306963438673,0.04119609296321869,-13.851439704848335,0.7971525192260742,0.9911167621612549,32.08368265701574,9.838325041343328e-06
1780,0.06573808938264847,-11.821829224356634,0.06351517140865326,-11.971225255345466,0.822583019733429,0.9886188507080078,30.098876222997205,9.758951410416201e-06
1781,0.024497002363204956,-16.108870558939874,0.028539389371871948,-15.445553232616385,0.7764689326286316,0.9959825873374939,32.46670285100117,9.679925044035832e-06
1782,0.05040545016527176,-12.975225022614953,0.035722535103559494,-14.470577283150178,0.8076262474060059,0.9923619627952576,31.30958365299739,9.601246137191898e-06
1783,0.03366895765066147,-14.727703286115808,0.03419191762804985,-14.660765414274382,0.8212079405784607,0.993798017501831,31.094898848998128,9.52291488401677e-06
1784,0.06262150406837463,-12.032765055280269,0.05529942736029625,-12.572793658945205,0.8452003598213196,0.9877440333366394,31.137516624003183,9.444931477785073e-06
1785,0.06065015867352486,-12.171680585833863,0.06753867864608765,-11.704474403232311,0.8570206761360168,0.9868088960647583,30.72242938898853,9.367296110913093e-06
1786,0.04615340009331703,-13.357962992359713,0.05758131667971611,-12.39718408568191,0.8482805490493774,0.9887669682502747,30.881689436995657,9.290008974958359e-06
1787,0.03169679269194603,-14.989846805653873,0.034653350710868835,-14.602547660934526,0.8361282348632812,0.9913588166236877,31.52116096401005,9.213070260619213e-06
1788,0.07176785171031952,-11.440700536824577,0.07361181080341339,-11.330524987648731,0.847791850566864,0.9878700971603394,30.929319529008353,9.136480157734267e-06
1789,0.048701211810112,-13.12460232289855,0.05294035002589226,-12.762131915906721,0.8485798239707947,0.9885249137878418,31.559011592005845,9.060238855281993e-06
1790,0.042942699044942856,-13.671106626496186,0.04897213727235794,-13.100509418104382,0.862040638923645,0.988259494304657,32.619635095994454,8.98434654138024e-06
1791,0.04761923849582672,-13.222175538969186,0.05565016344189644,-12.54533555817255,0.8788042068481445,0.9890788197517395,32.45277793498826,8.908803403285752e-06
1792,0.05701901391148567,-12.439802976556226,0.07439368963241577,-11.284639014650821,0.8537769913673401,0.9879924654960632,31.25653550599236,8.833609627393673e-06
1793,0.06876370310783386,-11.626407434389169,0.14685605466365814,-8.331081434330116,0.8723447918891907,0.9873684644699097,31.63947203499265,8.758765399237246e-06
1794,0.0635526180267334,-11.968665541331248,0.0742998719215393,-11.290119348717582,0.8864697813987732,0.9858001470565796,30.436764782993123,8.684270903487079e-06
1795,0.03533247113227844,-14.518259871896518,0.04369529336690903,-13.595653404764787,0.8942739963531494,0.9873738288879395,31.473256124998443,8.610126323950956e-06
1796,0.038678061217069626,-14.125353035496559,0.05028115585446358,-12.985947473766938,0.901186466217041,0.991182804107666,31.2824909290066,8.53633184357333e-06
1797,0.03642398864030838,-14.386124981330388,0.04826221615076065,-13.163927396095222,0.8828415274620056,0.9934752583503723,30.88207271898864,8.46288764443463e-06
1798,0.048618875443935394,-13.131950906121261,0.043235909193754196,-13.641554039460662,0.8895328640937805,0.9925154447555542,32.18333995199646,8.389793907751242e-06
1799,0.04852127283811569,-13.140678149828407,0.052255503833293915,-12.818679605474381,0.8801149129867554,0.9911074042320251,31.71823716099607,8.317050813874564e-06
1800,0.034957073628902435,-14.56464930716689,0.04438862204551697,-13.527283365444134,0.8913018107414246,0.9896712303161621,30.18164308500127,8.244658542291038e-06
1801,0.05786781758069992,-12.375628962453614,0.050097767263650894,-13.001816291477073,0.8726422786712646,0.989554762840271,31.142276492988458,8.172617271621377e-06
1802,0.03706995025277138,-14.309779967739724,0.04921864718198776,-13.078703274279668,0.8581991791725159,0.9911652207374573,31.161217627988663,8.10092717962022e-06
1803,0.03809807077050209,-14.190970157811897,0.05916573852300644,-12.279297101239983,0.8691030144691467,0.9895471930503845,31.176570321025793,8.029588443175816e-06
1804,0.028278453275561333,-15.4854434847573,0.04029268026351929,-13.947738424310678,0.8478761315345764,0.9943558573722839,31.048812003980856,7.95860123830934e-06
1805,0.06719662249088287,-11.726525553688084,0.06944011151790619,-11.583895903660304,0.86955326795578,0.9889249801635742,31.90574309899239,7.887965740174698e-06
1806,0.05513311177492142,-12.585874947514071,0.06430531293153763,-11.917531439970386,0.8763048648834229,0.9897795915603638,31.169379847007804,7.817682123057916e-06
1807,0.052064359188079834,-12.83459472559745,0.050241004675626755,-12.989416845345458,0.8779077529907227,0.989467442035675,31.211095696984557,7.747750560376898e-06
1808,0.04002368450164795,-13.976829335530676,0.03911873698234558,-14.076151756129242,0.8747221231460571,0.9896578788757324,31.188807503000135,7.678171224680788e-06
1809,0.04598861560225487,-13.373496638096674,0.047184184193611145,-13.262035494178477,0.853730320930481,0.9926081895828247,30.537039696006104,7.608944287649665e-06
1810,0.053476519882678986,-12.7183686327416,0.07064676284790039,-11.509077334483873,0.8704406023025513,0.9876115322113037,30.75741288199788,7.54006992009415e-06
1811,0.04102182760834694,-13.869849947971693,0.032110147178173065,-14.933577038088877,0.8276758193969727,0.9951872825622559,30.90064410699415,7.471548291954851e-06
1812,0.039853427559137344,-13.995343215341025,0.03831901773810387,-14.165856320557712,0.8402270674705505,0.9917978048324585,30.815856403991347,7.403379572302156e-06
1813,0.04481244832277298,-13.486013278018078,0.05225968360900879,-12.818332239015223,0.8506492376327515,0.9910253882408142,30.608098361000884,7.335563929335495e-06
1814,0.037075433880090714,-14.309137578704254,0.03496594354510307,-14.563547479517823,0.8527591824531555,0.9927047491073608,31.15621642000042,7.2681015303832944e-06
1815,0.04677847400307655,-13.299539497440222,0.055179622024297714,-12.582212787189157,0.8489847779273987,0.9912493228912354,30.948583062010584,7.200992541902329e-06
1816,0.022732524201273918,-16.433523378670532,0.030707169324159622,-15.127602162213346,0.8349222540855408,0.9947931170463562,32.540911462012446,7.134237129477308e-06
1817,0.05015935003757477,-12.996480996990558,0.04928925260901451,-13.072477671527912,0.8571165800094604,0.9923495054244995,31.75642152701039,7.067835457820622e-06
1818,0.07096454501152039,-11.489585773554897,0.06402499228715897,-11.936504651705082,0.8637072443962097,0.9888944029808044,31.12192755099386,7.001787690771751e-06
1819,0.02922244556248188,-15.342834417117196,0.036058925092220306,-14.429872236214065,0.8533865213394165,0.9934961199760437,31.61377641701256,6.936093991297028e-06
1820,0.025965120643377304,-15.856096551576748,0.029945680871605873,-15.236658079478158,0.8541655540466309,0.9930473566055298,32.459471334004775,6.870754521489125e-06
1821,0.06705284118652344,-11.735828153377927,0.06443867087364197,-11.908534260082781,0.8541905879974365,0.9928750991821289,31.233593400014797,6.8057694425666574e-06
1822,0.052635353058576584,-12.787224596233433,0.0556761659681797,-12.543306792121363,0.8604536056518555,0.9914424419403076,31.18356177699752,6.741138914873882e-06
1823,0.03725830465555191,-14.287769104450208,0.051044974476099014,-12.920470089992161,0.8527852296829224,0.992399275302887,31.35064295202028,6.676863097880185e-06
1824,0.06321348249912262,-11.991902832535537,0.06424307823181152,-11.921736578368558,0.8387273550033569,0.9917704463005066,32.42690599299385,6.612942150179764e-06
1825,0.04381353408098221,-13.5839171439999,0.04604945704340935,-13.367754860753207,0.8228381872177124,0.9935165047645569,30.797384005010827,6.5493762294911635e-06
1826,0.04162771999835968,-13.80617375296584,0.04243800416588783,-13.722450488915534,0.8267746567726135,0.9950529932975769,31.198615246015834,6.486165492657047e-06
1827,0.04314945265650749,-13.650247088556508,0.04413071274757385,-13.552590582706205,0.8492377400398254,0.9914108514785767,31.963698359992122,6.423310095643562e-06
1828,0.054822176694869995,-12.610437249395716,0.059361960738897324,-12.264917626405111,0.8551552891731262,0.989374577999115,31.552529431006406,6.3608101935401726e-06
1829,0.052995629608631134,-12.757599438837675,0.05073622241616249,-12.946818714551405,0.8379850387573242,0.9897452592849731,30.985149237996666,6.298665940559217e-06
1830,0.035463713109493256,-14.502157949907449,0.048154279589653015,-13.173651099929536,0.828100323677063,0.9912703633308411,31.4722177030053,6.236877490035371e-06
1831,0.028524670749902725,-15.447793597718462,0.03156682848930359,-15.007690493510538,0.7968223094940186,0.9951349496841431,31.461393500998383,6.175444994425568e-06
1832,0.036598388105630875,-14.36538041704255,0.04258403927087784,-13.707531463198034,0.8040441870689392,0.9932273626327515,30.76695169400773,6.1143686053083655e-06
1833,0.044341471046209335,-13.531899030779096,0.049429573118686676,-13.06013140147458,0.8038990497589111,0.9925013780593872,32.62568104400998,6.0536484733836525e-06
1834,0.043435562402009964,-13.621545508761573,0.044652774930000305,-13.50151546858886,0.8079964518547058,0.9917298555374146,30.753314481000416,5.993284748472392e-06
1835,0.027551136910915375,-15.598604750559858,0.033529166132211685,-14.745772472943536,0.8055665493011475,0.9929316639900208,31.20188799998141,5.93327757951598e-06
1836,0.026605917140841484,-15.75021765764793,0.03286643698811531,-14.83247374708726,0.8015393614768982,0.9930816292762756,32.25829450102174,5.873627114576193e-06
1837,0.0234517939388752,-16.298239304162998,0.03559374809265137,-14.486262775009767,0.7793986201286316,0.9946779012680054,31.312319412012585,5.814333500834642e-06
1838,0.06119408831000328,-12.132905310884132,0.05355152487754822,-12.712281581297866,0.8019646406173706,0.9918683171272278,31.36096357399947,5.755396884592356e-06
1839,0.05552977696061134,-12.554740708914885,0.05850508064031601,-12.328064177010987,0.7991430759429932,0.9923737645149231,31.585605664993636,5.696817411269665e-06
1840,0.046946316957473755,-13.283984734160372,0.04926792159676552,-13.074357583595656,0.8045656681060791,0.9926261901855469,30.43957782399957,5.6385952254055395e-06
1841,0.06977767497301102,-11.562835055496983,0.06387319415807724,-11.946813651794908,0.8232337832450867,0.9882180094718933,32.190007205994334,5.580730470657438e-06
1842,0.05205680429935455,-12.835224961830043,0.06162252277135849,-12.102605260176647,0.7872523665428162,0.9927281737327576,32.05114800500451,5.523223289800909e-06
1843,0.06794404983520508,-11.678485703730006,0.08706460893154144,-10.601583463563243,0.7844564318656921,0.9914878606796265,30.84218177999719,5.466073824729194e-06
1844,0.039410706609487534,-14.043857784232953,0.06711573898792267,-11.731756235789367,0.7819514274597168,0.9928228259086609,31.242241586005548,5.409282216452912e-06
1845,0.04019930586218834,-13.9578144597995,0.07825706899166107,-11.064764220135539,0.7931249737739563,0.9917144775390625,31.193929558998207,5.352848605099726e-06
1846,0.03613530099391937,-14.42068323403755,0.04953590780496597,-13.05079873622091,0.807188093662262,0.9897568225860596,31.041991060017608,5.296773129913964e-06
1847,0.06772252917289734,-11.692668310451385,0.07827483117580414,-11.063778603965975,0.821540117263794,0.9860803484916687,32.058704489987576,5.24105592925625e-06
1848,0.047267619520425797,-13.254362689630332,0.04895595461130142,-13.101944765271474,0.7920459508895874,0.9903103113174438,31.156292050000047,5.185697140603308e-06
1849,0.039388757199048996,-14.046277218990518,0.0500868521630764,-13.002762617968047,0.8111905455589294,0.9877859354019165,31.14169197701267,5.130696900547363e-06
1850,0.03606758639216423,-14.428829192619602,0.04638716205954552,-13.336021965510001,0.8021746873855591,0.9914607405662537,31.706957510992652,5.076055344796076e-06
1851,0.055535607039928436,-12.554284766444324,0.054593928158283234,-12.628556560782712,0.8016590476036072,0.9902756214141846,31.128954019019147,5.021772608172093e-06
1852,0.03611253574490547,-14.423420152621997,0.039330754429101944,-14.052677230108522,0.7845255732536316,0.9934129118919373,31.524117680994095,4.967848824612618e-06
1853,0.04943365603685379,-13.059772685934705,0.04511740431189537,-13.45655894064902,0.7995720505714417,0.99185711145401,32.39069803498569,4.914284127169258e-06
1854,0.02601151168346405,-15.848344076217472,0.03738962858915329,-14.27248848888254,0.8196983337402344,0.9917337894439697,31.38655187402037,4.8610786480075305e-06
1855,0.04051987826824188,-13.923318680273528,0.042467568069696426,-13.719426084163732,0.8198679685592651,0.9915443062782288,30.773412544018356,4.808232518406711e-06
1856,0.03362168371677399,-14.733805416095564,0.05345390737056732,-12.720205432543214,0.8033541440963745,0.9922357797622681,32.034340625978075,4.755745868759401e-06
1857,0.04083125665783882,-13.890072536405382,0.05207684636116028,-12.833553233834284,0.808354914188385,0.9909535050392151,32.091262992005795,4.703618828571114e-06
1858,0.05485078692436218,-12.60817137371113,0.07124829292297363,-11.472255366889941,0.8218720555305481,0.9879913926124573,30.882310615997994,4.651851526460178e-06
1859,0.05191407352685928,-12.847148921140004,0.04457150399684906,-13.509427110575018,0.8035158514976501,0.9918029308319092,30.915275245992234,4.6004440901572835e-06
1860,0.025268081575632095,-15.974277296792058,0.03111300803720951,-15.070579988159869,0.8126718997955322,0.9914690852165222,30.366234165994683,4.549396646505139e-06
1861,0.028176456689834595,-15.501136221695994,0.038709476590156555,-14.121827009390993,0.81812983751297,0.9907055497169495,30.118616763997125,4.498709321458235e-06
1862,0.05732566490769386,-12.416508992757027,0.06685192883014679,-11.748860578314815,0.8121591210365295,0.9902806282043457,31.24812209699303,4.448382240082529e-06
1863,0.051888979971408844,-12.849248665320596,0.06136674806475639,-12.12066890151247,0.8045936822891235,0.9916495680809021,31.147136635001516,4.398415526555084e-06
1864,0.06168317422270775,-12.098332855347603,0.049407534301280975,-13.062068191652935,0.8032576441764832,0.9926304221153259,31.091850162978517,4.348809304163816e-06
1865,0.03106074221432209,-15.077881707527443,0.042910169810056686,-13.674397668036375,0.7925523519515991,0.9946459531784058,31.17281439198996,4.299563695307112e-06
1866,0.04563421383500099,-13.407094268831003,0.054195575416088104,-12.660361682656866,0.8137364387512207,0.9920347332954407,32.42362357900129,4.250678821493618e-06
1867,0.053551606833934784,-12.712274934768326,0.05717994272708893,-12.427562839708141,0.831718921661377,0.9904548525810242,31.16963136199047,4.202154803341935e-06
1868,0.06009691581130028,-12.211478155192054,0.06725749373435974,-11.722593201492925,0.8114163279533386,0.9910755157470703,32.24233894198551,4.153991760580226e-06
1869,0.06503970175981522,-11.868214588643141,0.054372500628232956,-12.646206930328008,0.8029913902282715,0.9921340942382812,31.640975388989318,4.106189812046013e-06
1870,0.06724945455789566,-11.7231123374968,0.0653911754488945,-11.844808558347477,0.8030279874801636,0.9905180931091309,31.202727284980938,4.058749075685895e-06
1871,0.047575876116752625,-13.22613205361446,0.07065241783857346,-11.508729713042067,0.8062268495559692,0.9906861782073975,32.044011851015966,4.011669668555103e-06
1872,0.04788650572299957,-13.197868522485068,0.053082071244716644,-12.750521394429548,0.8240509629249573,0.9867474436759949,31.432687265012646,3.964951706817446e-06
1873,0.04774769768118858,-13.210475645624777,0.05289504677057266,-12.765849945147297,0.8023308515548706,0.9902560114860535,31.305403549980838,3.9185953057448345e-06
1874,0.0667719766497612,-11.754057671570852,0.07387567311525345,-11.314985490299064,0.8106750845909119,0.9877268671989441,30.68205051397672,3.872600579717059e-06
1875,0.048896126449108124,-13.10725544311472,0.03991665318608284,-13.988458792913463,0.7998842000961304,0.9922345280647278,31.12520412701997,3.826967642221579e-06
1876,0.056455567479133606,-12.482932227970844,0.06741362065076828,-11.712523471401424,0.8223572373390198,0.9888089895248413,32.4466171739914,3.7816966058530723e-06
1877,0.0749949961900711,-11.249677125963302,0.06417261064052582,-11.926502925750015,0.8101017475128174,0.9895746111869812,30.738134290993912,3.7367875823133874e-06
1878,0.03736187145113945,-14.275713781330202,0.05126773938536644,-12.901558320363263,0.8142019510269165,0.9880273938179016,32.04671277900343,3.6922406824110252e-06
1879,0.05885312333703041,-12.302304841803139,0.05944770947098732,-12.258648741460549,0.8034989833831787,0.9911499619483948,30.556899160001194,3.6480560160610444e-06
1880,0.042537935078144073,-13.712235958977761,0.055902741849422455,-12.525668908379693,0.8092761635780334,0.9890456795692444,32.192674329999136,3.604233692284741e-06
1881,0.06078621372580528,-12.161949072614963,0.06259269267320633,-12.034763651363424,0.8154363036155701,0.9887130856513977,31.439458470005775,3.560773819209321e-06
1882,0.047343719750642776,-13.24737622956409,0.04990488663315773,-13.018569266342709,0.8290862441062927,0.9876065850257874,31.813355490012327,3.517676504067699e-06
1883,0.04875490441918373,-13.119816906220787,0.04624233394861221,-13.349602542618921,0.8347585797309875,0.9878422021865845,31.3879615390033,3.474941853198214e-06
1884,0.0400054045021534,-13.978813339883686,0.04587159678339958,-13.384561418696851,0.8274607062339783,0.9871022701263428,32.69762754099793,3.4325699720444005e-06
1885,0.044887758791446686,-13.478720780105085,0.042711228132247925,-13.69457940541704,0.8288699388504028,0.9876779317855835,31.014793614012888,3.3905609651546233e-06
1886,0.05345615744590759,-12.72002262556317,0.06864877045154572,-11.633672368752471,0.8279160261154175,0.9878664016723633,31.438888471981045,3.348914936181941e-06
1887,0.06994294375181198,-11.552560930919986,0.06819464266300201,-11.662497419542234,0.8108993172645569,0.9911262392997742,32.176340425998205,3.3076319878838115e-06
1888,0.07121212035417557,-11.474460828323227,0.058628007769584656,-12.318948632592068,0.8167610168457031,0.9905142188072205,30.86325790101546,3.266712222121773e-06
1889,0.026881057769060135,-15.705536457870464,0.024746431037783623,-16.064874267072636,0.8161520957946777,0.9922547936439514,31.81804385498981,3.226155739861315e-06
1890,0.028612995520234108,-15.434366731195261,0.03222380951046944,-14.918231184167631,0.8111751675605774,0.9932123422622681,31.94215285399696,3.1859626411714937e-06
1891,0.05896198749542236,-12.294278856615364,0.03992362320423126,-13.987700518878077,0.8142516016960144,0.9926861524581909,31.921009356010472,3.1461330252248e-06
1892,0.03650437295436859,-14.376551071427164,0.05650857090950012,-12.47885675776458,0.7995567321777344,0.9932703375816345,31.403069092018995,3.1066669902968615e-06
1893,0.0398196205496788,-13.999028827699735,0.04956962168216705,-13.047843956306558,0.8085283637046814,0.9905814528465271,32.25849827899947,3.0675646337661743e-06
1894,0.03148834779858589,-15.018501262909663,0.04841402918100357,-13.150287723747189,0.8012951612472534,0.9923834800720215,31.388770545978332,3.0288260521139418e-06
1895,0.03774196282029152,-14.231755175179535,0.047743991017341614,-13.210812802434491,0.7991052269935608,0.9906927347183228,31.884620715980418,2.9904513409237374e-06
1896,0.032482028007507324,-14.883568635007943,0.03691866993904114,-14.327539535861531,0.8079939484596252,0.9902434945106506,31.644975269009592,2.9524405948813594e-06
1897,0.05673824995756149,-12.461240637650697,0.03931045904755592,-14.054918846690807,0.7927252650260925,0.9931186437606812,30.507695279986365,2.914793907774546e-06
1898,0.05484016612172127,-12.609012383086393,0.0581982359290123,-12.35090179224208,0.8382579684257507,0.9884456992149353,32.51116136001656,2.8775113724927446e-06
1899,0.045783158391714096,-13.392942504292066,0.04425854608416557,-13.540028569600707,0.8217930197715759,0.9910324215888977,30.474046999996062,2.8405930810269286e-06
1900,0.03644538298249245,-14.383574816613912,0.03377922624349594,-14.713503027103744,0.8029330968856812,0.992710292339325,31.39657746598823,2.804039124469282e-06
1901,0.0563877709209919,-12.488150732678807,0.058409348130226135,-12.335176406117212,0.81430983543396,0.9922342896461487,31.430461718002334,2.767849593013083e-06
1902,0.048836782574653625,-13.11252955613043,0.0671800747513771,-11.727595172474532,0.8224357962608337,0.9897692799568176,31.206297955010086,2.7320245759523727e-06
1903,0.036024607717990875,-14.43400739630009,0.03744997829198837,-14.265484296931689,0.8098809123039246,0.9947656393051147,32.083321851008805,2.696564161681872e-06
1904,0.05454740300774574,-12.632259212593134,0.04620474576950073,-13.353134150047062,0.8182163238525391,0.9928757548332214,31.40064097798313,2.6614684376965825e-06
1905,0.02434549853205681,-16.13581327795482,0.03392617776989937,-14.69465066570984,0.8066401481628418,0.9950389862060547,31.31350823698449,2.6267374905917203e-06
1906,0.02751116454601288,-15.6049102554499,0.03667043149471283,-14.356839797283936,0.781186580657959,0.9954388737678528,31.490112439991208,2.5923714060624685e-06
1907,0.04478304833173752,-13.488863478041399,0.04851114749908447,-13.14158452294973,0.797837495803833,0.9932190775871277,31.4454538889986,2.5583702689036928e-06
1908,0.05647088959813118,-12.481753706666865,0.062128640711307526,-12.067081480382921,0.8001725077629089,0.9927489161491394,30.00838624802418,2.5247341630098435e-06
1909,0.05810006707906723,-12.358233661899407,0.05491047352552414,-12.603448110881146,0.8061507344245911,0.993425190448761,31.304229447006946,2.4914631713746555e-06
1910,0.04619302973151207,-13.354235520864231,0.07278096675872803,-11.379821799173202,0.7950029969215393,0.9930795431137085,31.056626570993103,2.458557376091001e-06
1911,0.03869011253118515,-14.124000071090478,0.05078130587935448,-12.942961351019237,0.8207590579986572,0.9919118285179138,32.052438967017224,2.426016858350655e-06
1912,0.050386134535074234,-12.976889580571203,0.04213720187544823,-13.7533430712292,0.8074929118156433,0.9938072562217712,31.042593628983013,2.3938416984441126e-06
1913,0.043879952281713486,-13.577338533709247,0.040974780917167664,-13.87483359814455,0.7892123460769653,0.9928100109100342,32.236153630015906,2.3620319757603756e-06
1914,0.049835238605737686,-13.024634580342937,0.053201351314783096,-12.740773364730984,0.8046103715896606,0.9914464354515076,32.05891406300361,2.330587768786785e-06
1915,0.05873725563287735,-12.310863487717905,0.05807266756892204,-12.360282241769616,0.8087098598480225,0.9914276599884033,31.96871380499215,2.2995091551087713e-06
1916,0.050465792417526245,-12.97002903025197,0.052226267755031586,-12.82111009025655,0.798970103263855,0.9898567199707031,32.23555636202218,2.2687962114097557e-06
1917,0.0693625956773758,-11.588746631139898,0.06570493429899216,-11.824020146290843,0.8087835907936096,0.988663375377655,30.885964679007884,2.2384490134708684e-06
1918,0.05566328018903732,-12.544312046412557,0.05147075280547142,-12.884394797524422,0.815447211265564,0.9903386831283569,30.814965191006195,2.208467636170782e-06
1919,0.05274026468396187,-12.778576949648459,0.05958661064505577,-12.24851317034993,0.7926157116889954,0.9897809624671936,32.59522278199438,2.1788521534855794e-06
1920,0.06548840552568436,-11.838355833899858,0.048339102417230606,-13.15701418024947,0.7979562282562256,0.9919955134391785,30.92465158502455,2.1496026384885197e-06
1921,0.0586327388882637,-12.318598183052016,0.04825310781598091,-13.16474710003098,0.7880012392997742,0.9909331798553467,31.568426280020503,2.1207191633498577e-06
1922,0.05958671495318413,-12.248505567902935,0.4057464003562927,-3.917453243961215,0.8071649670600891,0.9904126524925232,30.50869490200421,2.092201799336727e-06
1923,0.04965970292687416,-13.039958827913392,0.062138624489307404,-12.066383645809005,0.8019835352897644,0.9883086085319519,32.793487106013345,2.0640506168128732e-06
1924,0.04266669601202011,-13.699109863619118,0.040913768112659454,-13.8813052060897,0.7858547568321228,0.9918534159660339,31.187224155990407,2.036265685238524e-06
1925,0.042304713279008865,-13.736112440323538,0.052233949303627014,-12.820471367828556,0.7665276527404785,0.9917232990264893,31.146276617015246,2.008847073170269e-06
1926,0.04006711021065712,-13.972119793638665,0.039443086832761765,-14.040291043188047,0.7983869314193726,0.9916995763778687,31.419741197983967,1.9817948482607813e-06
1927,0.03685666620731354,-14.334839505280208,0.03842449188232422,-14.153918668009567,0.7881788611412048,0.9911451935768127,31.36177972398582,1.9551090772587494e-06
1928,0.03782530128955841,-14.22217603997285,0.03525136038661003,-14.52824118461741,0.7993384599685669,0.9899629354476929,30.965532588015776,1.928789826008661e-06
1929,0.04395398125052452,-13.570017814034118,0.04426651820540428,-13.539246362143398,0.8158396482467651,0.9880045652389526,31.580212681990815,1.902837159450638e-06
1930,0.06172211840748787,-12.09559176624957,0.05893870070576668,-12.295994423256126,0.8028385639190674,0.9879379272460938,31.515138533024583,1.8772511416203203e-06
1931,0.04308484494686127,-13.656754656384365,0.05739317089319229,-12.411397804140766,0.805217444896698,0.9887489676475525,32.245030288002454,1.852031835648665e-06
1932,0.03679262846708298,-14.342391850308502,0.04662555828690529,-13.313759549708168,0.7971093058586121,0.9889203310012817,31.792469309002627,1.8271793037617997e-06
1933,0.041563358157873154,-13.812893703798114,0.03986583650112152,-13.993991187035972,0.8037190437316895,0.9901877641677856,31.57815200299956,1.8026936072808707e-06
1934,0.058160990476608276,-12.353682060813275,0.05661565810441971,-12.47063440042652,0.8134588003158569,0.9871079325675964,31.49290134300827,1.778574806621895e-06
1935,0.05171218514442444,-12.864071103317912,0.05334923043847084,-12.728718408749717,0.793978750705719,0.989039957523346,31.897669088997645,1.7548229612956275e-06
1936,0.03697159141302109,-14.321318551490268,0.043002981692552567,-13.665014307422219,0.7926837205886841,0.9899446368217468,31.518897868023487,1.731438129907394e-06
1937,0.03920198976993561,-14.066918889844784,0.03516841307282448,-14.538472281809371,0.8015778660774231,0.9905126094818115,30.40167070098687,1.7084203701569093e-06
1938,0.049495525658130646,-13.054340590336595,0.04532002657651901,-13.437098441205013,0.7741378545761108,0.9916285872459412,30.940303960989695,1.6857697388382278e-06
1939,0.044379495084285736,-13.52817643134241,0.03846341371536255,-14.149521737536265,0.7943761348724365,0.9884435534477234,31.184041333995992,1.6634862918395437e-06
1940,0.043345388025045395,-13.63057104909643,0.05089474841952324,-12.93327028068993,0.787094235420227,0.9884178042411804,32.03229430000647,1.6415700841430249e-06
1941,0.06387754529714584,-11.946517813869233,0.06512860208749771,-11.862282433638722,0.8001996278762817,0.9869553446769714,31.052079343993682,1.6200211698247477e-06
1942,0.07568240910768509,-11.210050520032532,0.0685112252831459,-11.642382653023237,0.7710778117179871,0.98879474401474,31.856706852995558,1.5988396020545126e-06
1943,0.03576309233903885,-14.46564935956905,0.04059626907110214,-13.915138776507003,0.7657060623168945,0.9930028915405273,31.689220236992696,1.578025433095713e-06
1944,0.033674124628305435,-14.727036850958019,0.05349716916680336,-12.71669198302682,0.7659102082252502,0.99106764793396,31.409298696002224,1.5575787143052846e-06
1945,0.0597396157681942,-12.2373757500031,0.052448343485593796,-12.802682238859102,0.7800283432006836,0.9904055595397949,32.48504760800279,1.5374994961334398e-06
1946,0.028311604633927345,-15.480355151511398,0.04222230613231659,-13.744580497204058,0.7775365114212036,0.9921033382415771,32.17287615200621,1.5177878281236516e-06
1947,0.04129313677549362,-13.841221252875942,0.04212341830134392,-13.754763931938534,0.7783165574073792,0.9938123226165771,32.397906158992555,1.4984437589125368e-06
1948,0.05782550945878029,-12.378805322781098,0.05235298350453377,-12.810585635922271,0.7721192836761475,0.9917771816253662,30.925301163020777,1.4794673362296244e-06
1949,0.04961531609296799,-13.043842374551627,0.04819080978631973,-13.170357758525654,0.7812650799751282,0.9916383624076843,31.17248543901951,1.4608586068973713e-06
1950,0.0495714507997036,-13.047683704731089,0.056355856359004974,-12.490609464736242,0.7600317597389221,0.9923222661018372,31.15666685200995,1.4426176168309642e-06
1951,0.03031674027442932,-15.183174968559282,0.03640821948647499,-14.388005593432393,0.7602059841156006,0.9950194358825684,30.85591626900714,1.4247444110382187e-06
1952,0.04620836675167084,-13.352793814669663,0.0626075491309166,-12.033732970025849,0.8091918230056763,0.9885756969451904,31.092629234015476,1.407239033619514e-06
1953,0.0266032125800848,-15.750659151737281,0.03739209473133087,-14.272202046716698,0.7914600968360901,0.991921603679657,30.61211627101875,1.3901015277676098e-06
1954,0.049483224749565125,-13.055420057741022,0.05063385143876076,-12.955590369540861,0.7712897062301636,0.9931488633155823,31.087478135013953,1.3733319357676301e-06
1955,0.04527875408530235,-13.44105531927741,0.061219874769449234,-12.131075631176207,0.7791159152984619,0.9914715886116028,30.992191369005013,1.3569302989968302e-06
1956,0.04181675240397453,-13.78649698619392,0.036154262721538544,-14.418404904099521,0.7827620506286621,0.9929744005203247,31.408340475987643,1.3408966579246635e-06
1957,0.06824493408203125,-11.659295813779247,0.05926286801695824,-12.272173347285069,0.7815412878990173,0.9909791350364685,31.59318259099382,1.3252310521124995e-06
1958,0.05766769126057625,-12.390674353140625,0.0543128103017807,-12.650977249662843,0.7665122151374817,0.9932101964950562,31.11699768700055,1.3099335202137068e-06
1959,0.05099363997578621,-12.924839865535924,0.05313350632786751,-12.746315236529771,0.7915592193603516,0.9906485080718994,31.510298086999683,1.295004099973403e-06
1960,0.05399632826447487,-12.676357710707112,0.05981006473302841,-12.232257275391367,0.788150429725647,0.9907233119010925,31.816904086997965,1.2804428282284568e-06
1961,0.06948612630367279,-11.581018985867344,0.07612568885087967,-11.184687644645967,0.7826842069625854,0.9897993803024292,32.212099783006124,1.2662497409073365e-06
1962,0.09657718241214752,-10.151254690565255,0.07012102007865906,-11.541517746697336,0.7969112992286682,0.9882859587669373,31.14990080698044,1.2524248730301112e-06
1963,0.023492546752095222,-16.290699001716213,0.02902095578610897,-15.372882884443957,0.7882800698280334,0.9915380477905273,31.91187172199716,1.2389682587082351e-06
1964,0.032882824540138245,-14.830308848684695,0.0615336038172245,-12.108876489858229,0.7854483127593994,0.9914430379867554,31.02194593998138,1.22587993114458e-06
1965,0.04945211112499237,-13.058151635046482,0.06052383780479431,-12.180735412398258,0.7880313992500305,0.9904661178588867,31.002368649002165,1.2131599226332863e-06
1966,0.045520417392253876,-13.417937643907562,0.04120398312807083,-13.850607993221473,0.8031193017959595,0.9913179278373718,31.601689102011733,1.2008082645597299e-06
1967,0.07611233741044998,-11.185449406613232,0.07500810921192169,-11.248917819943609,0.8132239580154419,0.9874711036682129,31.083765195013257,1.1888249874003894e-06
1968,0.04535418748855591,-13.433826089423647,0.058189623057842255,-12.351544560733881,0.8172698020935059,0.9884710907936096,31.504707966989372,1.1772101207227959e-06
1969,0.025079140439629555,-16.00687352541825,0.029914692044258118,-15.241154636136272,0.7921909689903259,0.99248206615448,32.743608669989044,1.1659636931855e-06
1970,0.043016865849494934,-13.663612348927645,0.04965741187334061,-13.040159194569135,0.8129395246505737,0.9891654849052429,32.19172728000558,1.1550857325379067e-06
1971,0.05807420611381531,-12.360167183733846,0.06789933145046234,-11.681345018368797,0.8068749308586121,0.9894036054611206,31.166231516981497,1.1445762656203568e-06
1972,0.027035420760512352,-15.680668669620008,0.03929203376173973,-14.056954914458593,0.7925804257392883,0.9924367070198059,31.922375915019074,1.134435318363879e-06
1973,0.025689423084259033,-15.90245648699861,0.03512538969516754,-14.543788488105262,0.7954302430152893,0.9930760860443115,31.572362716979114,1.1246629157902566e-06
1974,0.03224251791834831,-14.915710501244037,0.03753304481506348,-14.255862026219148,0.8088846802711487,0.9925631284713745,30.297856477001915,1.1152590820119264e-06
1975,0.027140798047184944,-15.663773864910413,0.02364950068295002,-16.26178024164834,0.7923171520233154,0.995519757270813,30.833925819024444,1.106223840231914e-06
1976,0.035488881170749664,-14.499076920751893,0.03591470792889595,-14.44727661040519,0.795867919921875,0.993057906627655,31.09639325097669,1.0975572127437662e-06
1977,0.05237207189202309,-12.809002446223246,0.06192988157272339,-12.080997504752926,0.8104518055915833,0.9910757541656494,32.586912167986156,1.0892592209315518e-06
1978,0.044898051768541336,-13.477725036313014,0.03505534678697586,-14.552457322360354,0.8020235896110535,0.9937065839767456,32.14506687998073,1.0813298852697283e-06
1979,0.034739647060632706,-14.591745980928346,0.03824711963534355,-14.174012656905955,0.8044713139533997,0.9924736618995667,30.867888260021573,1.0737692253231258e-06
1980,0.06934094429016113,-11.590102483783792,0.057424720376729965,-12.40901110868758,0.7965849041938782,0.9937092661857605,31.587512673984747,1.0665772597469626e-06
1981,0.05816814675927162,-12.353147726226199,0.0558289960026741,-12.531401821797484,0.8014645576477051,0.991119384765625,33.095753039990086,1.0597540062866476e-06
1982,0.03891897201538086,-14.098386394599379,0.043904099613428116,-13.574949249333734,0.79527348279953,0.9940003156661987,31.36207935202401,1.0532994817779117e-06
1983,0.05040986090898514,-12.974845008580065,0.04002934321761131,-13.976215355224973,0.7953230738639832,0.994003176689148,31.499448788003065,1.047213702146659e-06
1984,0.05965377390384674,-12.24362076147787,0.03870735689997673,-14.122064830987963,0.8072850704193115,0.9929736256599426,32.173484860977624,1.0414966824089167e-06
1985,0.03713028132915497,-14.302717601821087,0.030714726075530052,-15.126533535002679,0.8083105087280273,0.9937937259674072,32.19916885200655,1.0361484366708855e-06
1986,0.04358496144413948,-13.606633338510951,0.06500351428985596,-11.870631634206942,0.7950499653816223,0.9909910559654236,31.633438759017736,1.0311689781288228e-06
1987,0.057046037167310715,-12.437745194440453,0.06042885407805443,-12.187556412614226,0.7871588468551636,0.9925141930580139,32.16205897499458,1.0265583190690596e-06
1988,0.03626994788646698,-14.40453068411895,0.03876696527004242,-14.115381948046306,0.7936285138130188,0.9927284121513367,31.276049034000607,1.0223164708679176e-06
1989,0.036651186645030975,-14.359119597546297,0.05609103664755821,-12.511065334868608,0.7960476279258728,0.9919283390045166,31.552684701018734,1.018443443991742e-06
1990,0.05103478580713272,-12.921337036135515,0.04347996413707733,-13.617108227881706,0.8056202530860901,0.9921998977661133,32.515354725997895,1.014939247996852e-06
1991,0.04303598776459694,-13.661682246205903,0.042562082409858704,-13.70977131713464,0.7942665219306946,0.9912449717521667,33.308340085990494,1.0118038915294911e-06
1992,0.029688797891139984,-15.274073867548976,0.03191990405321121,-14.959384227345055,0.7872685790061951,0.9915446639060974,37.11363268198329,1.0090373823258435e-06
1993,0.04556296393275261,-13.413880322179406,0.058204859495162964,-12.350407547957193,0.7966679930686951,0.9913737773895264,33.54786040799809,1.0066397272120005e-06
1994,0.034736618399620056,-14.592124622686775,0.030633773654699326,-15.137995008460825,0.8036426305770874,0.9931356310844421,31.937217108003097,1.0046109321039453e-06
1995,0.05367392301559448,-12.70236661053663,0.05799480155110359,-12.36610933306322,0.81216961145401,0.9893920421600342,31.348690008977428,1.0029510020075012e-06
1996,0.04312443733215332,-13.652765583465145,0.053520265966653824,-12.71481737019056,0.807130753993988,0.9894111752510071,32.196013759006746,1.0016599410183998e-06
1997,0.033613212406635284,-14.73489980114833,0.046805888414382935,-13.296995070660419,0.799629807472229,0.9899291396141052,30.94161295099184,1.000737752322197e-06
1998,0.01930215023458004,-17.143943084310234,0.03065372444689274,-15.135167508715083,0.7945868968963623,0.9946406483650208,32.13320755001041,1.0001844381943232e-06
1999,0.07000280916690826,-11.548845316765725,0.07092361152172089,-11.492091576670852,0.7929839491844177,0.9911190867424011,30.97532823801157,1e-06
